ISO-10303-21;
HEADER;
FILE_DESCRIPTION(('FreeCAD Model'),'2;1');
FILE_NAME('Open CASCADE Shape Model','2025-10-12T20:44:55',('Author'),(
    ''),'Open CASCADE STEP processor 7.8','FreeCAD','Unknown');
FILE_SCHEMA(('AUTOMOTIVE_DESIGN { 1 0 10303 214 1 1 1 1 }'));
ENDSEC;
DATA;
#1 = APPLICATION_PROTOCOL_DEFINITION('international standard',
  'automotive_design',2000,#2);
#2 = APPLICATION_CONTEXT(
  'core data for automotive mechanical design processes');
#3 = SHAPE_DEFINITION_REPRESENTATION(#4,#10);
#4 = PRODUCT_DEFINITION_SHAPE('','',#5);
#5 = PRODUCT_DEFINITION('design','',#6,#9);
#6 = PRODUCT_DEFINITION_FORMATION('','',#7);
#7 = PRODUCT('Body','Body','',(#8));
#8 = PRODUCT_CONTEXT('',#2,'mechanical');
#9 = PRODUCT_DEFINITION_CONTEXT('part definition',#2,'design');
#10 = ADVANCED_BREP_SHAPE_REPRESENTATION('',(#11,#15),#3123);
#11 = AXIS2_PLACEMENT_3D('',#12,#13,#14);
#12 = CARTESIAN_POINT('',(0.,0.,0.));
#13 = DIRECTION('',(0.,0.,1.));
#14 = DIRECTION('',(1.,0.,-0.));
#15 = MANIFOLD_SOLID_BREP('',#16);
#16 = CLOSED_SHELL('',(#17,#57,#88,#135,#175,#206,#253,#293,#324,#355,
    #402,#587,#618,#683,#705,#743,#774,#816,#863,#919,#959,#984,#1009,
    #1034,#1059,#1122,#1185,#1209,#1233,#1257,#1288,#1319,#1341,#1365,
    #1389,#1413,#1437,#1479,#1521,#1563,#1605,#1636,#1667,#1815,#1892,
    #1941,#2089,#2166,#2215,#2276,#2326,#2357,#2374,#2398,#2445,#2476,
    #2507,#2547,#2569,#2591,#2624,#2655,#2686,#2733,#2754,#2778,#2799,
    #2846,#2871,#2896,#2935,#2959,#2991,#3045,#3099));
#17 = ADVANCED_FACE('',(#18),#52,.T.);
#18 = FACE_BOUND('',#19,.T.);
#19 = EDGE_LOOP('',(#20,#30,#38,#46));
#20 = ORIENTED_EDGE('',*,*,#21,.F.);
#21 = EDGE_CURVE('',#22,#24,#26,.T.);
#22 = VERTEX_POINT('',#23);
#23 = CARTESIAN_POINT('',(28.75,82.,0.));
#24 = VERTEX_POINT('',#25);
#25 = CARTESIAN_POINT('',(30.75,82.,0.));
#26 = LINE('',#27,#28);
#27 = CARTESIAN_POINT('',(28.75,82.,0.));
#28 = VECTOR('',#29,1.);
#29 = DIRECTION('',(1.,0.,0.));
#30 = ORIENTED_EDGE('',*,*,#31,.T.);
#31 = EDGE_CURVE('',#22,#32,#34,.T.);
#32 = VERTEX_POINT('',#33);
#33 = CARTESIAN_POINT('',(28.75,80.,0.));
#34 = LINE('',#35,#36);
#35 = CARTESIAN_POINT('',(28.75,82.,0.));
#36 = VECTOR('',#37,1.);
#37 = DIRECTION('',(0.,-1.,0.));
#38 = ORIENTED_EDGE('',*,*,#39,.T.);
#39 = EDGE_CURVE('',#32,#40,#42,.T.);
#40 = VERTEX_POINT('',#41);
#41 = CARTESIAN_POINT('',(30.75,80.000000000035,0.));
#42 = LINE('',#43,#44);
#43 = CARTESIAN_POINT('',(28.75,80.,0.));
#44 = VECTOR('',#45,1.);
#45 = DIRECTION('',(1.,0.,0.));
#46 = ORIENTED_EDGE('',*,*,#47,.F.);
#47 = EDGE_CURVE('',#24,#40,#48,.T.);
#48 = LINE('',#49,#50);
#49 = CARTESIAN_POINT('',(30.75,61.5,0.));
#50 = VECTOR('',#51,1.);
#51 = DIRECTION('',(0.,-1.,0.));
#52 = PLANE('',#53);
#53 = AXIS2_PLACEMENT_3D('',#54,#55,#56);
#54 = CARTESIAN_POINT('',(32.25,41.,0.));
#55 = DIRECTION('',(0.,0.,1.));
#56 = DIRECTION('',(1.,0.,0.));
#57 = ADVANCED_FACE('',(#58),#83,.T.);
#58 = FACE_BOUND('',#59,.T.);
#59 = EDGE_LOOP('',(#60,#61,#69,#77));
#60 = ORIENTED_EDGE('',*,*,#31,.F.);
#61 = ORIENTED_EDGE('',*,*,#62,.T.);
#62 = EDGE_CURVE('',#22,#63,#65,.T.);
#63 = VERTEX_POINT('',#64);
#64 = CARTESIAN_POINT('',(28.75,82.,10.5));
#65 = LINE('',#66,#67);
#66 = CARTESIAN_POINT('',(28.75,82.,0.));
#67 = VECTOR('',#68,1.);
#68 = DIRECTION('',(0.,0.,1.));
#69 = ORIENTED_EDGE('',*,*,#70,.F.);
#70 = EDGE_CURVE('',#71,#63,#73,.T.);
#71 = VERTEX_POINT('',#72);
#72 = CARTESIAN_POINT('',(28.75,80.,10.5));
#73 = LINE('',#74,#75);
#74 = CARTESIAN_POINT('',(28.75,61.5,10.5));
#75 = VECTOR('',#76,1.);
#76 = DIRECTION('',(0.,1.,0.));
#77 = ORIENTED_EDGE('',*,*,#78,.F.);
#78 = EDGE_CURVE('',#32,#71,#79,.T.);
#79 = LINE('',#80,#81);
#80 = CARTESIAN_POINT('',(28.75,80.,0.));
#81 = VECTOR('',#82,1.);
#82 = DIRECTION('',(0.,0.,1.));
#83 = PLANE('',#84);
#84 = AXIS2_PLACEMENT_3D('',#85,#86,#87);
#85 = CARTESIAN_POINT('',(28.75,82.,0.));
#86 = DIRECTION('',(1.,0.,0.));
#87 = DIRECTION('',(0.,-1.,0.));
#88 = ADVANCED_FACE('',(#89),#130,.T.);
#89 = FACE_BOUND('',#90,.T.);
#90 = EDGE_LOOP('',(#91,#92,#100,#108,#116,#124));
#91 = ORIENTED_EDGE('',*,*,#47,.T.);
#92 = ORIENTED_EDGE('',*,*,#93,.T.);
#93 = EDGE_CURVE('',#40,#94,#96,.T.);
#94 = VERTEX_POINT('',#95);
#95 = CARTESIAN_POINT('',(30.75,80.000000000035,-3.));
#96 = LINE('',#97,#98);
#97 = CARTESIAN_POINT('',(30.75,80.000000000035,100.13782002819));
#98 = VECTOR('',#99,1.);
#99 = DIRECTION('',(-0.,-0.,-1.));
#100 = ORIENTED_EDGE('',*,*,#101,.F.);
#101 = EDGE_CURVE('',#102,#94,#104,.T.);
#102 = VERTEX_POINT('',#103);
#103 = CARTESIAN_POINT('',(30.75,84.,-3.));
#104 = LINE('',#105,#106);
#105 = CARTESIAN_POINT('',(30.75,61.5,-3.));
#106 = VECTOR('',#107,1.);
#107 = DIRECTION('',(0.,-1.,0.));
#108 = ORIENTED_EDGE('',*,*,#109,.F.);
#109 = EDGE_CURVE('',#110,#102,#112,.T.);
#110 = VERTEX_POINT('',#111);
#111 = CARTESIAN_POINT('',(30.75,84.,3.));
#112 = LINE('',#113,#114);
#113 = CARTESIAN_POINT('',(30.75,84.,4.));
#114 = VECTOR('',#115,1.);
#115 = DIRECTION('',(0.,0.,-1.));
#116 = ORIENTED_EDGE('',*,*,#117,.T.);
#117 = EDGE_CURVE('',#110,#118,#120,.T.);
#118 = VERTEX_POINT('',#119);
#119 = CARTESIAN_POINT('',(30.75,82.,3.));
#120 = LINE('',#121,#122);
#121 = CARTESIAN_POINT('',(30.75,84.,3.));
#122 = VECTOR('',#123,1.);
#123 = DIRECTION('',(0.,-1.,2.2E-16));
#124 = ORIENTED_EDGE('',*,*,#125,.T.);
#125 = EDGE_CURVE('',#118,#24,#126,.T.);
#126 = LINE('',#127,#128);
#127 = CARTESIAN_POINT('',(30.75,82.,4.));
#128 = VECTOR('',#129,1.);
#129 = DIRECTION('',(0.,-2.2E-16,-1.));
#130 = PLANE('',#131);
#131 = AXIS2_PLACEMENT_3D('',#132,#133,#134);
#132 = CARTESIAN_POINT('',(30.75,82.300000000013,-0.299999999996));
#133 = DIRECTION('',(1.,0.,0.));
#134 = DIRECTION('',(0.,0.,1.));
#135 = ADVANCED_FACE('',(#136),#170,.T.);
#136 = FACE_BOUND('',#137,.T.);
#137 = EDGE_LOOP('',(#138,#148,#156,#164));
#138 = ORIENTED_EDGE('',*,*,#139,.F.);
#139 = EDGE_CURVE('',#140,#142,#144,.T.);
#140 = VERTEX_POINT('',#141);
#141 = CARTESIAN_POINT('',(33.75,0.,0.));
#142 = VERTEX_POINT('',#143);
#143 = CARTESIAN_POINT('',(33.75,2.,0.));
#144 = LINE('',#145,#146);
#145 = CARTESIAN_POINT('',(33.75,20.5,0.));
#146 = VECTOR('',#147,1.);
#147 = DIRECTION('',(0.,1.,0.));
#148 = ORIENTED_EDGE('',*,*,#149,.T.);
#149 = EDGE_CURVE('',#140,#150,#152,.T.);
#150 = VERTEX_POINT('',#151);
#151 = CARTESIAN_POINT('',(35.75,5.E-15,0.));
#152 = LINE('',#153,#154);
#153 = CARTESIAN_POINT('',(28.75,5.33E-15,0.));
#154 = VECTOR('',#155,1.);
#155 = DIRECTION('',(1.,0.,0.));
#156 = ORIENTED_EDGE('',*,*,#157,.T.);
#157 = EDGE_CURVE('',#150,#158,#160,.T.);
#158 = VERTEX_POINT('',#159);
#159 = CARTESIAN_POINT('',(35.75,2.,0.));
#160 = LINE('',#161,#162);
#161 = CARTESIAN_POINT('',(35.75,5.33E-15,0.));
#162 = VECTOR('',#163,1.);
#163 = DIRECTION('',(0.,1.,0.));
#164 = ORIENTED_EDGE('',*,*,#165,.T.);
#165 = EDGE_CURVE('',#158,#142,#166,.T.);
#166 = LINE('',#167,#168);
#167 = CARTESIAN_POINT('',(35.75,2.,0.));
#168 = VECTOR('',#169,1.);
#169 = DIRECTION('',(-1.,0.,0.));
#170 = PLANE('',#171);
#171 = AXIS2_PLACEMENT_3D('',#172,#173,#174);
#172 = CARTESIAN_POINT('',(32.25,41.,0.));
#173 = DIRECTION('',(0.,0.,1.));
#174 = DIRECTION('',(1.,0.,0.));
#175 = ADVANCED_FACE('',(#176),#201,.T.);
#176 = FACE_BOUND('',#177,.T.);
#177 = EDGE_LOOP('',(#178,#179,#187,#195));
#178 = ORIENTED_EDGE('',*,*,#157,.F.);
#179 = ORIENTED_EDGE('',*,*,#180,.T.);
#180 = EDGE_CURVE('',#150,#181,#183,.T.);
#181 = VERTEX_POINT('',#182);
#182 = CARTESIAN_POINT('',(35.75,3.E-15,10.5));
#183 = LINE('',#184,#185);
#184 = CARTESIAN_POINT('',(35.75,5.33E-15,0.));
#185 = VECTOR('',#186,1.);
#186 = DIRECTION('',(0.,0.,1.));
#187 = ORIENTED_EDGE('',*,*,#188,.F.);
#188 = EDGE_CURVE('',#189,#181,#191,.T.);
#189 = VERTEX_POINT('',#190);
#190 = CARTESIAN_POINT('',(35.75,2.,10.5));
#191 = LINE('',#192,#193);
#192 = CARTESIAN_POINT('',(35.75,20.5,10.5));
#193 = VECTOR('',#194,1.);
#194 = DIRECTION('',(0.,-1.,0.));
#195 = ORIENTED_EDGE('',*,*,#196,.F.);
#196 = EDGE_CURVE('',#158,#189,#197,.T.);
#197 = LINE('',#198,#199);
#198 = CARTESIAN_POINT('',(35.75,2.,0.));
#199 = VECTOR('',#200,1.);
#200 = DIRECTION('',(0.,0.,1.));
#201 = PLANE('',#202);
#202 = AXIS2_PLACEMENT_3D('',#203,#204,#205);
#203 = CARTESIAN_POINT('',(35.75,5.33E-15,0.));
#204 = DIRECTION('',(-1.,0.,0.));
#205 = DIRECTION('',(0.,1.,0.));
#206 = ADVANCED_FACE('',(#207),#248,.T.);
#207 = FACE_BOUND('',#208,.T.);
#208 = EDGE_LOOP('',(#209,#210,#218,#226,#234,#242));
#209 = ORIENTED_EDGE('',*,*,#139,.T.);
#210 = ORIENTED_EDGE('',*,*,#211,.T.);
#211 = EDGE_CURVE('',#142,#212,#214,.T.);
#212 = VERTEX_POINT('',#213);
#213 = CARTESIAN_POINT('',(33.75,2.,-3.));
#214 = LINE('',#215,#216);
#215 = CARTESIAN_POINT('',(33.75,2.,100.13782002819));
#216 = VECTOR('',#217,1.);
#217 = DIRECTION('',(-0.,-0.,-1.));
#218 = ORIENTED_EDGE('',*,*,#219,.F.);
#219 = EDGE_CURVE('',#220,#212,#222,.T.);
#220 = VERTEX_POINT('',#221);
#221 = CARTESIAN_POINT('',(33.75,-2.,-3.));
#222 = LINE('',#223,#224);
#223 = CARTESIAN_POINT('',(33.75,20.5,-3.));
#224 = VECTOR('',#225,1.);
#225 = DIRECTION('',(0.,1.,0.));
#226 = ORIENTED_EDGE('',*,*,#227,.T.);
#227 = EDGE_CURVE('',#220,#228,#230,.T.);
#228 = VERTEX_POINT('',#229);
#229 = CARTESIAN_POINT('',(33.75,-2.,3.));
#230 = LINE('',#231,#232);
#231 = CARTESIAN_POINT('',(33.75,-2.,-3.));
#232 = VECTOR('',#233,1.);
#233 = DIRECTION('',(0.,0.,1.));
#234 = ORIENTED_EDGE('',*,*,#235,.F.);
#235 = EDGE_CURVE('',#236,#228,#238,.T.);
#236 = VERTEX_POINT('',#237);
#237 = CARTESIAN_POINT('',(33.75,1.E-15,3.));
#238 = LINE('',#239,#240);
#239 = CARTESIAN_POINT('',(33.75,6.7E-16,3.));
#240 = VECTOR('',#241,1.);
#241 = DIRECTION('',(0.,-1.,2.2E-16));
#242 = ORIENTED_EDGE('',*,*,#243,.F.);
#243 = EDGE_CURVE('',#140,#236,#244,.T.);
#244 = LINE('',#245,#246);
#245 = CARTESIAN_POINT('',(33.75,-6.7E-16,-3.));
#246 = VECTOR('',#247,1.);
#247 = DIRECTION('',(0.,2.2E-16,1.));
#248 = PLANE('',#249);
#249 = AXIS2_PLACEMENT_3D('',#250,#251,#252);
#250 = CARTESIAN_POINT('',(33.75,-0.3,-0.3));
#251 = DIRECTION('',(-1.,-0.,-0.));
#252 = DIRECTION('',(0.,0.,-1.));
#253 = ADVANCED_FACE('',(#254),#288,.F.);
#254 = FACE_BOUND('',#255,.T.);
#255 = EDGE_LOOP('',(#256,#266,#274,#282));
#256 = ORIENTED_EDGE('',*,*,#257,.F.);
#257 = EDGE_CURVE('',#258,#260,#262,.T.);
#258 = VERTEX_POINT('',#259);
#259 = CARTESIAN_POINT('',(12.25,1.E-15,3.));
#260 = VERTEX_POINT('',#261);
#261 = CARTESIAN_POINT('',(11.25,1.E-15,4.));
#262 = LINE('',#263,#264);
#263 = CARTESIAN_POINT('',(13.294251824817,1.06E-15,1.955748175183));
#264 = VECTOR('',#265,1.);
#265 = DIRECTION('',(-0.707106781187,0.,0.707106781187));
#266 = ORIENTED_EDGE('',*,*,#267,.T.);
#267 = EDGE_CURVE('',#258,#268,#270,.T.);
#268 = VERTEX_POINT('',#269);
#269 = CARTESIAN_POINT('',(12.25,-2.,3.));
#270 = LINE('',#271,#272);
#271 = CARTESIAN_POINT('',(12.25,6.7E-16,3.));
#272 = VECTOR('',#273,1.);
#273 = DIRECTION('',(0.,-1.,2.2E-16));
#274 = ORIENTED_EDGE('',*,*,#275,.T.);
#275 = EDGE_CURVE('',#268,#276,#278,.T.);
#276 = VERTEX_POINT('',#277);
#277 = CARTESIAN_POINT('',(11.25,-2.,4.));
#278 = LINE('',#279,#280);
#279 = CARTESIAN_POINT('',(13.9375,-2.,1.3125));
#280 = VECTOR('',#281,1.);
#281 = DIRECTION('',(-0.707106781187,0.,0.707106781187));
#282 = ORIENTED_EDGE('',*,*,#283,.F.);
#283 = EDGE_CURVE('',#260,#276,#284,.T.);
#284 = LINE('',#285,#286);
#285 = CARTESIAN_POINT('',(11.25,8.9E-16,4.));
#286 = VECTOR('',#287,1.);
#287 = DIRECTION('',(0.,-1.,2.2E-16));
#288 = PLANE('',#289);
#289 = AXIS2_PLACEMENT_3D('',#290,#291,#292);
#290 = CARTESIAN_POINT('',(11.75,7.8E-16,3.5));
#291 = DIRECTION('',(0.707106781187,1.1E-16,0.707106781187));
#292 = DIRECTION('',(3.221825406948E-17,1.,-1.877817459305E-16));
#293 = ADVANCED_FACE('',(#294),#319,.T.);
#294 = FACE_BOUND('',#295,.T.);
#295 = EDGE_LOOP('',(#296,#304,#305,#313));
#296 = ORIENTED_EDGE('',*,*,#297,.F.);
#297 = EDGE_CURVE('',#260,#298,#300,.T.);
#298 = VERTEX_POINT('',#299);
#299 = CARTESIAN_POINT('',(10.25,1.E-15,4.));
#300 = LINE('',#301,#302);
#301 = CARTESIAN_POINT('',(12.25,0.,4.));
#302 = VECTOR('',#303,1.);
#303 = DIRECTION('',(-1.,0.,0.));
#304 = ORIENTED_EDGE('',*,*,#283,.T.);
#305 = ORIENTED_EDGE('',*,*,#306,.T.);
#306 = EDGE_CURVE('',#276,#307,#309,.T.);
#307 = VERTEX_POINT('',#308);
#308 = CARTESIAN_POINT('',(10.25,-2.,4.));
#309 = LINE('',#310,#311);
#310 = CARTESIAN_POINT('',(12.25,-2.,4.));
#311 = VECTOR('',#312,1.);
#312 = DIRECTION('',(-1.,0.,0.));
#313 = ORIENTED_EDGE('',*,*,#314,.F.);
#314 = EDGE_CURVE('',#298,#307,#315,.T.);
#315 = LINE('',#316,#317);
#316 = CARTESIAN_POINT('',(10.25,8.9E-16,4.));
#317 = VECTOR('',#318,1.);
#318 = DIRECTION('',(0.,-1.,2.2E-16));
#319 = PLANE('',#320);
#320 = AXIS2_PLACEMENT_3D('',#321,#322,#323);
#321 = CARTESIAN_POINT('',(12.25,8.9E-16,4.));
#322 = DIRECTION('',(-0.,-2.2E-16,-1.));
#323 = DIRECTION('',(-1.,0.,0.));
#324 = ADVANCED_FACE('',(#325),#350,.F.);
#325 = FACE_BOUND('',#326,.F.);
#326 = EDGE_LOOP('',(#327,#335,#343,#349));
#327 = ORIENTED_EDGE('',*,*,#328,.F.);
#328 = EDGE_CURVE('',#329,#298,#331,.T.);
#329 = VERTEX_POINT('',#330);
#330 = CARTESIAN_POINT('',(9.25,1.E-15,3.));
#331 = LINE('',#332,#333);
#332 = CARTESIAN_POINT('',(13.345346715328,1.06E-15,7.095346715328));
#333 = VECTOR('',#334,1.);
#334 = DIRECTION('',(0.707106781187,0.,0.707106781187));
#335 = ORIENTED_EDGE('',*,*,#336,.T.);
#336 = EDGE_CURVE('',#329,#337,#339,.T.);
#337 = VERTEX_POINT('',#338);
#338 = CARTESIAN_POINT('',(9.25,-2.,3.));
#339 = LINE('',#340,#341);
#340 = CARTESIAN_POINT('',(9.25,6.7E-16,3.));
#341 = VECTOR('',#342,1.);
#342 = DIRECTION('',(0.,-1.,2.2E-16));
#343 = ORIENTED_EDGE('',*,*,#344,.T.);
#344 = EDGE_CURVE('',#337,#307,#345,.T.);
#345 = LINE('',#346,#347);
#346 = CARTESIAN_POINT('',(12.9375,-2.,6.6875));
#347 = VECTOR('',#348,1.);
#348 = DIRECTION('',(0.707106781187,0.,0.707106781187));
#349 = ORIENTED_EDGE('',*,*,#314,.F.);
#350 = PLANE('',#351);
#351 = AXIS2_PLACEMENT_3D('',#352,#353,#354);
#352 = CARTESIAN_POINT('',(9.75,7.8E-16,3.5));
#353 = DIRECTION('',(-0.707106781187,1.7E-16,0.707106781187));
#354 = DIRECTION('',(-1.020815280171E-17,-1.,2.302081528017E-16));
#355 = ADVANCED_FACE('',(#356),#397,.T.);
#356 = FACE_BOUND('',#357,.T.);
#357 = EDGE_LOOP('',(#358,#366,#367,#375,#383,#391));
#358 = ORIENTED_EDGE('',*,*,#359,.F.);
#359 = EDGE_CURVE('',#329,#360,#362,.T.);
#360 = VERTEX_POINT('',#361);
#361 = CARTESIAN_POINT('',(9.25,3.E-15,0.));
#362 = LINE('',#363,#364);
#363 = CARTESIAN_POINT('',(9.25,0.,4.));
#364 = VECTOR('',#365,1.);
#365 = DIRECTION('',(0.,0.,-1.));
#366 = ORIENTED_EDGE('',*,*,#336,.T.);
#367 = ORIENTED_EDGE('',*,*,#368,.T.);
#368 = EDGE_CURVE('',#337,#369,#371,.T.);
#369 = VERTEX_POINT('',#370);
#370 = CARTESIAN_POINT('',(9.25,-2.,-3.));
#371 = LINE('',#372,#373);
#372 = CARTESIAN_POINT('',(9.25,-2.,4.));
#373 = VECTOR('',#374,1.);
#374 = DIRECTION('',(0.,0.,-1.));
#375 = ORIENTED_EDGE('',*,*,#376,.F.);
#376 = EDGE_CURVE('',#377,#369,#379,.T.);
#377 = VERTEX_POINT('',#378);
#378 = CARTESIAN_POINT('',(9.25,2.,-3.));
#379 = LINE('',#380,#381);
#380 = CARTESIAN_POINT('',(9.25,21.5,-3.));
#381 = VECTOR('',#382,1.);
#382 = DIRECTION('',(0.,-1.,0.));
#383 = ORIENTED_EDGE('',*,*,#384,.F.);
#384 = EDGE_CURVE('',#385,#377,#387,.T.);
#385 = VERTEX_POINT('',#386);
#386 = CARTESIAN_POINT('',(9.25,2.,0.));
#387 = LINE('',#388,#389);
#388 = CARTESIAN_POINT('',(9.25,2.,100.13782002819));
#389 = VECTOR('',#390,1.);
#390 = DIRECTION('',(-0.,-0.,-1.));
#391 = ORIENTED_EDGE('',*,*,#392,.T.);
#392 = EDGE_CURVE('',#385,#360,#393,.T.);
#393 = LINE('',#394,#395);
#394 = CARTESIAN_POINT('',(9.25,21.5,0.));
#395 = VECTOR('',#396,1.);
#396 = DIRECTION('',(0.,-1.,0.));
#397 = PLANE('',#398);
#398 = AXIS2_PLACEMENT_3D('',#399,#400,#401);
#399 = CARTESIAN_POINT('',(9.25,-0.363636363636,0.136363636364));
#400 = DIRECTION('',(1.,0.,0.));
#401 = DIRECTION('',(0.,0.,1.));
#402 = ADVANCED_FACE('',(#403,#538,#549,#560,#571),#582,.F.);
#403 = FACE_BOUND('',#404,.F.);
#404 = EDGE_LOOP('',(#405,#406,#414,#422,#430,#438,#444,#445,#453,#461,
    #469,#477,#485,#493,#499,#500,#508,#516,#524,#532));
#405 = ORIENTED_EDGE('',*,*,#219,.F.);
#406 = ORIENTED_EDGE('',*,*,#407,.T.);
#407 = EDGE_CURVE('',#220,#408,#410,.T.);
#408 = VERTEX_POINT('',#409);
#409 = CARTESIAN_POINT('',(45.,-2.,-3.));
#410 = LINE('',#411,#412);
#411 = CARTESIAN_POINT('',(-2.,-2.,-3.));
#412 = VECTOR('',#413,1.);
#413 = DIRECTION('',(1.,0.,0.));
#414 = ORIENTED_EDGE('',*,*,#415,.T.);
#415 = EDGE_CURVE('',#408,#416,#418,.T.);
#416 = VERTEX_POINT('',#417);
#417 = CARTESIAN_POINT('',(45.,84.,-3.));
#418 = LINE('',#419,#420);
#419 = CARTESIAN_POINT('',(45.,-2.,-3.));
#420 = VECTOR('',#421,1.);
#421 = DIRECTION('',(0.,1.,0.));
#422 = ORIENTED_EDGE('',*,*,#423,.T.);
#423 = EDGE_CURVE('',#416,#424,#426,.T.);
#424 = VERTEX_POINT('',#425);
#425 = CARTESIAN_POINT('',(33.75,84.,-3.));
#426 = LINE('',#427,#428);
#427 = CARTESIAN_POINT('',(45.,84.,-3.));
#428 = VECTOR('',#429,1.);
#429 = DIRECTION('',(-1.,0.,0.));
#430 = ORIENTED_EDGE('',*,*,#431,.F.);
#431 = EDGE_CURVE('',#432,#424,#434,.T.);
#432 = VERTEX_POINT('',#433);
#433 = CARTESIAN_POINT('',(33.75,80.000000000035,-3.));
#434 = LINE('',#435,#436);
#435 = CARTESIAN_POINT('',(33.75,60.500000000018,-3.));
#436 = VECTOR('',#437,1.);
#437 = DIRECTION('',(0.,1.,0.));
#438 = ORIENTED_EDGE('',*,*,#439,.F.);
#439 = EDGE_CURVE('',#94,#432,#440,.T.);
#440 = LINE('',#441,#442);
#441 = CARTESIAN_POINT('',(26.125,80.000000000035,-3.));
#442 = VECTOR('',#443,1.);
#443 = DIRECTION('',(1.,0.,0.));
#444 = ORIENTED_EDGE('',*,*,#101,.F.);
#445 = ORIENTED_EDGE('',*,*,#446,.T.);
#446 = EDGE_CURVE('',#102,#447,#449,.T.);
#447 = VERTEX_POINT('',#448);
#448 = CARTESIAN_POINT('',(12.25,84.,-3.));
#449 = LINE('',#450,#451);
#450 = CARTESIAN_POINT('',(45.,84.,-3.));
#451 = VECTOR('',#452,1.);
#452 = DIRECTION('',(-1.,0.,0.));
#453 = ORIENTED_EDGE('',*,*,#454,.F.);
#454 = EDGE_CURVE('',#455,#447,#457,.T.);
#455 = VERTEX_POINT('',#456);
#456 = CARTESIAN_POINT('',(12.25,80.000000000035,-3.));
#457 = LINE('',#458,#459);
#458 = CARTESIAN_POINT('',(12.25,60.500000000018,-3.));
#459 = VECTOR('',#460,1.);
#460 = DIRECTION('',(0.,1.,0.));
#461 = ORIENTED_EDGE('',*,*,#462,.F.);
#462 = EDGE_CURVE('',#463,#455,#465,.T.);
#463 = VERTEX_POINT('',#464);
#464 = CARTESIAN_POINT('',(9.25,80.000000000035,-3.));
#465 = LINE('',#466,#467);
#466 = CARTESIAN_POINT('',(15.375,80.000000000035,-3.));
#467 = VECTOR('',#468,1.);
#468 = DIRECTION('',(1.,0.,0.));
#469 = ORIENTED_EDGE('',*,*,#470,.F.);
#470 = EDGE_CURVE('',#471,#463,#473,.T.);
#471 = VERTEX_POINT('',#472);
#472 = CARTESIAN_POINT('',(9.25,84.,-3.));
#473 = LINE('',#474,#475);
#474 = CARTESIAN_POINT('',(9.25,84.,-3.));
#475 = VECTOR('',#476,1.);
#476 = DIRECTION('',(0.,-1.,2.2E-16));
#477 = ORIENTED_EDGE('',*,*,#478,.T.);
#478 = EDGE_CURVE('',#471,#479,#481,.T.);
#479 = VERTEX_POINT('',#480);
#480 = CARTESIAN_POINT('',(-2.,84.,-3.));
#481 = LINE('',#482,#483);
#482 = CARTESIAN_POINT('',(45.,84.,-3.));
#483 = VECTOR('',#484,1.);
#484 = DIRECTION('',(-1.,0.,0.));
#485 = ORIENTED_EDGE('',*,*,#486,.T.);
#486 = EDGE_CURVE('',#479,#487,#489,.T.);
#487 = VERTEX_POINT('',#488);
#488 = CARTESIAN_POINT('',(-2.,-2.,-3.));
#489 = LINE('',#490,#491);
#490 = CARTESIAN_POINT('',(-2.,84.,-3.));
#491 = VECTOR('',#492,1.);
#492 = DIRECTION('',(0.,-1.,0.));
#493 = ORIENTED_EDGE('',*,*,#494,.T.);
#494 = EDGE_CURVE('',#487,#369,#495,.T.);
#495 = LINE('',#496,#497);
#496 = CARTESIAN_POINT('',(-2.,-2.,-3.));
#497 = VECTOR('',#498,1.);
#498 = DIRECTION('',(1.,0.,0.));
#499 = ORIENTED_EDGE('',*,*,#376,.F.);
#500 = ORIENTED_EDGE('',*,*,#501,.F.);
#501 = EDGE_CURVE('',#502,#377,#504,.T.);
#502 = VERTEX_POINT('',#503);
#503 = CARTESIAN_POINT('',(12.25,2.,-3.));
#504 = LINE('',#505,#506);
#505 = CARTESIAN_POINT('',(16.875,2.,-3.));
#506 = VECTOR('',#507,1.);
#507 = DIRECTION('',(-1.,0.,0.));
#508 = ORIENTED_EDGE('',*,*,#509,.T.);
#509 = EDGE_CURVE('',#502,#510,#512,.T.);
#510 = VERTEX_POINT('',#511);
#511 = CARTESIAN_POINT('',(12.25,-2.,-3.));
#512 = LINE('',#513,#514);
#513 = CARTESIAN_POINT('',(12.25,-6.7E-16,-3.));
#514 = VECTOR('',#515,1.);
#515 = DIRECTION('',(0.,-1.,2.2E-16));
#516 = ORIENTED_EDGE('',*,*,#517,.T.);
#517 = EDGE_CURVE('',#510,#518,#520,.T.);
#518 = VERTEX_POINT('',#519);
#519 = CARTESIAN_POINT('',(30.75,-2.,-3.));
#520 = LINE('',#521,#522);
#521 = CARTESIAN_POINT('',(-2.,-2.,-3.));
#522 = VECTOR('',#523,1.);
#523 = DIRECTION('',(1.,0.,0.));
#524 = ORIENTED_EDGE('',*,*,#525,.F.);
#525 = EDGE_CURVE('',#526,#518,#528,.T.);
#526 = VERTEX_POINT('',#527);
#527 = CARTESIAN_POINT('',(30.75,2.,-3.));
#528 = LINE('',#529,#530);
#529 = CARTESIAN_POINT('',(30.75,21.5,-3.));
#530 = VECTOR('',#531,1.);
#531 = DIRECTION('',(0.,-1.,0.));
#532 = ORIENTED_EDGE('',*,*,#533,.F.);
#533 = EDGE_CURVE('',#212,#526,#534,.T.);
#534 = LINE('',#535,#536);
#535 = CARTESIAN_POINT('',(27.625,2.,-3.));
#536 = VECTOR('',#537,1.);
#537 = DIRECTION('',(-1.,0.,0.));
#538 = FACE_BOUND('',#539,.F.);
#539 = EDGE_LOOP('',(#540));
#540 = ORIENTED_EDGE('',*,*,#541,.F.);
#541 = EDGE_CURVE('',#542,#542,#544,.T.);
#542 = VERTEX_POINT('',#543);
#543 = CARTESIAN_POINT('',(12.375,23.428571428571,-3.));
#544 = CIRCLE('',#545,1.625);
#545 = AXIS2_PLACEMENT_3D('',#546,#547,#548);
#546 = CARTESIAN_POINT('',(10.75,23.428571428571,-3.));
#547 = DIRECTION('',(0.,0.,1.));
#548 = DIRECTION('',(1.,0.,0.));
#549 = FACE_BOUND('',#550,.F.);
#550 = EDGE_LOOP('',(#551));
#551 = ORIENTED_EDGE('',*,*,#552,.F.);
#552 = EDGE_CURVE('',#553,#553,#555,.T.);
#553 = VERTEX_POINT('',#554);
#554 = CARTESIAN_POINT('',(33.875,23.428571428571,-3.));
#555 = CIRCLE('',#556,1.625);
#556 = AXIS2_PLACEMENT_3D('',#557,#558,#559);
#557 = CARTESIAN_POINT('',(32.25,23.428571428571,-3.));
#558 = DIRECTION('',(0.,0.,1.));
#559 = DIRECTION('',(1.,0.,-0.));
#560 = FACE_BOUND('',#561,.F.);
#561 = EDGE_LOOP('',(#562));
#562 = ORIENTED_EDGE('',*,*,#563,.F.);
#563 = EDGE_CURVE('',#564,#564,#566,.T.);
#564 = VERTEX_POINT('',#565);
#565 = CARTESIAN_POINT('',(12.375,58.571428571429,-3.));
#566 = CIRCLE('',#567,1.625);
#567 = AXIS2_PLACEMENT_3D('',#568,#569,#570);
#568 = CARTESIAN_POINT('',(10.75,58.571428571429,-3.));
#569 = DIRECTION('',(0.,0.,1.));
#570 = DIRECTION('',(1.,0.,0.));
#571 = FACE_BOUND('',#572,.F.);
#572 = EDGE_LOOP('',(#573));
#573 = ORIENTED_EDGE('',*,*,#574,.F.);
#574 = EDGE_CURVE('',#575,#575,#577,.T.);
#575 = VERTEX_POINT('',#576);
#576 = CARTESIAN_POINT('',(33.875,58.571428571429,-3.));
#577 = CIRCLE('',#578,1.625);
#578 = AXIS2_PLACEMENT_3D('',#579,#580,#581);
#579 = CARTESIAN_POINT('',(32.25,58.571428571429,-3.));
#580 = DIRECTION('',(0.,0.,1.));
#581 = DIRECTION('',(1.,0.,-0.));
#582 = PLANE('',#583);
#583 = AXIS2_PLACEMENT_3D('',#584,#585,#586);
#584 = CARTESIAN_POINT('',(21.5,41.,-3.));
#585 = DIRECTION('',(0.,0.,1.));
#586 = DIRECTION('',(1.,0.,0.));
#587 = ADVANCED_FACE('',(#588),#613,.T.);
#588 = FACE_BOUND('',#589,.T.);
#589 = EDGE_LOOP('',(#590,#591,#599,#607));
#590 = ORIENTED_EDGE('',*,*,#486,.T.);
#591 = ORIENTED_EDGE('',*,*,#592,.F.);
#592 = EDGE_CURVE('',#593,#487,#595,.T.);
#593 = VERTEX_POINT('',#594);
#594 = CARTESIAN_POINT('',(-2.,-2.,12.));
#595 = LINE('',#596,#597);
#596 = CARTESIAN_POINT('',(-2.,-2.,0.));
#597 = VECTOR('',#598,1.);
#598 = DIRECTION('',(-0.,-0.,-1.));
#599 = ORIENTED_EDGE('',*,*,#600,.F.);
#600 = EDGE_CURVE('',#601,#593,#603,.T.);
#601 = VERTEX_POINT('',#602);
#602 = CARTESIAN_POINT('',(-2.,84.,12.));
#603 = LINE('',#604,#605);
#604 = CARTESIAN_POINT('',(-2.,84.,12.));
#605 = VECTOR('',#606,1.);
#606 = DIRECTION('',(0.,-1.,0.));
#607 = ORIENTED_EDGE('',*,*,#608,.F.);
#608 = EDGE_CURVE('',#479,#601,#609,.T.);
#609 = LINE('',#610,#611);
#610 = CARTESIAN_POINT('',(-2.,84.,0.));
#611 = VECTOR('',#612,1.);
#612 = DIRECTION('',(0.,0.,1.));
#613 = PLANE('',#614);
#614 = AXIS2_PLACEMENT_3D('',#615,#616,#617);
#615 = CARTESIAN_POINT('',(-2.,41.,4.5));
#616 = DIRECTION('',(-1.,-0.,-1.42E-14));
#617 = DIRECTION('',(1.42E-14,0.,-1.));
#618 = ADVANCED_FACE('',(#619,#644),#678,.T.);
#619 = FACE_BOUND('',#620,.T.);
#620 = EDGE_LOOP('',(#621,#622,#630,#638));
#621 = ORIENTED_EDGE('',*,*,#600,.T.);
#622 = ORIENTED_EDGE('',*,*,#623,.T.);
#623 = EDGE_CURVE('',#593,#624,#626,.T.);
#624 = VERTEX_POINT('',#625);
#625 = CARTESIAN_POINT('',(45.,-2.,12.));
#626 = LINE('',#627,#628);
#627 = CARTESIAN_POINT('',(-2.,-2.,12.));
#628 = VECTOR('',#629,1.);
#629 = DIRECTION('',(1.,0.,0.));
#630 = ORIENTED_EDGE('',*,*,#631,.T.);
#631 = EDGE_CURVE('',#624,#632,#634,.T.);
#632 = VERTEX_POINT('',#633);
#633 = CARTESIAN_POINT('',(45.,84.,12.));
#634 = LINE('',#635,#636);
#635 = CARTESIAN_POINT('',(45.,-2.,12.));
#636 = VECTOR('',#637,1.);
#637 = DIRECTION('',(0.,1.,0.));
#638 = ORIENTED_EDGE('',*,*,#639,.T.);
#639 = EDGE_CURVE('',#632,#601,#640,.T.);
#640 = LINE('',#641,#642);
#641 = CARTESIAN_POINT('',(45.,84.,12.));
#642 = VECTOR('',#643,1.);
#643 = DIRECTION('',(-1.,0.,0.));
#644 = FACE_BOUND('',#645,.F.);
#645 = EDGE_LOOP('',(#646,#656,#664,#672));
#646 = ORIENTED_EDGE('',*,*,#647,.T.);
#647 = EDGE_CURVE('',#648,#650,#652,.T.);
#648 = VERTEX_POINT('',#649);
#649 = CARTESIAN_POINT('',(43.,0.,12.));
#650 = VERTEX_POINT('',#651);
#651 = CARTESIAN_POINT('',(43.,82.,12.));
#652 = LINE('',#653,#654);
#653 = CARTESIAN_POINT('',(43.,0.,12.));
#654 = VECTOR('',#655,1.);
#655 = DIRECTION('',(0.,1.,0.));
#656 = ORIENTED_EDGE('',*,*,#657,.T.);
#657 = EDGE_CURVE('',#650,#658,#660,.T.);
#658 = VERTEX_POINT('',#659);
#659 = CARTESIAN_POINT('',(-1.37E-13,82.,12.));
#660 = LINE('',#661,#662);
#661 = CARTESIAN_POINT('',(43.,82.,12.));
#662 = VECTOR('',#663,1.);
#663 = DIRECTION('',(-1.,0.,0.));
#664 = ORIENTED_EDGE('',*,*,#665,.T.);
#665 = EDGE_CURVE('',#658,#666,#668,.T.);
#666 = VERTEX_POINT('',#667);
#667 = CARTESIAN_POINT('',(-1.38E-13,0.,12.));
#668 = LINE('',#669,#670);
#669 = CARTESIAN_POINT('',(-1.3826E-13,82.,12.));
#670 = VECTOR('',#671,1.);
#671 = DIRECTION('',(0.,-1.,0.));
#672 = ORIENTED_EDGE('',*,*,#673,.T.);
#673 = EDGE_CURVE('',#666,#648,#674,.T.);
#674 = LINE('',#675,#676);
#675 = CARTESIAN_POINT('',(-1.3826E-13,-0.,12.));
#676 = VECTOR('',#677,1.);
#677 = DIRECTION('',(1.,0.,0.));
#678 = PLANE('',#679);
#679 = AXIS2_PLACEMENT_3D('',#680,#681,#682);
#680 = CARTESIAN_POINT('',(21.5,41.,12.));
#681 = DIRECTION('',(0.,0.,1.));
#682 = DIRECTION('',(1.,0.,0.));
#683 = ADVANCED_FACE('',(#684),#700,.T.);
#684 = FACE_BOUND('',#685,.T.);
#685 = EDGE_LOOP('',(#686,#692,#693,#699));
#686 = ORIENTED_EDGE('',*,*,#687,.T.);
#687 = EDGE_CURVE('',#624,#408,#688,.T.);
#688 = LINE('',#689,#690);
#689 = CARTESIAN_POINT('',(45.,-2.,0.));
#690 = VECTOR('',#691,1.);
#691 = DIRECTION('',(-0.,-0.,-1.));
#692 = ORIENTED_EDGE('',*,*,#415,.T.);
#693 = ORIENTED_EDGE('',*,*,#694,.T.);
#694 = EDGE_CURVE('',#416,#632,#695,.T.);
#695 = LINE('',#696,#697);
#696 = CARTESIAN_POINT('',(45.,84.,0.));
#697 = VECTOR('',#698,1.);
#698 = DIRECTION('',(0.,0.,1.));
#699 = ORIENTED_EDGE('',*,*,#631,.F.);
#700 = PLANE('',#701);
#701 = AXIS2_PLACEMENT_3D('',#702,#703,#704);
#702 = CARTESIAN_POINT('',(45.,41.,4.5));
#703 = DIRECTION('',(1.,0.,1.431E-14));
#704 = DIRECTION('',(-1.431E-14,0.,1.));
#705 = ADVANCED_FACE('',(#706),#738,.T.);
#706 = FACE_BOUND('',#707,.T.);
#707 = EDGE_LOOP('',(#708,#714,#715,#723,#731,#737));
#708 = ORIENTED_EDGE('',*,*,#709,.T.);
#709 = EDGE_CURVE('',#510,#268,#710,.T.);
#710 = LINE('',#711,#712);
#711 = CARTESIAN_POINT('',(12.25,-2.,-3.));
#712 = VECTOR('',#713,1.);
#713 = DIRECTION('',(0.,0.,1.));
#714 = ORIENTED_EDGE('',*,*,#267,.F.);
#715 = ORIENTED_EDGE('',*,*,#716,.F.);
#716 = EDGE_CURVE('',#717,#258,#719,.T.);
#717 = VERTEX_POINT('',#718);
#718 = CARTESIAN_POINT('',(12.25,3.E-15,0.));
#719 = LINE('',#720,#721);
#720 = CARTESIAN_POINT('',(12.25,0.,-3.));
#721 = VECTOR('',#722,1.);
#722 = DIRECTION('',(0.,0.,1.));
#723 = ORIENTED_EDGE('',*,*,#724,.T.);
#724 = EDGE_CURVE('',#717,#725,#727,.T.);
#725 = VERTEX_POINT('',#726);
#726 = CARTESIAN_POINT('',(12.25,2.,0.));
#727 = LINE('',#728,#729);
#728 = CARTESIAN_POINT('',(12.25,20.5,0.));
#729 = VECTOR('',#730,1.);
#730 = DIRECTION('',(0.,1.,0.));
#731 = ORIENTED_EDGE('',*,*,#732,.T.);
#732 = EDGE_CURVE('',#725,#502,#733,.T.);
#733 = LINE('',#734,#735);
#734 = CARTESIAN_POINT('',(12.25,2.,100.13782002819));
#735 = VECTOR('',#736,1.);
#736 = DIRECTION('',(-0.,-0.,-1.));
#737 = ORIENTED_EDGE('',*,*,#509,.T.);
#738 = PLANE('',#739);
#739 = AXIS2_PLACEMENT_3D('',#740,#741,#742);
#740 = CARTESIAN_POINT('',(12.25,-0.363636363636,0.136363636364));
#741 = DIRECTION('',(-1.,-0.,-0.));
#742 = DIRECTION('',(0.,0.,-1.));
#743 = ADVANCED_FACE('',(#744),#769,.T.);
#744 = FACE_BOUND('',#745,.T.);
#745 = EDGE_LOOP('',(#746,#756,#762,#763));
#746 = ORIENTED_EDGE('',*,*,#747,.T.);
#747 = EDGE_CURVE('',#748,#750,#752,.T.);
#748 = VERTEX_POINT('',#749);
#749 = CARTESIAN_POINT('',(7.25,2.,0.));
#750 = VERTEX_POINT('',#751);
#751 = CARTESIAN_POINT('',(7.25,5.E-15,0.));
#752 = LINE('',#753,#754);
#753 = CARTESIAN_POINT('',(7.25,2.,0.));
#754 = VECTOR('',#755,1.);
#755 = DIRECTION('',(0.,-1.,0.));
#756 = ORIENTED_EDGE('',*,*,#757,.T.);
#757 = EDGE_CURVE('',#750,#360,#758,.T.);
#758 = LINE('',#759,#760);
#759 = CARTESIAN_POINT('',(7.25,5.33E-15,0.));
#760 = VECTOR('',#761,1.);
#761 = DIRECTION('',(1.,0.,0.));
#762 = ORIENTED_EDGE('',*,*,#392,.F.);
#763 = ORIENTED_EDGE('',*,*,#764,.T.);
#764 = EDGE_CURVE('',#385,#748,#765,.T.);
#765 = LINE('',#766,#767);
#766 = CARTESIAN_POINT('',(14.25,2.,0.));
#767 = VECTOR('',#768,1.);
#768 = DIRECTION('',(-1.,0.,0.));
#769 = PLANE('',#770);
#770 = AXIS2_PLACEMENT_3D('',#771,#772,#773);
#771 = CARTESIAN_POINT('',(10.75,41.,0.));
#772 = DIRECTION('',(0.,0.,1.));
#773 = DIRECTION('',(1.,0.,0.));
#774 = ADVANCED_FACE('',(#775),#811,.T.);
#775 = FACE_BOUND('',#776,.T.);
#776 = EDGE_LOOP('',(#777,#778,#779,#780,#788,#796,#804,#810));
#777 = ORIENTED_EDGE('',*,*,#384,.T.);
#778 = ORIENTED_EDGE('',*,*,#501,.F.);
#779 = ORIENTED_EDGE('',*,*,#732,.F.);
#780 = ORIENTED_EDGE('',*,*,#781,.F.);
#781 = EDGE_CURVE('',#782,#725,#784,.T.);
#782 = VERTEX_POINT('',#783);
#783 = CARTESIAN_POINT('',(14.25,2.,0.));
#784 = LINE('',#785,#786);
#785 = CARTESIAN_POINT('',(14.25,2.,0.));
#786 = VECTOR('',#787,1.);
#787 = DIRECTION('',(-1.,0.,0.));
#788 = ORIENTED_EDGE('',*,*,#789,.T.);
#789 = EDGE_CURVE('',#782,#790,#792,.T.);
#790 = VERTEX_POINT('',#791);
#791 = CARTESIAN_POINT('',(14.25,2.,10.5));
#792 = LINE('',#793,#794);
#793 = CARTESIAN_POINT('',(14.25,2.,0.));
#794 = VECTOR('',#795,1.);
#795 = DIRECTION('',(0.,0.,1.));
#796 = ORIENTED_EDGE('',*,*,#797,.F.);
#797 = EDGE_CURVE('',#798,#790,#800,.T.);
#798 = VERTEX_POINT('',#799);
#799 = CARTESIAN_POINT('',(7.25,2.,10.5));
#800 = LINE('',#801,#802);
#801 = CARTESIAN_POINT('',(12.5,2.,10.5));
#802 = VECTOR('',#803,1.);
#803 = DIRECTION('',(1.,0.,0.));
#804 = ORIENTED_EDGE('',*,*,#805,.F.);
#805 = EDGE_CURVE('',#748,#798,#806,.T.);
#806 = LINE('',#807,#808);
#807 = CARTESIAN_POINT('',(7.25,2.,0.));
#808 = VECTOR('',#809,1.);
#809 = DIRECTION('',(0.,0.,1.));
#810 = ORIENTED_EDGE('',*,*,#764,.F.);
#811 = PLANE('',#812);
#812 = AXIS2_PLACEMENT_3D('',#813,#814,#815);
#813 = CARTESIAN_POINT('',(10.75,2.,4.042682926829));
#814 = DIRECTION('',(0.,-1.,5.1E-16));
#815 = DIRECTION('',(0.,-5.1E-16,-1.));
#816 = ADVANCED_FACE('',(#817),#858,.T.);
#817 = FACE_BOUND('',#818,.T.);
#818 = EDGE_LOOP('',(#819,#829,#837,#843,#844,#852));
#819 = ORIENTED_EDGE('',*,*,#820,.T.);
#820 = EDGE_CURVE('',#821,#823,#825,.T.);
#821 = VERTEX_POINT('',#822);
#822 = CARTESIAN_POINT('',(12.25,82.,0.));
#823 = VERTEX_POINT('',#824);
#824 = CARTESIAN_POINT('',(12.25,82.,3.));
#825 = LINE('',#826,#827);
#826 = CARTESIAN_POINT('',(12.25,82.,-3.));
#827 = VECTOR('',#828,1.);
#828 = DIRECTION('',(0.,0.,1.));
#829 = ORIENTED_EDGE('',*,*,#830,.F.);
#830 = EDGE_CURVE('',#831,#823,#833,.T.);
#831 = VERTEX_POINT('',#832);
#832 = CARTESIAN_POINT('',(12.25,84.,3.));
#833 = LINE('',#834,#835);
#834 = CARTESIAN_POINT('',(12.25,84.,3.));
#835 = VECTOR('',#836,1.);
#836 = DIRECTION('',(0.,-1.,2.2E-16));
#837 = ORIENTED_EDGE('',*,*,#838,.F.);
#838 = EDGE_CURVE('',#447,#831,#839,.T.);
#839 = LINE('',#840,#841);
#840 = CARTESIAN_POINT('',(12.25,84.,-3.));
#841 = VECTOR('',#842,1.);
#842 = DIRECTION('',(0.,0.,1.));
#843 = ORIENTED_EDGE('',*,*,#454,.F.);
#844 = ORIENTED_EDGE('',*,*,#845,.F.);
#845 = EDGE_CURVE('',#846,#455,#848,.T.);
#846 = VERTEX_POINT('',#847);
#847 = CARTESIAN_POINT('',(12.25,80.000000000018,0.));
#848 = LINE('',#849,#850);
#849 = CARTESIAN_POINT('',(12.25,80.000000000035,100.13782002819));
#850 = VECTOR('',#851,1.);
#851 = DIRECTION('',(-0.,-0.,-1.));
#852 = ORIENTED_EDGE('',*,*,#853,.T.);
#853 = EDGE_CURVE('',#846,#821,#854,.T.);
#854 = LINE('',#855,#856);
#855 = CARTESIAN_POINT('',(12.25,60.500000000018,0.));
#856 = VECTOR('',#857,1.);
#857 = DIRECTION('',(0.,1.,0.));
#858 = PLANE('',#859);
#859 = AXIS2_PLACEMENT_3D('',#860,#861,#862);
#860 = CARTESIAN_POINT('',(12.25,82.363636363649,0.136363636369));
#861 = DIRECTION('',(-1.,-0.,-0.));
#862 = DIRECTION('',(0.,0.,-1.));
#863 = ADVANCED_FACE('',(#864),#914,.T.);
#864 = FACE_BOUND('',#865,.T.);
#865 = EDGE_LOOP('',(#866,#867,#868,#876,#884,#892,#900,#908));
#866 = ORIENTED_EDGE('',*,*,#845,.T.);
#867 = ORIENTED_EDGE('',*,*,#462,.F.);
#868 = ORIENTED_EDGE('',*,*,#869,.F.);
#869 = EDGE_CURVE('',#870,#463,#872,.T.);
#870 = VERTEX_POINT('',#871);
#871 = CARTESIAN_POINT('',(9.25,80.000000000018,0.));
#872 = LINE('',#873,#874);
#873 = CARTESIAN_POINT('',(9.25,80.000000000035,100.13782002819));
#874 = VECTOR('',#875,1.);
#875 = DIRECTION('',(-0.,-0.,-1.));
#876 = ORIENTED_EDGE('',*,*,#877,.F.);
#877 = EDGE_CURVE('',#878,#870,#880,.T.);
#878 = VERTEX_POINT('',#879);
#879 = CARTESIAN_POINT('',(7.25,80.,0.));
#880 = LINE('',#881,#882);
#881 = CARTESIAN_POINT('',(7.25,80.,0.));
#882 = VECTOR('',#883,1.);
#883 = DIRECTION('',(1.,0.,0.));
#884 = ORIENTED_EDGE('',*,*,#885,.T.);
#885 = EDGE_CURVE('',#878,#886,#888,.T.);
#886 = VERTEX_POINT('',#887);
#887 = CARTESIAN_POINT('',(7.25,80.,10.5));
#888 = LINE('',#889,#890);
#889 = CARTESIAN_POINT('',(7.25,80.,0.));
#890 = VECTOR('',#891,1.);
#891 = DIRECTION('',(0.,0.,1.));
#892 = ORIENTED_EDGE('',*,*,#893,.F.);
#893 = EDGE_CURVE('',#894,#886,#896,.T.);
#894 = VERTEX_POINT('',#895);
#895 = CARTESIAN_POINT('',(14.25,80.,10.5));
#896 = LINE('',#897,#898);
#897 = CARTESIAN_POINT('',(9.,80.,10.5));
#898 = VECTOR('',#899,1.);
#899 = DIRECTION('',(-1.,0.,0.));
#900 = ORIENTED_EDGE('',*,*,#901,.F.);
#901 = EDGE_CURVE('',#902,#894,#904,.T.);
#902 = VERTEX_POINT('',#903);
#903 = CARTESIAN_POINT('',(14.25,80.,0.));
#904 = LINE('',#905,#906);
#905 = CARTESIAN_POINT('',(14.25,80.,0.));
#906 = VECTOR('',#907,1.);
#907 = DIRECTION('',(0.,0.,1.));
#908 = ORIENTED_EDGE('',*,*,#909,.F.);
#909 = EDGE_CURVE('',#846,#902,#910,.T.);
#910 = LINE('',#911,#912);
#911 = CARTESIAN_POINT('',(7.25,80.,0.));
#912 = VECTOR('',#913,1.);
#913 = DIRECTION('',(1.,0.,0.));
#914 = PLANE('',#915);
#915 = AXIS2_PLACEMENT_3D('',#916,#917,#918);
#916 = CARTESIAN_POINT('',(10.75,80.000000000008,4.042682926829));
#917 = DIRECTION('',(0.,1.,1.46413E-12));
#918 = DIRECTION('',(0.,-1.46413E-12,1.));
#919 = ADVANCED_FACE('',(#920),#954,.T.);
#920 = FACE_BOUND('',#921,.T.);
#921 = EDGE_LOOP('',(#922,#932,#938,#939,#940,#948));
#922 = ORIENTED_EDGE('',*,*,#923,.T.);
#923 = EDGE_CURVE('',#924,#926,#928,.T.);
#924 = VERTEX_POINT('',#925);
#925 = CARTESIAN_POINT('',(9.25,82.,3.));
#926 = VERTEX_POINT('',#927);
#927 = CARTESIAN_POINT('',(9.25,82.,0.));
#928 = LINE('',#929,#930);
#929 = CARTESIAN_POINT('',(9.25,82.,4.));
#930 = VECTOR('',#931,1.);
#931 = DIRECTION('',(0.,0.,-1.));
#932 = ORIENTED_EDGE('',*,*,#933,.T.);
#933 = EDGE_CURVE('',#926,#870,#934,.T.);
#934 = LINE('',#935,#936);
#935 = CARTESIAN_POINT('',(9.25,61.5,0.));
#936 = VECTOR('',#937,1.);
#937 = DIRECTION('',(0.,-1.,0.));
#938 = ORIENTED_EDGE('',*,*,#869,.T.);
#939 = ORIENTED_EDGE('',*,*,#470,.F.);
#940 = ORIENTED_EDGE('',*,*,#941,.F.);
#941 = EDGE_CURVE('',#942,#471,#944,.T.);
#942 = VERTEX_POINT('',#943);
#943 = CARTESIAN_POINT('',(9.25,84.,3.));
#944 = LINE('',#945,#946);
#945 = CARTESIAN_POINT('',(9.25,84.,4.));
#946 = VECTOR('',#947,1.);
#947 = DIRECTION('',(0.,0.,-1.));
#948 = ORIENTED_EDGE('',*,*,#949,.T.);
#949 = EDGE_CURVE('',#942,#924,#950,.T.);
#950 = LINE('',#951,#952);
#951 = CARTESIAN_POINT('',(9.25,84.,3.));
#952 = VECTOR('',#953,1.);
#953 = DIRECTION('',(0.,-1.,2.2E-16));
#954 = PLANE('',#955);
#955 = AXIS2_PLACEMENT_3D('',#956,#957,#958);
#956 = CARTESIAN_POINT('',(9.25,82.363636363649,0.136363636369));
#957 = DIRECTION('',(1.,0.,0.));
#958 = DIRECTION('',(0.,0.,1.));
#959 = ADVANCED_FACE('',(#960),#979,.F.);
#960 = FACE_BOUND('',#961,.F.);
#961 = EDGE_LOOP('',(#962,#971,#977,#978));
#962 = ORIENTED_EDGE('',*,*,#963,.F.);
#963 = EDGE_CURVE('',#964,#964,#966,.T.);
#964 = VERTEX_POINT('',#965);
#965 = CARTESIAN_POINT('',(12.375,23.428571428571,-2.5));
#966 = CIRCLE('',#967,1.625);
#967 = AXIS2_PLACEMENT_3D('',#968,#969,#970);
#968 = CARTESIAN_POINT('',(10.75,23.428571428571,-2.5));
#969 = DIRECTION('',(0.,0.,1.));
#970 = DIRECTION('',(1.,0.,0.));
#971 = ORIENTED_EDGE('',*,*,#972,.T.);
#972 = EDGE_CURVE('',#964,#542,#973,.T.);
#973 = LINE('',#974,#975);
#974 = CARTESIAN_POINT('',(12.375,23.428571428571,100.13782002819));
#975 = VECTOR('',#976,1.);
#976 = DIRECTION('',(-0.,-0.,-1.));
#977 = ORIENTED_EDGE('',*,*,#541,.T.);
#978 = ORIENTED_EDGE('',*,*,#972,.F.);
#979 = CYLINDRICAL_SURFACE('',#980,1.625);
#980 = AXIS2_PLACEMENT_3D('',#981,#982,#983);
#981 = CARTESIAN_POINT('',(10.75,23.428571428571,100.13782002819));
#982 = DIRECTION('',(0.,0.,1.));
#983 = DIRECTION('',(1.,0.,0.));
#984 = ADVANCED_FACE('',(#985),#1004,.F.);
#985 = FACE_BOUND('',#986,.F.);
#986 = EDGE_LOOP('',(#987,#996,#1002,#1003));
#987 = ORIENTED_EDGE('',*,*,#988,.F.);
#988 = EDGE_CURVE('',#989,#989,#991,.T.);
#989 = VERTEX_POINT('',#990);
#990 = CARTESIAN_POINT('',(33.875,23.428571428571,-2.5));
#991 = CIRCLE('',#992,1.625);
#992 = AXIS2_PLACEMENT_3D('',#993,#994,#995);
#993 = CARTESIAN_POINT('',(32.25,23.428571428571,-2.5));
#994 = DIRECTION('',(0.,0.,1.));
#995 = DIRECTION('',(1.,0.,0.));
#996 = ORIENTED_EDGE('',*,*,#997,.T.);
#997 = EDGE_CURVE('',#989,#553,#998,.T.);
#998 = LINE('',#999,#1000);
#999 = CARTESIAN_POINT('',(33.875,23.428571428571,100.13782002819));
#1000 = VECTOR('',#1001,1.);
#1001 = DIRECTION('',(-0.,-0.,-1.));
#1002 = ORIENTED_EDGE('',*,*,#552,.T.);
#1003 = ORIENTED_EDGE('',*,*,#997,.F.);
#1004 = CYLINDRICAL_SURFACE('',#1005,1.625);
#1005 = AXIS2_PLACEMENT_3D('',#1006,#1007,#1008);
#1006 = CARTESIAN_POINT('',(32.25,23.428571428571,100.13782002819));
#1007 = DIRECTION('',(0.,0.,1.));
#1008 = DIRECTION('',(1.,0.,0.));
#1009 = ADVANCED_FACE('',(#1010),#1029,.F.);
#1010 = FACE_BOUND('',#1011,.F.);
#1011 = EDGE_LOOP('',(#1012,#1021,#1027,#1028));
#1012 = ORIENTED_EDGE('',*,*,#1013,.F.);
#1013 = EDGE_CURVE('',#1014,#1014,#1016,.T.);
#1014 = VERTEX_POINT('',#1015);
#1015 = CARTESIAN_POINT('',(12.375,58.571428571429,-2.5));
#1016 = CIRCLE('',#1017,1.625);
#1017 = AXIS2_PLACEMENT_3D('',#1018,#1019,#1020);
#1018 = CARTESIAN_POINT('',(10.75,58.571428571429,-2.5));
#1019 = DIRECTION('',(0.,0.,1.));
#1020 = DIRECTION('',(1.,0.,0.));
#1021 = ORIENTED_EDGE('',*,*,#1022,.T.);
#1022 = EDGE_CURVE('',#1014,#564,#1023,.T.);
#1023 = LINE('',#1024,#1025);
#1024 = CARTESIAN_POINT('',(12.375,58.571428571429,100.13782002819));
#1025 = VECTOR('',#1026,1.);
#1026 = DIRECTION('',(-0.,-0.,-1.));
#1027 = ORIENTED_EDGE('',*,*,#563,.T.);
#1028 = ORIENTED_EDGE('',*,*,#1022,.F.);
#1029 = CYLINDRICAL_SURFACE('',#1030,1.625);
#1030 = AXIS2_PLACEMENT_3D('',#1031,#1032,#1033);
#1031 = CARTESIAN_POINT('',(10.75,58.571428571429,100.13782002819));
#1032 = DIRECTION('',(0.,0.,1.));
#1033 = DIRECTION('',(1.,0.,0.));
#1034 = ADVANCED_FACE('',(#1035),#1054,.F.);
#1035 = FACE_BOUND('',#1036,.F.);
#1036 = EDGE_LOOP('',(#1037,#1046,#1052,#1053));
#1037 = ORIENTED_EDGE('',*,*,#1038,.F.);
#1038 = EDGE_CURVE('',#1039,#1039,#1041,.T.);
#1039 = VERTEX_POINT('',#1040);
#1040 = CARTESIAN_POINT('',(33.875,58.571428571429,-2.5));
#1041 = CIRCLE('',#1042,1.625);
#1042 = AXIS2_PLACEMENT_3D('',#1043,#1044,#1045);
#1043 = CARTESIAN_POINT('',(32.25,58.571428571429,-2.5));
#1044 = DIRECTION('',(0.,0.,1.));
#1045 = DIRECTION('',(1.,0.,0.));
#1046 = ORIENTED_EDGE('',*,*,#1047,.T.);
#1047 = EDGE_CURVE('',#1039,#575,#1048,.T.);
#1048 = LINE('',#1049,#1050);
#1049 = CARTESIAN_POINT('',(33.875,58.571428571429,100.13782002819));
#1050 = VECTOR('',#1051,1.);
#1051 = DIRECTION('',(-0.,-0.,-1.));
#1052 = ORIENTED_EDGE('',*,*,#574,.T.);
#1053 = ORIENTED_EDGE('',*,*,#1047,.F.);
#1054 = CYLINDRICAL_SURFACE('',#1055,1.625);
#1055 = AXIS2_PLACEMENT_3D('',#1056,#1057,#1058);
#1056 = CARTESIAN_POINT('',(32.25,58.571428571429,100.13782002819));
#1057 = DIRECTION('',(0.,0.,1.));
#1058 = DIRECTION('',(1.,0.,0.));
#1059 = ADVANCED_FACE('',(#1060),#1117,.T.);
#1060 = FACE_BOUND('',#1061,.T.);
#1061 = EDGE_LOOP('',(#1062,#1072,#1080,#1086,#1087,#1095,#1103,#1111));
#1062 = ORIENTED_EDGE('',*,*,#1063,.T.);
#1063 = EDGE_CURVE('',#1064,#1066,#1068,.T.);
#1064 = VERTEX_POINT('',#1065);
#1065 = CARTESIAN_POINT('',(43.,4.,5.375));
#1066 = VERTEX_POINT('',#1067);
#1067 = CARTESIAN_POINT('',(43.,4.,10.5));
#1068 = LINE('',#1069,#1070);
#1069 = CARTESIAN_POINT('',(43.,4.,0.));
#1070 = VECTOR('',#1071,1.);
#1071 = DIRECTION('',(0.,0.,1.));
#1072 = ORIENTED_EDGE('',*,*,#1073,.T.);
#1073 = EDGE_CURVE('',#1066,#1074,#1076,.T.);
#1074 = VERTEX_POINT('',#1075);
#1075 = CARTESIAN_POINT('',(43.,0.,10.5));
#1076 = LINE('',#1077,#1078);
#1077 = CARTESIAN_POINT('',(43.,4.,10.5));
#1078 = VECTOR('',#1079,1.);
#1079 = DIRECTION('',(0.,-1.,0.));
#1080 = ORIENTED_EDGE('',*,*,#1081,.T.);
#1081 = EDGE_CURVE('',#1074,#648,#1082,.T.);
#1082 = LINE('',#1083,#1084);
#1083 = CARTESIAN_POINT('',(43.,0.,0.));
#1084 = VECTOR('',#1085,1.);
#1085 = DIRECTION('',(0.,0.,1.));
#1086 = ORIENTED_EDGE('',*,*,#647,.T.);
#1087 = ORIENTED_EDGE('',*,*,#1088,.F.);
#1088 = EDGE_CURVE('',#1089,#650,#1091,.T.);
#1089 = VERTEX_POINT('',#1090);
#1090 = CARTESIAN_POINT('',(43.,82.,10.5));
#1091 = LINE('',#1092,#1093);
#1092 = CARTESIAN_POINT('',(43.,82.,0.));
#1093 = VECTOR('',#1094,1.);
#1094 = DIRECTION('',(0.,0.,1.));
#1095 = ORIENTED_EDGE('',*,*,#1096,.F.);
#1096 = EDGE_CURVE('',#1097,#1089,#1099,.T.);
#1097 = VERTEX_POINT('',#1098);
#1098 = CARTESIAN_POINT('',(43.,78.,10.5));
#1099 = LINE('',#1100,#1101);
#1100 = CARTESIAN_POINT('',(43.,78.,10.5));
#1101 = VECTOR('',#1102,1.);
#1102 = DIRECTION('',(0.,1.,0.));
#1103 = ORIENTED_EDGE('',*,*,#1104,.F.);
#1104 = EDGE_CURVE('',#1105,#1097,#1107,.T.);
#1105 = VERTEX_POINT('',#1106);
#1106 = CARTESIAN_POINT('',(43.,78.,5.375));
#1107 = LINE('',#1108,#1109);
#1108 = CARTESIAN_POINT('',(43.,78.,0.));
#1109 = VECTOR('',#1110,1.);
#1110 = DIRECTION('',(0.,0.,1.));
#1111 = ORIENTED_EDGE('',*,*,#1112,.F.);
#1112 = EDGE_CURVE('',#1064,#1105,#1113,.T.);
#1113 = LINE('',#1114,#1115);
#1114 = CARTESIAN_POINT('',(43.,1.19E-15,5.375));
#1115 = VECTOR('',#1116,1.);
#1116 = DIRECTION('',(0.,1.,-2.2E-16));
#1117 = PLANE('',#1118);
#1118 = AXIS2_PLACEMENT_3D('',#1119,#1120,#1121);
#1119 = CARTESIAN_POINT('',(43.,0.,0.));
#1120 = DIRECTION('',(-1.,0.,0.));
#1121 = DIRECTION('',(0.,1.,0.));
#1122 = ADVANCED_FACE('',(#1123),#1180,.T.);
#1123 = FACE_BOUND('',#1124,.T.);
#1124 = EDGE_LOOP('',(#1125,#1135,#1143,#1151,#1159,#1165,#1166,#1174));
#1125 = ORIENTED_EDGE('',*,*,#1126,.F.);
#1126 = EDGE_CURVE('',#1127,#1129,#1131,.T.);
#1127 = VERTEX_POINT('',#1128);
#1128 = CARTESIAN_POINT('',(0.,4.,5.375));
#1129 = VERTEX_POINT('',#1130);
#1130 = CARTESIAN_POINT('',(0.,4.,10.5));
#1131 = LINE('',#1132,#1133);
#1132 = CARTESIAN_POINT('',(0.,4.,0.));
#1133 = VECTOR('',#1134,1.);
#1134 = DIRECTION('',(0.,0.,1.));
#1135 = ORIENTED_EDGE('',*,*,#1136,.T.);
#1136 = EDGE_CURVE('',#1127,#1137,#1139,.T.);
#1137 = VERTEX_POINT('',#1138);
#1138 = CARTESIAN_POINT('',(0.,78.,5.375));
#1139 = LINE('',#1140,#1141);
#1140 = CARTESIAN_POINT('',(0.,1.19E-15,5.375));
#1141 = VECTOR('',#1142,1.);
#1142 = DIRECTION('',(0.,1.,-2.2E-16));
#1143 = ORIENTED_EDGE('',*,*,#1144,.T.);
#1144 = EDGE_CURVE('',#1137,#1145,#1147,.T.);
#1145 = VERTEX_POINT('',#1146);
#1146 = CARTESIAN_POINT('',(0.,78.,10.5));
#1147 = LINE('',#1148,#1149);
#1148 = CARTESIAN_POINT('',(0.,78.,0.));
#1149 = VECTOR('',#1150,1.);
#1150 = DIRECTION('',(0.,0.,1.));
#1151 = ORIENTED_EDGE('',*,*,#1152,.F.);
#1152 = EDGE_CURVE('',#1153,#1145,#1155,.T.);
#1153 = VERTEX_POINT('',#1154);
#1154 = CARTESIAN_POINT('',(0.,82.,10.5));
#1155 = LINE('',#1156,#1157);
#1156 = CARTESIAN_POINT('',(0.,82.,10.5));
#1157 = VECTOR('',#1158,1.);
#1158 = DIRECTION('',(0.,-1.,0.));
#1159 = ORIENTED_EDGE('',*,*,#1160,.T.);
#1160 = EDGE_CURVE('',#1153,#658,#1161,.T.);
#1161 = LINE('',#1162,#1163);
#1162 = CARTESIAN_POINT('',(-1.3663E-13,82.,0.));
#1163 = VECTOR('',#1164,1.);
#1164 = DIRECTION('',(0.,0.,1.));
#1165 = ORIENTED_EDGE('',*,*,#665,.T.);
#1166 = ORIENTED_EDGE('',*,*,#1167,.F.);
#1167 = EDGE_CURVE('',#1168,#666,#1170,.T.);
#1168 = VERTEX_POINT('',#1169);
#1169 = CARTESIAN_POINT('',(0.,0.,10.5));
#1170 = LINE('',#1171,#1172);
#1171 = CARTESIAN_POINT('',(-1.3826E-13,0.,0.));
#1172 = VECTOR('',#1173,1.);
#1173 = DIRECTION('',(0.,0.,1.));
#1174 = ORIENTED_EDGE('',*,*,#1175,.F.);
#1175 = EDGE_CURVE('',#1129,#1168,#1176,.T.);
#1176 = LINE('',#1177,#1178);
#1177 = CARTESIAN_POINT('',(0.,4.,10.5));
#1178 = VECTOR('',#1179,1.);
#1179 = DIRECTION('',(0.,-1.,0.));
#1180 = PLANE('',#1181);
#1181 = AXIS2_PLACEMENT_3D('',#1182,#1183,#1184);
#1182 = CARTESIAN_POINT('',(-1.3826E-13,82.,0.));
#1183 = DIRECTION('',(1.,0.,0.));
#1184 = DIRECTION('',(0.,-1.,0.));
#1185 = ADVANCED_FACE('',(#1186),#1204,.T.);
#1186 = FACE_BOUND('',#1187,.T.);
#1187 = EDGE_LOOP('',(#1188,#1189,#1197,#1203));
#1188 = ORIENTED_EDGE('',*,*,#724,.F.);
#1189 = ORIENTED_EDGE('',*,*,#1190,.T.);
#1190 = EDGE_CURVE('',#717,#1191,#1193,.T.);
#1191 = VERTEX_POINT('',#1192);
#1192 = CARTESIAN_POINT('',(14.25,5.E-15,0.));
#1193 = LINE('',#1194,#1195);
#1194 = CARTESIAN_POINT('',(7.25,5.33E-15,0.));
#1195 = VECTOR('',#1196,1.);
#1196 = DIRECTION('',(1.,0.,0.));
#1197 = ORIENTED_EDGE('',*,*,#1198,.T.);
#1198 = EDGE_CURVE('',#1191,#782,#1199,.T.);
#1199 = LINE('',#1200,#1201);
#1200 = CARTESIAN_POINT('',(14.25,5.33E-15,0.));
#1201 = VECTOR('',#1202,1.);
#1202 = DIRECTION('',(0.,1.,0.));
#1203 = ORIENTED_EDGE('',*,*,#781,.T.);
#1204 = PLANE('',#1205);
#1205 = AXIS2_PLACEMENT_3D('',#1206,#1207,#1208);
#1206 = CARTESIAN_POINT('',(10.75,41.,0.));
#1207 = DIRECTION('',(0.,0.,1.));
#1208 = DIRECTION('',(1.,0.,0.));
#1209 = ADVANCED_FACE('',(#1210),#1228,.T.);
#1210 = FACE_BOUND('',#1211,.T.);
#1211 = EDGE_LOOP('',(#1212,#1213,#1221,#1227));
#1212 = ORIENTED_EDGE('',*,*,#1198,.F.);
#1213 = ORIENTED_EDGE('',*,*,#1214,.T.);
#1214 = EDGE_CURVE('',#1191,#1215,#1217,.T.);
#1215 = VERTEX_POINT('',#1216);
#1216 = CARTESIAN_POINT('',(14.25,3.E-15,10.5));
#1217 = LINE('',#1218,#1219);
#1218 = CARTESIAN_POINT('',(14.25,5.33E-15,0.));
#1219 = VECTOR('',#1220,1.);
#1220 = DIRECTION('',(0.,0.,1.));
#1221 = ORIENTED_EDGE('',*,*,#1222,.F.);
#1222 = EDGE_CURVE('',#790,#1215,#1223,.T.);
#1223 = LINE('',#1224,#1225);
#1224 = CARTESIAN_POINT('',(14.25,20.5,10.5));
#1225 = VECTOR('',#1226,1.);
#1226 = DIRECTION('',(0.,-1.,0.));
#1227 = ORIENTED_EDGE('',*,*,#789,.F.);
#1228 = PLANE('',#1229);
#1229 = AXIS2_PLACEMENT_3D('',#1230,#1231,#1232);
#1230 = CARTESIAN_POINT('',(14.25,5.33E-15,0.));
#1231 = DIRECTION('',(-1.,0.,0.));
#1232 = DIRECTION('',(0.,1.,0.));
#1233 = ADVANCED_FACE('',(#1234),#1252,.T.);
#1234 = FACE_BOUND('',#1235,.T.);
#1235 = EDGE_LOOP('',(#1236,#1237,#1238,#1246));
#1236 = ORIENTED_EDGE('',*,*,#747,.F.);
#1237 = ORIENTED_EDGE('',*,*,#805,.T.);
#1238 = ORIENTED_EDGE('',*,*,#1239,.F.);
#1239 = EDGE_CURVE('',#1240,#798,#1242,.T.);
#1240 = VERTEX_POINT('',#1241);
#1241 = CARTESIAN_POINT('',(7.25,3.E-15,10.5));
#1242 = LINE('',#1243,#1244);
#1243 = CARTESIAN_POINT('',(7.25,21.5,10.5));
#1244 = VECTOR('',#1245,1.);
#1245 = DIRECTION('',(0.,1.,0.));
#1246 = ORIENTED_EDGE('',*,*,#1247,.F.);
#1247 = EDGE_CURVE('',#750,#1240,#1248,.T.);
#1248 = LINE('',#1249,#1250);
#1249 = CARTESIAN_POINT('',(7.25,5.33E-15,0.));
#1250 = VECTOR('',#1251,1.);
#1251 = DIRECTION('',(0.,0.,1.));
#1252 = PLANE('',#1253);
#1253 = AXIS2_PLACEMENT_3D('',#1254,#1255,#1256);
#1254 = CARTESIAN_POINT('',(7.25,2.,0.));
#1255 = DIRECTION('',(1.,0.,0.));
#1256 = DIRECTION('',(0.,-1.,0.));
#1257 = ADVANCED_FACE('',(#1258),#1283,.F.);
#1258 = FACE_BOUND('',#1259,.T.);
#1259 = EDGE_LOOP('',(#1260,#1268,#1276,#1282));
#1260 = ORIENTED_EDGE('',*,*,#1261,.F.);
#1261 = EDGE_CURVE('',#1262,#942,#1264,.T.);
#1262 = VERTEX_POINT('',#1263);
#1263 = CARTESIAN_POINT('',(10.25,84.,4.));
#1264 = LINE('',#1265,#1266);
#1265 = CARTESIAN_POINT('',(12.9375,84.,6.6875));
#1266 = VECTOR('',#1267,1.);
#1267 = DIRECTION('',(-0.707106781187,0.,-0.707106781187));
#1268 = ORIENTED_EDGE('',*,*,#1269,.T.);
#1269 = EDGE_CURVE('',#1262,#1270,#1272,.T.);
#1270 = VERTEX_POINT('',#1271);
#1271 = CARTESIAN_POINT('',(10.25,82.,4.));
#1272 = LINE('',#1273,#1274);
#1273 = CARTESIAN_POINT('',(10.25,84.,4.));
#1274 = VECTOR('',#1275,1.);
#1275 = DIRECTION('',(0.,-1.,2.2E-16));
#1276 = ORIENTED_EDGE('',*,*,#1277,.T.);
#1277 = EDGE_CURVE('',#1270,#924,#1278,.T.);
#1278 = LINE('',#1279,#1280);
#1279 = CARTESIAN_POINT('',(13.345346715328,82.,7.095346715328));
#1280 = VECTOR('',#1281,1.);
#1281 = DIRECTION('',(-0.707106781187,0.,-0.707106781187));
#1282 = ORIENTED_EDGE('',*,*,#949,.F.);
#1283 = PLANE('',#1284);
#1284 = AXIS2_PLACEMENT_3D('',#1285,#1286,#1287);
#1285 = CARTESIAN_POINT('',(9.75,84.,3.5));
#1286 = DIRECTION('',(-0.707106781187,1.7E-16,0.707106781187));
#1287 = DIRECTION('',(1.020815280171E-17,1.,-2.302081528017E-16));
#1288 = ADVANCED_FACE('',(#1289),#1314,.T.);
#1289 = FACE_BOUND('',#1290,.T.);
#1290 = EDGE_LOOP('',(#1291,#1299,#1307,#1313));
#1291 = ORIENTED_EDGE('',*,*,#1292,.F.);
#1292 = EDGE_CURVE('',#1293,#1262,#1295,.T.);
#1293 = VERTEX_POINT('',#1294);
#1294 = CARTESIAN_POINT('',(11.25,84.,4.));
#1295 = LINE('',#1296,#1297);
#1296 = CARTESIAN_POINT('',(12.25,84.,4.));
#1297 = VECTOR('',#1298,1.);
#1298 = DIRECTION('',(-1.,0.,0.));
#1299 = ORIENTED_EDGE('',*,*,#1300,.T.);
#1300 = EDGE_CURVE('',#1293,#1301,#1303,.T.);
#1301 = VERTEX_POINT('',#1302);
#1302 = CARTESIAN_POINT('',(11.25,82.,4.));
#1303 = LINE('',#1304,#1305);
#1304 = CARTESIAN_POINT('',(11.25,84.,4.));
#1305 = VECTOR('',#1306,1.);
#1306 = DIRECTION('',(0.,-1.,2.2E-16));
#1307 = ORIENTED_EDGE('',*,*,#1308,.T.);
#1308 = EDGE_CURVE('',#1301,#1270,#1309,.T.);
#1309 = LINE('',#1310,#1311);
#1310 = CARTESIAN_POINT('',(12.25,82.,4.));
#1311 = VECTOR('',#1312,1.);
#1312 = DIRECTION('',(-1.,0.,0.));
#1313 = ORIENTED_EDGE('',*,*,#1269,.F.);
#1314 = PLANE('',#1315);
#1315 = AXIS2_PLACEMENT_3D('',#1316,#1317,#1318);
#1316 = CARTESIAN_POINT('',(12.25,84.,4.));
#1317 = DIRECTION('',(-0.,-2.2E-16,-1.));
#1318 = DIRECTION('',(-1.,0.,0.));
#1319 = ADVANCED_FACE('',(#1320),#1336,.F.);
#1320 = FACE_BOUND('',#1321,.F.);
#1321 = EDGE_LOOP('',(#1322,#1328,#1329,#1335));
#1322 = ORIENTED_EDGE('',*,*,#1323,.F.);
#1323 = EDGE_CURVE('',#1293,#831,#1324,.T.);
#1324 = LINE('',#1325,#1326);
#1325 = CARTESIAN_POINT('',(13.9375,84.,1.3125));
#1326 = VECTOR('',#1327,1.);
#1327 = DIRECTION('',(0.707106781187,0.,-0.707106781187));
#1328 = ORIENTED_EDGE('',*,*,#1300,.T.);
#1329 = ORIENTED_EDGE('',*,*,#1330,.T.);
#1330 = EDGE_CURVE('',#1301,#823,#1331,.T.);
#1331 = LINE('',#1332,#1333);
#1332 = CARTESIAN_POINT('',(13.294251824817,82.,1.955748175182));
#1333 = VECTOR('',#1334,1.);
#1334 = DIRECTION('',(0.707106781187,0.,-0.707106781187));
#1335 = ORIENTED_EDGE('',*,*,#830,.F.);
#1336 = PLANE('',#1337);
#1337 = AXIS2_PLACEMENT_3D('',#1338,#1339,#1340);
#1338 = CARTESIAN_POINT('',(11.75,84.,3.5));
#1339 = DIRECTION('',(0.707106781187,1.4E-16,0.707106781187));
#1340 = DIRECTION('',(-1.100505063388E-17,-1.,2.089949493661E-16));
#1341 = ADVANCED_FACE('',(#1342),#1360,.T.);
#1342 = FACE_BOUND('',#1343,.T.);
#1343 = EDGE_LOOP('',(#1344,#1352,#1353,#1354));
#1344 = ORIENTED_EDGE('',*,*,#1345,.F.);
#1345 = EDGE_CURVE('',#821,#1346,#1348,.T.);
#1346 = VERTEX_POINT('',#1347);
#1347 = CARTESIAN_POINT('',(14.25,82.,0.));
#1348 = LINE('',#1349,#1350);
#1349 = CARTESIAN_POINT('',(7.25,82.,0.));
#1350 = VECTOR('',#1351,1.);
#1351 = DIRECTION('',(1.,0.,0.));
#1352 = ORIENTED_EDGE('',*,*,#853,.F.);
#1353 = ORIENTED_EDGE('',*,*,#909,.T.);
#1354 = ORIENTED_EDGE('',*,*,#1355,.T.);
#1355 = EDGE_CURVE('',#902,#1346,#1356,.T.);
#1356 = LINE('',#1357,#1358);
#1357 = CARTESIAN_POINT('',(14.25,80.,0.));
#1358 = VECTOR('',#1359,1.);
#1359 = DIRECTION('',(0.,1.,0.));
#1360 = PLANE('',#1361);
#1361 = AXIS2_PLACEMENT_3D('',#1362,#1363,#1364);
#1362 = CARTESIAN_POINT('',(10.75,41.,0.));
#1363 = DIRECTION('',(0.,0.,1.));
#1364 = DIRECTION('',(1.,0.,0.));
#1365 = ADVANCED_FACE('',(#1366),#1384,.T.);
#1366 = FACE_BOUND('',#1367,.T.);
#1367 = EDGE_LOOP('',(#1368,#1376,#1382,#1383));
#1368 = ORIENTED_EDGE('',*,*,#1369,.F.);
#1369 = EDGE_CURVE('',#1370,#926,#1372,.T.);
#1370 = VERTEX_POINT('',#1371);
#1371 = CARTESIAN_POINT('',(7.25,82.,0.));
#1372 = LINE('',#1373,#1374);
#1373 = CARTESIAN_POINT('',(7.25,82.,0.));
#1374 = VECTOR('',#1375,1.);
#1375 = DIRECTION('',(1.,0.,0.));
#1376 = ORIENTED_EDGE('',*,*,#1377,.T.);
#1377 = EDGE_CURVE('',#1370,#878,#1378,.T.);
#1378 = LINE('',#1379,#1380);
#1379 = CARTESIAN_POINT('',(7.25,82.,0.));
#1380 = VECTOR('',#1381,1.);
#1381 = DIRECTION('',(0.,-1.,0.));
#1382 = ORIENTED_EDGE('',*,*,#877,.T.);
#1383 = ORIENTED_EDGE('',*,*,#933,.F.);
#1384 = PLANE('',#1385);
#1385 = AXIS2_PLACEMENT_3D('',#1386,#1387,#1388);
#1386 = CARTESIAN_POINT('',(10.75,41.,0.));
#1387 = DIRECTION('',(0.,0.,1.));
#1388 = DIRECTION('',(1.,0.,0.));
#1389 = ADVANCED_FACE('',(#1390),#1408,.T.);
#1390 = FACE_BOUND('',#1391,.T.);
#1391 = EDGE_LOOP('',(#1392,#1393,#1401,#1407));
#1392 = ORIENTED_EDGE('',*,*,#1377,.F.);
#1393 = ORIENTED_EDGE('',*,*,#1394,.T.);
#1394 = EDGE_CURVE('',#1370,#1395,#1397,.T.);
#1395 = VERTEX_POINT('',#1396);
#1396 = CARTESIAN_POINT('',(7.25,82.,10.5));
#1397 = LINE('',#1398,#1399);
#1398 = CARTESIAN_POINT('',(7.25,82.,0.));
#1399 = VECTOR('',#1400,1.);
#1400 = DIRECTION('',(0.,0.,1.));
#1401 = ORIENTED_EDGE('',*,*,#1402,.F.);
#1402 = EDGE_CURVE('',#886,#1395,#1403,.T.);
#1403 = LINE('',#1404,#1405);
#1404 = CARTESIAN_POINT('',(7.25,61.5,10.5));
#1405 = VECTOR('',#1406,1.);
#1406 = DIRECTION('',(0.,1.,0.));
#1407 = ORIENTED_EDGE('',*,*,#885,.F.);
#1408 = PLANE('',#1409);
#1409 = AXIS2_PLACEMENT_3D('',#1410,#1411,#1412);
#1410 = CARTESIAN_POINT('',(7.25,82.,0.));
#1411 = DIRECTION('',(1.,0.,0.));
#1412 = DIRECTION('',(0.,-1.,0.));
#1413 = ADVANCED_FACE('',(#1414),#1432,.T.);
#1414 = FACE_BOUND('',#1415,.T.);
#1415 = EDGE_LOOP('',(#1416,#1417,#1418,#1426));
#1416 = ORIENTED_EDGE('',*,*,#1355,.F.);
#1417 = ORIENTED_EDGE('',*,*,#901,.T.);
#1418 = ORIENTED_EDGE('',*,*,#1419,.F.);
#1419 = EDGE_CURVE('',#1420,#894,#1422,.T.);
#1420 = VERTEX_POINT('',#1421);
#1421 = CARTESIAN_POINT('',(14.25,82.,10.5));
#1422 = LINE('',#1423,#1424);
#1423 = CARTESIAN_POINT('',(14.25,60.5,10.5));
#1424 = VECTOR('',#1425,1.);
#1425 = DIRECTION('',(0.,-1.,0.));
#1426 = ORIENTED_EDGE('',*,*,#1427,.F.);
#1427 = EDGE_CURVE('',#1346,#1420,#1428,.T.);
#1428 = LINE('',#1429,#1430);
#1429 = CARTESIAN_POINT('',(14.25,82.,0.));
#1430 = VECTOR('',#1431,1.);
#1431 = DIRECTION('',(0.,0.,1.));
#1432 = PLANE('',#1433);
#1433 = AXIS2_PLACEMENT_3D('',#1434,#1435,#1436);
#1434 = CARTESIAN_POINT('',(14.25,80.,0.));
#1435 = DIRECTION('',(-1.,0.,0.));
#1436 = DIRECTION('',(0.,1.,0.));
#1437 = ADVANCED_FACE('',(#1438),#1474,.F.);
#1438 = FACE_BOUND('',#1439,.F.);
#1439 = EDGE_LOOP('',(#1440,#1447,#1448,#1449,#1458,#1467));
#1440 = ORIENTED_EDGE('',*,*,#1441,.F.);
#1441 = EDGE_CURVE('',#964,#1442,#1444,.T.);
#1442 = VERTEX_POINT('',#1443);
#1443 = CARTESIAN_POINT('',(13.875,23.428571428571,0.));
#1444 = B_SPLINE_CURVE_WITH_KNOTS('',1,(#1445,#1446),.UNSPECIFIED.,.F.,
  .F.,(2,2),(0.,1.),.PIECEWISE_BEZIER_KNOTS.);
#1445 = CARTESIAN_POINT('',(12.375,23.428571428571,-2.5));
#1446 = CARTESIAN_POINT('',(13.875,23.428571428571,0.));
#1447 = ORIENTED_EDGE('',*,*,#963,.T.);
#1448 = ORIENTED_EDGE('',*,*,#1441,.T.);
#1449 = ORIENTED_EDGE('',*,*,#1450,.F.);
#1450 = EDGE_CURVE('',#1451,#1442,#1453,.T.);
#1451 = VERTEX_POINT('',#1452);
#1452 = CARTESIAN_POINT('',(10.749999685726,20.303571428571,0.));
#1453 = CIRCLE('',#1454,3.125);
#1454 = AXIS2_PLACEMENT_3D('',#1455,#1456,#1457);
#1455 = CARTESIAN_POINT('',(10.75,23.428571428571,0.));
#1456 = DIRECTION('',(0.,0.,1.));
#1457 = DIRECTION('',(1.,0.,0.));
#1458 = ORIENTED_EDGE('',*,*,#1459,.F.);
#1459 = EDGE_CURVE('',#1460,#1451,#1462,.T.);
#1460 = VERTEX_POINT('',#1461);
#1461 = CARTESIAN_POINT('',(10.75,26.553571428571,0.));
#1462 = CIRCLE('',#1463,3.125);
#1463 = AXIS2_PLACEMENT_3D('',#1464,#1465,#1466);
#1464 = CARTESIAN_POINT('',(10.75,23.428571428571,0.));
#1465 = DIRECTION('',(0.,0.,1.));
#1466 = DIRECTION('',(1.,0.,0.));
#1467 = ORIENTED_EDGE('',*,*,#1468,.F.);
#1468 = EDGE_CURVE('',#1442,#1460,#1469,.T.);
#1469 = CIRCLE('',#1470,3.125);
#1470 = AXIS2_PLACEMENT_3D('',#1471,#1472,#1473);
#1471 = CARTESIAN_POINT('',(10.75,23.428571428571,0.));
#1472 = DIRECTION('',(0.,0.,1.));
#1473 = DIRECTION('',(1.,0.,0.));
#1474 = CONICAL_SURFACE('',#1475,1.625,0.540419500271);
#1475 = AXIS2_PLACEMENT_3D('',#1476,#1477,#1478);
#1476 = CARTESIAN_POINT('',(10.75,23.428571428571,-2.5));
#1477 = DIRECTION('',(0.,0.,1.));
#1478 = DIRECTION('',(1.,0.,0.));
#1479 = ADVANCED_FACE('',(#1480),#1516,.F.);
#1480 = FACE_BOUND('',#1481,.F.);
#1481 = EDGE_LOOP('',(#1482,#1489,#1490,#1491,#1500,#1509));
#1482 = ORIENTED_EDGE('',*,*,#1483,.F.);
#1483 = EDGE_CURVE('',#989,#1484,#1486,.T.);
#1484 = VERTEX_POINT('',#1485);
#1485 = CARTESIAN_POINT('',(35.375,23.428571428571,0.));
#1486 = B_SPLINE_CURVE_WITH_KNOTS('',1,(#1487,#1488),.UNSPECIFIED.,.F.,
  .F.,(2,2),(0.,1.),.PIECEWISE_BEZIER_KNOTS.);
#1487 = CARTESIAN_POINT('',(33.875,23.428571428571,-2.5));
#1488 = CARTESIAN_POINT('',(35.375,23.428571428571,0.));
#1489 = ORIENTED_EDGE('',*,*,#988,.T.);
#1490 = ORIENTED_EDGE('',*,*,#1483,.T.);
#1491 = ORIENTED_EDGE('',*,*,#1492,.F.);
#1492 = EDGE_CURVE('',#1493,#1484,#1495,.T.);
#1493 = VERTEX_POINT('',#1494);
#1494 = CARTESIAN_POINT('',(32.25,20.303571428571,-2.E-15));
#1495 = CIRCLE('',#1496,3.125);
#1496 = AXIS2_PLACEMENT_3D('',#1497,#1498,#1499);
#1497 = CARTESIAN_POINT('',(32.25,23.428571428571,0.));
#1498 = DIRECTION('',(0.,0.,1.));
#1499 = DIRECTION('',(1.,0.,0.));
#1500 = ORIENTED_EDGE('',*,*,#1501,.F.);
#1501 = EDGE_CURVE('',#1502,#1493,#1504,.T.);
#1502 = VERTEX_POINT('',#1503);
#1503 = CARTESIAN_POINT('',(32.25,26.553571428571,-3.E-15));
#1504 = CIRCLE('',#1505,3.125);
#1505 = AXIS2_PLACEMENT_3D('',#1506,#1507,#1508);
#1506 = CARTESIAN_POINT('',(32.25,23.428571428571,0.));
#1507 = DIRECTION('',(0.,0.,1.));
#1508 = DIRECTION('',(1.,0.,0.));
#1509 = ORIENTED_EDGE('',*,*,#1510,.F.);
#1510 = EDGE_CURVE('',#1484,#1502,#1511,.T.);
#1511 = CIRCLE('',#1512,3.125);
#1512 = AXIS2_PLACEMENT_3D('',#1513,#1514,#1515);
#1513 = CARTESIAN_POINT('',(32.25,23.428571428571,0.));
#1514 = DIRECTION('',(0.,0.,1.));
#1515 = DIRECTION('',(1.,0.,0.));
#1516 = CONICAL_SURFACE('',#1517,1.625,0.540419500271);
#1517 = AXIS2_PLACEMENT_3D('',#1518,#1519,#1520);
#1518 = CARTESIAN_POINT('',(32.25,23.428571428571,-2.5));
#1519 = DIRECTION('',(0.,0.,1.));
#1520 = DIRECTION('',(1.,0.,0.));
#1521 = ADVANCED_FACE('',(#1522),#1558,.F.);
#1522 = FACE_BOUND('',#1523,.F.);
#1523 = EDGE_LOOP('',(#1524,#1531,#1532,#1533,#1542,#1551));
#1524 = ORIENTED_EDGE('',*,*,#1525,.F.);
#1525 = EDGE_CURVE('',#1014,#1526,#1528,.T.);
#1526 = VERTEX_POINT('',#1527);
#1527 = CARTESIAN_POINT('',(13.875,58.571428571429,0.));
#1528 = B_SPLINE_CURVE_WITH_KNOTS('',1,(#1529,#1530),.UNSPECIFIED.,.F.,
  .F.,(2,2),(0.,1.),.PIECEWISE_BEZIER_KNOTS.);
#1529 = CARTESIAN_POINT('',(12.375,58.571428571429,-2.5));
#1530 = CARTESIAN_POINT('',(13.875,58.571428571429,0.));
#1531 = ORIENTED_EDGE('',*,*,#1013,.T.);
#1532 = ORIENTED_EDGE('',*,*,#1525,.T.);
#1533 = ORIENTED_EDGE('',*,*,#1534,.F.);
#1534 = EDGE_CURVE('',#1535,#1526,#1537,.T.);
#1535 = VERTEX_POINT('',#1536);
#1536 = CARTESIAN_POINT('',(10.74999948106,55.446428571429,0.));
#1537 = CIRCLE('',#1538,3.125);
#1538 = AXIS2_PLACEMENT_3D('',#1539,#1540,#1541);
#1539 = CARTESIAN_POINT('',(10.75,58.571428571429,0.));
#1540 = DIRECTION('',(0.,0.,1.));
#1541 = DIRECTION('',(1.,0.,0.));
#1542 = ORIENTED_EDGE('',*,*,#1543,.F.);
#1543 = EDGE_CURVE('',#1544,#1535,#1546,.T.);
#1544 = VERTEX_POINT('',#1545);
#1545 = CARTESIAN_POINT('',(10.750000546933,61.696428571429,0.));
#1546 = CIRCLE('',#1547,3.125);
#1547 = AXIS2_PLACEMENT_3D('',#1548,#1549,#1550);
#1548 = CARTESIAN_POINT('',(10.75,58.571428571429,0.));
#1549 = DIRECTION('',(0.,0.,1.));
#1550 = DIRECTION('',(1.,0.,0.));
#1551 = ORIENTED_EDGE('',*,*,#1552,.F.);
#1552 = EDGE_CURVE('',#1526,#1544,#1553,.T.);
#1553 = CIRCLE('',#1554,3.125);
#1554 = AXIS2_PLACEMENT_3D('',#1555,#1556,#1557);
#1555 = CARTESIAN_POINT('',(10.75,58.571428571429,0.));
#1556 = DIRECTION('',(0.,0.,1.));
#1557 = DIRECTION('',(1.,0.,0.));
#1558 = CONICAL_SURFACE('',#1559,1.625,0.540419500271);
#1559 = AXIS2_PLACEMENT_3D('',#1560,#1561,#1562);
#1560 = CARTESIAN_POINT('',(10.75,58.571428571429,-2.5));
#1561 = DIRECTION('',(0.,0.,1.));
#1562 = DIRECTION('',(1.,0.,0.));
#1563 = ADVANCED_FACE('',(#1564),#1600,.F.);
#1564 = FACE_BOUND('',#1565,.F.);
#1565 = EDGE_LOOP('',(#1566,#1573,#1574,#1575,#1584,#1593));
#1566 = ORIENTED_EDGE('',*,*,#1567,.F.);
#1567 = EDGE_CURVE('',#1039,#1568,#1570,.T.);
#1568 = VERTEX_POINT('',#1569);
#1569 = CARTESIAN_POINT('',(35.375,58.571428571429,0.));
#1570 = B_SPLINE_CURVE_WITH_KNOTS('',1,(#1571,#1572),.UNSPECIFIED.,.F.,
  .F.,(2,2),(0.,1.),.PIECEWISE_BEZIER_KNOTS.);
#1571 = CARTESIAN_POINT('',(33.875,58.571428571429,-2.5));
#1572 = CARTESIAN_POINT('',(35.375,58.571428571429,0.));
#1573 = ORIENTED_EDGE('',*,*,#1038,.T.);
#1574 = ORIENTED_EDGE('',*,*,#1567,.T.);
#1575 = ORIENTED_EDGE('',*,*,#1576,.F.);
#1576 = EDGE_CURVE('',#1577,#1568,#1579,.T.);
#1577 = VERTEX_POINT('',#1578);
#1578 = CARTESIAN_POINT('',(32.25,55.446428571429,-6.E-15));
#1579 = CIRCLE('',#1580,3.125);
#1580 = AXIS2_PLACEMENT_3D('',#1581,#1582,#1583);
#1581 = CARTESIAN_POINT('',(32.25,58.571428571429,0.));
#1582 = DIRECTION('',(0.,0.,1.));
#1583 = DIRECTION('',(1.,0.,0.));
#1584 = ORIENTED_EDGE('',*,*,#1585,.F.);
#1585 = EDGE_CURVE('',#1586,#1577,#1588,.T.);
#1586 = VERTEX_POINT('',#1587);
#1587 = CARTESIAN_POINT('',(32.25,61.696428571429,-7.E-15));
#1588 = CIRCLE('',#1589,3.125);
#1589 = AXIS2_PLACEMENT_3D('',#1590,#1591,#1592);
#1590 = CARTESIAN_POINT('',(32.25,58.571428571429,0.));
#1591 = DIRECTION('',(0.,0.,1.));
#1592 = DIRECTION('',(1.,0.,0.));
#1593 = ORIENTED_EDGE('',*,*,#1594,.F.);
#1594 = EDGE_CURVE('',#1568,#1586,#1595,.T.);
#1595 = CIRCLE('',#1596,3.125);
#1596 = AXIS2_PLACEMENT_3D('',#1597,#1598,#1599);
#1597 = CARTESIAN_POINT('',(32.25,58.571428571429,0.));
#1598 = DIRECTION('',(0.,0.,1.));
#1599 = DIRECTION('',(1.,0.,0.));
#1600 = CONICAL_SURFACE('',#1601,1.625,0.540419500271);
#1601 = AXIS2_PLACEMENT_3D('',#1602,#1603,#1604);
#1602 = CARTESIAN_POINT('',(32.25,58.571428571429,-2.5));
#1603 = DIRECTION('',(0.,0.,1.));
#1604 = DIRECTION('',(1.,0.,0.));
#1605 = ADVANCED_FACE('',(#1606),#1631,.F.);
#1606 = FACE_BOUND('',#1607,.F.);
#1607 = EDGE_LOOP('',(#1608,#1616,#1624,#1630));
#1608 = ORIENTED_EDGE('',*,*,#1609,.T.);
#1609 = EDGE_CURVE('',#1064,#1610,#1612,.T.);
#1610 = VERTEX_POINT('',#1611);
#1611 = CARTESIAN_POINT('',(41.559773090683,4.,5.375));
#1612 = LINE('',#1613,#1614);
#1613 = CARTESIAN_POINT('',(31.529886545341,4.,5.375));
#1614 = VECTOR('',#1615,1.);
#1615 = DIRECTION('',(-1.,0.,0.));
#1616 = ORIENTED_EDGE('',*,*,#1617,.T.);
#1617 = EDGE_CURVE('',#1610,#1618,#1620,.T.);
#1618 = VERTEX_POINT('',#1619);
#1619 = CARTESIAN_POINT('',(41.559773090683,78.,5.375));
#1620 = LINE('',#1621,#1622);
#1621 = CARTESIAN_POINT('',(41.559773090683,1.19E-15,5.375));
#1622 = VECTOR('',#1623,1.);
#1623 = DIRECTION('',(0.,1.,-2.2E-16));
#1624 = ORIENTED_EDGE('',*,*,#1625,.F.);
#1625 = EDGE_CURVE('',#1105,#1618,#1626,.T.);
#1626 = LINE('',#1627,#1628);
#1627 = CARTESIAN_POINT('',(31.529886545341,78.,5.375));
#1628 = VECTOR('',#1629,1.);
#1629 = DIRECTION('',(-1.,0.,0.));
#1630 = ORIENTED_EDGE('',*,*,#1112,.F.);
#1631 = PLANE('',#1632);
#1632 = AXIS2_PLACEMENT_3D('',#1633,#1634,#1635);
#1633 = CARTESIAN_POINT('',(41.559773090683,1.19E-15,5.375));
#1634 = DIRECTION('',(0.,-2.2E-16,-1.));
#1635 = DIRECTION('',(1.,0.,0.));
#1636 = ADVANCED_FACE('',(#1637),#1662,.F.);
#1637 = FACE_BOUND('',#1638,.F.);
#1638 = EDGE_LOOP('',(#1639,#1647,#1648,#1656));
#1639 = ORIENTED_EDGE('',*,*,#1640,.F.);
#1640 = EDGE_CURVE('',#1127,#1641,#1643,.T.);
#1641 = VERTEX_POINT('',#1642);
#1642 = CARTESIAN_POINT('',(1.440226909317,4.,5.375));
#1643 = LINE('',#1644,#1645);
#1644 = CARTESIAN_POINT('',(0.,4.,5.375));
#1645 = VECTOR('',#1646,1.);
#1646 = DIRECTION('',(1.,0.,0.));
#1647 = ORIENTED_EDGE('',*,*,#1136,.T.);
#1648 = ORIENTED_EDGE('',*,*,#1649,.T.);
#1649 = EDGE_CURVE('',#1137,#1650,#1652,.T.);
#1650 = VERTEX_POINT('',#1651);
#1651 = CARTESIAN_POINT('',(1.440226909317,78.,5.375));
#1652 = LINE('',#1653,#1654);
#1653 = CARTESIAN_POINT('',(0.,78.,5.375));
#1654 = VECTOR('',#1655,1.);
#1655 = DIRECTION('',(1.,0.,0.));
#1656 = ORIENTED_EDGE('',*,*,#1657,.F.);
#1657 = EDGE_CURVE('',#1641,#1650,#1658,.T.);
#1658 = LINE('',#1659,#1660);
#1659 = CARTESIAN_POINT('',(1.440226909317,1.19E-15,5.375));
#1660 = VECTOR('',#1661,1.);
#1661 = DIRECTION('',(0.,1.,-2.2E-16));
#1662 = PLANE('',#1663);
#1663 = AXIS2_PLACEMENT_3D('',#1664,#1665,#1666);
#1664 = CARTESIAN_POINT('',(0.,1.19E-15,5.375));
#1665 = DIRECTION('',(0.,-2.2E-16,-1.));
#1666 = DIRECTION('',(1.,0.,0.));
#1667 = ADVANCED_FACE('',(#1668),#1810,.F.);
#1668 = FACE_BOUND('',#1669,.T.);
#1669 = EDGE_LOOP('',(#1670,#1740,#1741,#1742));
#1670 = ORIENTED_EDGE('',*,*,#1671,.T.);
#1671 = EDGE_CURVE('',#1672,#1460,#1674,.T.);
#1672 = VERTEX_POINT('',#1673);
#1673 = CARTESIAN_POINT('',(13.875,23.428571428571,0.464239211415));
#1674 = B_SPLINE_CURVE_WITH_KNOTS('',8,(#1675,#1676,#1677,#1678,#1679,
    #1680,#1681,#1682,#1683,#1684,#1685,#1686,#1687,#1688,#1689,#1690,
    #1691,#1692,#1693,#1694,#1695,#1696,#1697,#1698,#1699,#1700,#1701,
    #1702,#1703,#1704,#1705,#1706,#1707,#1708,#1709,#1710,#1711,#1712,
    #1713,#1714,#1715,#1716,#1717,#1718,#1719,#1720,#1721,#1722,#1723,
    #1724,#1725,#1726,#1727,#1728,#1729,#1730,#1731,#1732,#1733,#1734,
    #1735,#1736,#1737,#1738,#1739),.UNSPECIFIED.,.T.,.F.,(9,7,7,7,7,7,7,
    7,7,9),(0.,0.11163853824,0.213141586964,0.297895878843,
    0.399424082592,0.501342214492,0.606717947106,0.696827037873,
    0.797003918659,1.),.UNSPECIFIED.);
#1675 = CARTESIAN_POINT('',(13.875,23.428571428571,0.464239211415));
#1676 = CARTESIAN_POINT('',(13.875,23.678953479181,0.464239211415));
#1677 = CARTESIAN_POINT('',(13.852073249867,23.929085248431,
    0.457273639402));
#1678 = CARTESIAN_POINT('',(13.806298102997,24.177656262606,
    0.443366367615));
#1679 = CARTESIAN_POINT('',(13.737489620806,24.423300188934,
    0.422773616634));
#1680 = CARTESIAN_POINT('',(13.645238627011,24.664502020055,
    0.395991243135));
#1681 = CARTESIAN_POINT('',(13.528946977915,24.899482719323,
    0.363788883793));
#1682 = CARTESIAN_POINT('',(13.387869641473,25.126049839082,
    0.327261327689));
#1683 = CARTESIAN_POINT('',(13.069612736652,25.537203864072,
    0.252088340937));
#1684 = CARTESIAN_POINT('',(12.895525076622,25.725476899859,
    0.21361791854));
#1685 = CARTESIAN_POINT('',(12.698367650041,25.902863902193,
    0.173688581137));
#1686 = CARTESIAN_POINT('',(12.478011046328,26.065754875095,
    0.133913932723));
#1687 = CARTESIAN_POINT('',(12.234761180604,26.210272940132,
    9.62527071312E-02));
#1688 = CARTESIAN_POINT('',(11.969420508099,26.33223319061,
    6.292606027753E-02));
#1689 = CARTESIAN_POINT('',(11.683420657375,26.427054353243,
    3.626204913461E-02));
#1690 = CARTESIAN_POINT('',(11.124917212552,26.541829728831,
    3.523996994952E-03));
#1691 = CARTESIAN_POINT('',(10.86210020662,26.570707712435,
    -4.979537738433E-03));
#1692 = CARTESIAN_POINT('',(10.595343872007,26.573973387941,
    -6.027127200989E-03));
#1693 = CARTESIAN_POINT('',(10.329687607453,26.550936445881,
    8.00733736206E-04));
#1694 = CARTESIAN_POINT('',(10.070186591949,26.502398784912,
    1.509384668935E-02));
#1695 = CARTESIAN_POINT('',(9.821635070513,26.430639186979,
    3.566187162778E-02));
#1696 = CARTESIAN_POINT('',(9.588312843894,26.339449749326,
    6.076339057393E-02));
#1697 = CARTESIAN_POINT('',(9.116762712646,26.108143367129,
    0.121632843215));
#1698 = CARTESIAN_POINT('',(8.882775037017,25.95998772446,0.159035331958
    ));
#1699 = CARTESIAN_POINT('',(8.67188941065,25.794246141571,0.19848659599)
  );
#1700 = CARTESIAN_POINT('',(8.483703311487,25.614506829845,
    0.238105226665));
#1701 = CARTESIAN_POINT('',(8.317567246106,25.423639131155,0.27637455839
    ));
#1702 = CARTESIAN_POINT('',(8.172747633809,25.223931123348,
    0.312114028757));
#1703 = CARTESIAN_POINT('',(8.048540149743,25.01718717312,0.344412014189
    ));
#1704 = CARTESIAN_POINT('',(7.839781367878,24.591603451421,
    0.400852025501));
#1705 = CARTESIAN_POINT('',(7.753673540368,24.369232157119,
    0.425424420622));
#1706 = CARTESIAN_POINT('',(7.68703234939,24.139649884591,0.445242214077
    ));
#1707 = CARTESIAN_POINT('',(7.640546198215,23.904885251501,
    0.459441401264));
#1708 = CARTESIAN_POINT('',(7.614639831012,23.667000819561,
    0.467437729982));
#1709 = CARTESIAN_POINT('',(7.60949737528,23.428070155502,0.468977850315
    ));
#1710 = CARTESIAN_POINT('',(7.625065470993,23.190166011333,
    0.464150761679));
#1711 = CARTESIAN_POINT('',(7.69822782857,22.712587364999,0.442202257759
    ));
#1712 = CARTESIAN_POINT('',(7.757371799936,22.472196927052,
    0.424626606802));
#1713 = CARTESIAN_POINT('',(7.838602802608,22.2353366186,0.400937066264)
  );
#1714 = CARTESIAN_POINT('',(7.942336823666,22.003340648058,
    0.371639885243));
#1715 = CARTESIAN_POINT('',(8.069213971678,21.777826611696,
    0.337468921174));
#1716 = CARTESIAN_POINT('',(8.220036533838,21.560822963064,
    0.299447554191));
#1717 = CARTESIAN_POINT('',(8.395682984761,21.354939507882,
    0.258960752105));
#1718 = CARTESIAN_POINT('',(8.769110465614,20.999970218019,
    0.182623585463));
#1719 = CARTESIAN_POINT('',(8.955494204385,20.85125859926,0.14787186957)
  );
#1720 = CARTESIAN_POINT('',(9.154582507647,20.718952665467,
    0.114798565015));
#1721 = CARTESIAN_POINT('',(9.364661919484,20.604314521876,
    8.459931701509E-02));
#1722 = CARTESIAN_POINT('',(9.583891410193,20.508377041939,
    5.833231167076E-02));
#1723 = CARTESIAN_POINT('',(9.810334637448,20.431942602568,
    3.685186523778E-02));
#1724 = CARTESIAN_POINT('',(10.041985673055,20.375578338398,
    2.076633788301E-02));
#1725 = CARTESIAN_POINT('',(10.537824946182,20.29961855569,
    -1.081537490499E-03));
#1726 = CARTESIAN_POINT('',(10.804458244806,20.284573823566,
    -5.564562982596E-03));
#1727 = CARTESIAN_POINT('',(11.072084781686,20.295780216882,
    -2.313262161338E-03));
#1728 = CARTESIAN_POINT('',(11.335934906272,20.333152799812,
    8.721509616854E-03));
#1729 = CARTESIAN_POINT('',(11.591333947104,20.395284498874,
    2.68084783152E-02));
#1730 = CARTESIAN_POINT('',(11.833951649511,20.479455601596,
    5.053921285031E-02));
#1731 = CARTESIAN_POINT('',(12.06002861581,20.58159919146,
    7.80812381003E-02));
#1732 = CARTESIAN_POINT('',(12.685096478682,20.928540158539,
    0.167154248569));
#1733 = CARTESIAN_POINT('',(13.036796417331,21.219586159302,
    0.236465198318));
#1734 = CARTESIAN_POINT('',(13.322464452354,21.548866644215,
    0.305256973983));
#1735 = CARTESIAN_POINT('',(13.545833435839,21.903251322534,
    0.366029560334));
#1736 = CARTESIAN_POINT('',(13.710648227905,22.273720297136,
    0.414310086939));
#1737 = CARTESIAN_POINT('',(13.819871718669,22.654140013483,
    0.447489442962));
#1738 = CARTESIAN_POINT('',(13.875,23.040318452284,0.464239211415));
#1739 = CARTESIAN_POINT('',(13.875,23.428571428571,0.464239211415));
#1740 = ORIENTED_EDGE('',*,*,#1468,.F.);
#1741 = ORIENTED_EDGE('',*,*,#1450,.F.);
#1742 = ORIENTED_EDGE('',*,*,#1743,.T.);
#1743 = EDGE_CURVE('',#1451,#1672,#1744,.T.);
#1744 = B_SPLINE_CURVE_WITH_KNOTS('',8,(#1745,#1746,#1747,#1748,#1749,
    #1750,#1751,#1752,#1753,#1754,#1755,#1756,#1757,#1758,#1759,#1760,
    #1761,#1762,#1763,#1764,#1765,#1766,#1767,#1768,#1769,#1770,#1771,
    #1772,#1773,#1774,#1775,#1776,#1777,#1778,#1779,#1780,#1781,#1782,
    #1783,#1784,#1785,#1786,#1787,#1788,#1789,#1790,#1791,#1792,#1793,
    #1794,#1795,#1796,#1797,#1798,#1799,#1800,#1801,#1802,#1803,#1804,
    #1805,#1806,#1807,#1808,#1809),.UNSPECIFIED.,.T.,.F.,(9,7,7,7,7,7,7,
    7,7,9),(0.,0.11163853824,0.213141586964,0.297895878843,
    0.399424082592,0.501342214492,0.606717947106,0.696827037873,
    0.797003918659,1.),.UNSPECIFIED.);
#1745 = CARTESIAN_POINT('',(13.875,23.428571428571,0.464239211415));
#1746 = CARTESIAN_POINT('',(13.875,23.678953479181,0.464239211415));
#1747 = CARTESIAN_POINT('',(13.852073249867,23.929085248431,
    0.457273639402));
#1748 = CARTESIAN_POINT('',(13.806298102997,24.177656262606,
    0.443366367615));
#1749 = CARTESIAN_POINT('',(13.737489620806,24.423300188934,
    0.422773616634));
#1750 = CARTESIAN_POINT('',(13.645238627011,24.664502020055,
    0.395991243135));
#1751 = CARTESIAN_POINT('',(13.528946977915,24.899482719323,
    0.363788883793));
#1752 = CARTESIAN_POINT('',(13.387869641473,25.126049839082,
    0.327261327689));
#1753 = CARTESIAN_POINT('',(13.069612736652,25.537203864072,
    0.252088340937));
#1754 = CARTESIAN_POINT('',(12.895525076622,25.725476899859,
    0.21361791854));
#1755 = CARTESIAN_POINT('',(12.698367650041,25.902863902193,
    0.173688581137));
#1756 = CARTESIAN_POINT('',(12.478011046328,26.065754875095,
    0.133913932723));
#1757 = CARTESIAN_POINT('',(12.234761180604,26.210272940132,
    9.62527071312E-02));
#1758 = CARTESIAN_POINT('',(11.969420508099,26.33223319061,
    6.292606027753E-02));
#1759 = CARTESIAN_POINT('',(11.683420657375,26.427054353243,
    3.626204913461E-02));
#1760 = CARTESIAN_POINT('',(11.124917212552,26.541829728831,
    3.523996994952E-03));
#1761 = CARTESIAN_POINT('',(10.86210020662,26.570707712435,
    -4.979537738433E-03));
#1762 = CARTESIAN_POINT('',(10.595343872007,26.573973387941,
    -6.027127200989E-03));
#1763 = CARTESIAN_POINT('',(10.329687607453,26.550936445881,
    8.00733736206E-04));
#1764 = CARTESIAN_POINT('',(10.070186591949,26.502398784912,
    1.509384668935E-02));
#1765 = CARTESIAN_POINT('',(9.821635070513,26.430639186979,
    3.566187162778E-02));
#1766 = CARTESIAN_POINT('',(9.588312843894,26.339449749326,
    6.076339057393E-02));
#1767 = CARTESIAN_POINT('',(9.116762712646,26.108143367129,
    0.121632843215));
#1768 = CARTESIAN_POINT('',(8.882775037017,25.95998772446,0.159035331958
    ));
#1769 = CARTESIAN_POINT('',(8.67188941065,25.794246141571,0.19848659599)
  );
#1770 = CARTESIAN_POINT('',(8.483703311487,25.614506829845,
    0.238105226665));
#1771 = CARTESIAN_POINT('',(8.317567246106,25.423639131155,0.27637455839
    ));
#1772 = CARTESIAN_POINT('',(8.172747633809,25.223931123348,
    0.312114028757));
#1773 = CARTESIAN_POINT('',(8.048540149743,25.01718717312,0.344412014189
    ));
#1774 = CARTESIAN_POINT('',(7.839781367878,24.591603451421,
    0.400852025501));
#1775 = CARTESIAN_POINT('',(7.753673540368,24.369232157119,
    0.425424420622));
#1776 = CARTESIAN_POINT('',(7.68703234939,24.139649884591,0.445242214077
    ));
#1777 = CARTESIAN_POINT('',(7.640546198215,23.904885251501,
    0.459441401264));
#1778 = CARTESIAN_POINT('',(7.614639831012,23.667000819561,
    0.467437729982));
#1779 = CARTESIAN_POINT('',(7.60949737528,23.428070155502,0.468977850315
    ));
#1780 = CARTESIAN_POINT('',(7.625065470993,23.190166011333,
    0.464150761679));
#1781 = CARTESIAN_POINT('',(7.69822782857,22.712587364999,0.442202257759
    ));
#1782 = CARTESIAN_POINT('',(7.757371799936,22.472196927052,
    0.424626606802));
#1783 = CARTESIAN_POINT('',(7.838602802608,22.2353366186,0.400937066264)
  );
#1784 = CARTESIAN_POINT('',(7.942336823666,22.003340648058,
    0.371639885243));
#1785 = CARTESIAN_POINT('',(8.069213971678,21.777826611696,
    0.337468921174));
#1786 = CARTESIAN_POINT('',(8.220036533838,21.560822963064,
    0.299447554191));
#1787 = CARTESIAN_POINT('',(8.395682984761,21.354939507882,
    0.258960752105));
#1788 = CARTESIAN_POINT('',(8.769110465614,20.999970218019,
    0.182623585463));
#1789 = CARTESIAN_POINT('',(8.955494204385,20.85125859926,0.14787186957)
  );
#1790 = CARTESIAN_POINT('',(9.154582507647,20.718952665467,
    0.114798565015));
#1791 = CARTESIAN_POINT('',(9.364661919484,20.604314521876,
    8.459931701509E-02));
#1792 = CARTESIAN_POINT('',(9.583891410193,20.508377041939,
    5.833231167076E-02));
#1793 = CARTESIAN_POINT('',(9.810334637448,20.431942602568,
    3.685186523778E-02));
#1794 = CARTESIAN_POINT('',(10.041985673055,20.375578338398,
    2.076633788301E-02));
#1795 = CARTESIAN_POINT('',(10.537824946182,20.29961855569,
    -1.081537490499E-03));
#1796 = CARTESIAN_POINT('',(10.804458244806,20.284573823566,
    -5.564562982596E-03));
#1797 = CARTESIAN_POINT('',(11.072084781686,20.295780216882,
    -2.313262161338E-03));
#1798 = CARTESIAN_POINT('',(11.335934906272,20.333152799812,
    8.721509616854E-03));
#1799 = CARTESIAN_POINT('',(11.591333947104,20.395284498874,
    2.68084783152E-02));
#1800 = CARTESIAN_POINT('',(11.833951649511,20.479455601596,
    5.053921285031E-02));
#1801 = CARTESIAN_POINT('',(12.06002861581,20.58159919146,
    7.80812381003E-02));
#1802 = CARTESIAN_POINT('',(12.685096478682,20.928540158539,
    0.167154248569));
#1803 = CARTESIAN_POINT('',(13.036796417331,21.219586159302,
    0.236465198318));
#1804 = CARTESIAN_POINT('',(13.322464452354,21.548866644215,
    0.305256973983));
#1805 = CARTESIAN_POINT('',(13.545833435839,21.903251322534,
    0.366029560334));
#1806 = CARTESIAN_POINT('',(13.710648227905,22.273720297136,
    0.414310086939));
#1807 = CARTESIAN_POINT('',(13.819871718669,22.654140013483,
    0.447489442962));
#1808 = CARTESIAN_POINT('',(13.875,23.040318452284,0.464239211415));
#1809 = CARTESIAN_POINT('',(13.875,23.428571428571,0.464239211415));
#1810 = CYLINDRICAL_SURFACE('',#1811,3.125);
#1811 = AXIS2_PLACEMENT_3D('',#1812,#1813,#1814);
#1812 = CARTESIAN_POINT('',(10.75,23.428571428571,0.));
#1813 = DIRECTION('',(-0.,-0.,-1.));
#1814 = DIRECTION('',(1.,0.,0.));
#1815 = ADVANCED_FACE('',(#1816),#1887,.F.);
#1816 = FACE_BOUND('',#1817,.T.);
#1817 = EDGE_LOOP('',(#1818,#1819));
#1818 = ORIENTED_EDGE('',*,*,#1459,.F.);
#1819 = ORIENTED_EDGE('',*,*,#1820,.T.);
#1820 = EDGE_CURVE('',#1460,#1451,#1821,.T.);
#1821 = B_SPLINE_CURVE_WITH_KNOTS('',8,(#1822,#1823,#1824,#1825,#1826,
    #1827,#1828,#1829,#1830,#1831,#1832,#1833,#1834,#1835,#1836,#1837,
    #1838,#1839,#1840,#1841,#1842,#1843,#1844,#1845,#1846,#1847,#1848,
    #1849,#1850,#1851,#1852,#1853,#1854,#1855,#1856,#1857,#1858,#1859,
    #1860,#1861,#1862,#1863,#1864,#1865,#1866,#1867,#1868,#1869,#1870,
    #1871,#1872,#1873,#1874,#1875,#1876,#1877,#1878,#1879,#1880,#1881,
    #1882,#1883,#1884,#1885,#1886),.UNSPECIFIED.,.T.,.F.,(9,7,7,7,7,7,7,
    7,7,9),(0.,0.11163853824,0.213141586964,0.297895878843,
    0.399424082592,0.501342214492,0.606717947106,0.696827037873,
    0.797003918659,1.),.UNSPECIFIED.);
#1822 = CARTESIAN_POINT('',(13.875,23.428571428571,0.464239211415));
#1823 = CARTESIAN_POINT('',(13.875,23.678953479181,0.464239211415));
#1824 = CARTESIAN_POINT('',(13.852073249867,23.929085248431,
    0.457273639402));
#1825 = CARTESIAN_POINT('',(13.806298102997,24.177656262606,
    0.443366367615));
#1826 = CARTESIAN_POINT('',(13.737489620806,24.423300188934,
    0.422773616634));
#1827 = CARTESIAN_POINT('',(13.645238627011,24.664502020055,
    0.395991243135));
#1828 = CARTESIAN_POINT('',(13.528946977915,24.899482719323,
    0.363788883793));
#1829 = CARTESIAN_POINT('',(13.387869641473,25.126049839082,
    0.327261327689));
#1830 = CARTESIAN_POINT('',(13.069612736652,25.537203864072,
    0.252088340937));
#1831 = CARTESIAN_POINT('',(12.895525076622,25.725476899859,
    0.21361791854));
#1832 = CARTESIAN_POINT('',(12.698367650041,25.902863902193,
    0.173688581137));
#1833 = CARTESIAN_POINT('',(12.478011046328,26.065754875095,
    0.133913932723));
#1834 = CARTESIAN_POINT('',(12.234761180604,26.210272940132,
    9.62527071312E-02));
#1835 = CARTESIAN_POINT('',(11.969420508099,26.33223319061,
    6.292606027753E-02));
#1836 = CARTESIAN_POINT('',(11.683420657375,26.427054353243,
    3.626204913461E-02));
#1837 = CARTESIAN_POINT('',(11.124917212552,26.541829728831,
    3.523996994952E-03));
#1838 = CARTESIAN_POINT('',(10.86210020662,26.570707712435,
    -4.979537738433E-03));
#1839 = CARTESIAN_POINT('',(10.595343872007,26.573973387941,
    -6.027127200989E-03));
#1840 = CARTESIAN_POINT('',(10.329687607453,26.550936445881,
    8.00733736206E-04));
#1841 = CARTESIAN_POINT('',(10.070186591949,26.502398784912,
    1.509384668935E-02));
#1842 = CARTESIAN_POINT('',(9.821635070513,26.430639186979,
    3.566187162778E-02));
#1843 = CARTESIAN_POINT('',(9.588312843894,26.339449749326,
    6.076339057393E-02));
#1844 = CARTESIAN_POINT('',(9.116762712646,26.108143367129,
    0.121632843215));
#1845 = CARTESIAN_POINT('',(8.882775037017,25.95998772446,0.159035331958
    ));
#1846 = CARTESIAN_POINT('',(8.67188941065,25.794246141571,0.19848659599)
  );
#1847 = CARTESIAN_POINT('',(8.483703311487,25.614506829845,
    0.238105226665));
#1848 = CARTESIAN_POINT('',(8.317567246106,25.423639131155,0.27637455839
    ));
#1849 = CARTESIAN_POINT('',(8.172747633809,25.223931123348,
    0.312114028757));
#1850 = CARTESIAN_POINT('',(8.048540149743,25.01718717312,0.344412014189
    ));
#1851 = CARTESIAN_POINT('',(7.839781367878,24.591603451421,
    0.400852025501));
#1852 = CARTESIAN_POINT('',(7.753673540368,24.369232157119,
    0.425424420622));
#1853 = CARTESIAN_POINT('',(7.68703234939,24.139649884591,0.445242214077
    ));
#1854 = CARTESIAN_POINT('',(7.640546198215,23.904885251501,
    0.459441401264));
#1855 = CARTESIAN_POINT('',(7.614639831012,23.667000819561,
    0.467437729982));
#1856 = CARTESIAN_POINT('',(7.60949737528,23.428070155502,0.468977850315
    ));
#1857 = CARTESIAN_POINT('',(7.625065470993,23.190166011333,
    0.464150761679));
#1858 = CARTESIAN_POINT('',(7.69822782857,22.712587364999,0.442202257759
    ));
#1859 = CARTESIAN_POINT('',(7.757371799936,22.472196927052,
    0.424626606802));
#1860 = CARTESIAN_POINT('',(7.838602802608,22.2353366186,0.400937066264)
  );
#1861 = CARTESIAN_POINT('',(7.942336823666,22.003340648058,
    0.371639885243));
#1862 = CARTESIAN_POINT('',(8.069213971678,21.777826611696,
    0.337468921174));
#1863 = CARTESIAN_POINT('',(8.220036533838,21.560822963064,
    0.299447554191));
#1864 = CARTESIAN_POINT('',(8.395682984761,21.354939507882,
    0.258960752105));
#1865 = CARTESIAN_POINT('',(8.769110465614,20.999970218019,
    0.182623585463));
#1866 = CARTESIAN_POINT('',(8.955494204385,20.85125859926,0.14787186957)
  );
#1867 = CARTESIAN_POINT('',(9.154582507647,20.718952665467,
    0.114798565015));
#1868 = CARTESIAN_POINT('',(9.364661919484,20.604314521876,
    8.459931701509E-02));
#1869 = CARTESIAN_POINT('',(9.583891410193,20.508377041939,
    5.833231167076E-02));
#1870 = CARTESIAN_POINT('',(9.810334637448,20.431942602568,
    3.685186523778E-02));
#1871 = CARTESIAN_POINT('',(10.041985673055,20.375578338398,
    2.076633788301E-02));
#1872 = CARTESIAN_POINT('',(10.537824946182,20.29961855569,
    -1.081537490499E-03));
#1873 = CARTESIAN_POINT('',(10.804458244806,20.284573823566,
    -5.564562982596E-03));
#1874 = CARTESIAN_POINT('',(11.072084781686,20.295780216882,
    -2.313262161338E-03));
#1875 = CARTESIAN_POINT('',(11.335934906272,20.333152799812,
    8.721509616854E-03));
#1876 = CARTESIAN_POINT('',(11.591333947104,20.395284498874,
    2.68084783152E-02));
#1877 = CARTESIAN_POINT('',(11.833951649511,20.479455601596,
    5.053921285031E-02));
#1878 = CARTESIAN_POINT('',(12.06002861581,20.58159919146,
    7.80812381003E-02));
#1879 = CARTESIAN_POINT('',(12.685096478682,20.928540158539,
    0.167154248569));
#1880 = CARTESIAN_POINT('',(13.036796417331,21.219586159302,
    0.236465198318));
#1881 = CARTESIAN_POINT('',(13.322464452354,21.548866644215,
    0.305256973983));
#1882 = CARTESIAN_POINT('',(13.545833435839,21.903251322534,
    0.366029560334));
#1883 = CARTESIAN_POINT('',(13.710648227905,22.273720297136,
    0.414310086939));
#1884 = CARTESIAN_POINT('',(13.819871718669,22.654140013483,
    0.447489442962));
#1885 = CARTESIAN_POINT('',(13.875,23.040318452284,0.464239211415));
#1886 = CARTESIAN_POINT('',(13.875,23.428571428571,0.464239211415));
#1887 = CYLINDRICAL_SURFACE('',#1888,3.125);
#1888 = AXIS2_PLACEMENT_3D('',#1889,#1890,#1891);
#1889 = CARTESIAN_POINT('',(10.75,23.428571428571,0.));
#1890 = DIRECTION('',(-0.,-0.,-1.));
#1891 = DIRECTION('',(1.,0.,0.));
#1892 = ADVANCED_FACE('',(#1893),#1936,.F.);
#1893 = FACE_BOUND('',#1894,.T.);
#1894 = EDGE_LOOP('',(#1895,#1896));
#1895 = ORIENTED_EDGE('',*,*,#1501,.F.);
#1896 = ORIENTED_EDGE('',*,*,#1897,.T.);
#1897 = EDGE_CURVE('',#1502,#1493,#1898,.T.);
#1898 = B_SPLINE_CURVE_WITH_KNOTS('',8,(#1899,#1900,#1901,#1902,#1903,
    #1904,#1905,#1906,#1907,#1908,#1909,#1910,#1911,#1912,#1913,#1914,
    #1915,#1916,#1917,#1918,#1919,#1920,#1921,#1922,#1923,#1924,#1925,
    #1926,#1927,#1928,#1929,#1930,#1931,#1932,#1933,#1934,#1935),
  .UNSPECIFIED.,.F.,.F.,(9,7,7,7,7,9),(0.,0.14678450444,0.373213740169,
    0.501933920174,0.727858821668,1.),.UNSPECIFIED.);
#1899 = CARTESIAN_POINT('',(32.25,26.553571428571,-5.33E-15));
#1900 = CARTESIAN_POINT('',(32.031933612156,26.553571428571,-5.33E-15));
#1901 = CARTESIAN_POINT('',(31.815534700505,26.536180443125,
    5.055128426322E-03));
#1902 = CARTESIAN_POINT('',(31.602962660553,26.501864744149,
    1.50315836609E-02));
#1903 = CARTESIAN_POINT('',(31.396303927103,26.451505932812,
    2.952610640913E-02));
#1904 = CARTESIAN_POINT('',(31.197513194766,26.386394119955,
    4.789547425845E-02));
#1905 = CARTESIAN_POINT('',(31.008355180521,26.308227632095,
    6.93107811581E-02));
#1906 = CARTESIAN_POINT('',(30.83034692831,26.219119243005,
    9.283650182019E-02));
#1907 = CARTESIAN_POINT('',(30.409175325856,25.971189882706,
    0.155633136827));
#1908 = CARTESIAN_POINT('',(30.179889586698,25.79890715386,
    0.196993982135));
#1909 = CARTESIAN_POINT('',(29.976519246564,25.609639950536,
    0.239188626191));
#1910 = CARTESIAN_POINT('',(29.798302681363,25.40714804082,
    0.280220009769));
#1911 = CARTESIAN_POINT('',(29.64431551989,25.194336412692,
    0.318547893322));
#1912 = CARTESIAN_POINT('',(29.513653619105,24.973447413802,
    0.353017555566));
#1913 = CARTESIAN_POINT('',(29.405559146544,24.746200578021,
    0.382760618787));
#1914 = CARTESIAN_POINT('',(29.270615779173,24.381842626521,
    0.420994541291));
#1915 = CARTESIAN_POINT('',(29.228852210381,24.248195326158,
    0.433112982557));
#1916 = CARTESIAN_POINT('',(29.19415571198,24.113261056089,
    0.443370361881));
#1917 = CARTESIAN_POINT('',(29.166462597099,23.977319554483,
    0.45167061756));
#1918 = CARTESIAN_POINT('',(29.145724426771,23.840632971137,
    0.457942779797));
#1919 = CARTESIAN_POINT('',(29.131908776029,23.703451154407,
    0.462140105223));
#1920 = CARTESIAN_POINT('',(29.125,23.566016938134,0.464239211415));
#1921 = CARTESIAN_POINT('',(29.125,23.187332151188,0.464239211415));
#1922 = CARTESIAN_POINT('',(29.146283017946,22.946300370055,
    0.457773035345));
#1923 = CARTESIAN_POINT('',(29.188786394747,22.706662504598,
    0.444859784705));
#1924 = CARTESIAN_POINT('',(29.252667947991,22.469650509607,
    0.425720713202));
#1925 = CARTESIAN_POINT('',(29.338275478675,22.23661830255,
    0.400785237595));
#1926 = CARTESIAN_POINT('',(29.446119041121,22.009136794684,
    0.37071730083));
#1927 = CARTESIAN_POINT('',(29.576838847297,21.789115120168,
    0.336455529057));
#1928 = CARTESIAN_POINT('',(29.917053521124,21.325804971151,
    0.254456951945));
#1929 = CARTESIAN_POINT('',(30.14265334297,21.079528330867,
    0.204081114753));
#1930 = CARTESIAN_POINT('',(30.409139898335,20.850721934461,
    0.150771165453));
#1931 = CARTESIAN_POINT('',(30.715431629164,20.64944283579,
    9.862588319515E-02));
#1932 = CARTESIAN_POINT('',(31.058439701228,20.48519591306,
    5.27972441632E-02));
#1933 = CARTESIAN_POINT('',(31.433314685827,20.367017684435,
    1.8443787879E-02));
#1934 = CARTESIAN_POINT('',(31.833483062715,20.303571428571,-5.33E-15));
#1935 = CARTESIAN_POINT('',(32.25,20.303571428571,-5.33E-15));
#1936 = CYLINDRICAL_SURFACE('',#1937,3.125);
#1937 = AXIS2_PLACEMENT_3D('',#1938,#1939,#1940);
#1938 = CARTESIAN_POINT('',(32.25,23.428571428571,0.));
#1939 = DIRECTION('',(-0.,-0.,-1.));
#1940 = DIRECTION('',(1.,0.,0.));
#1941 = ADVANCED_FACE('',(#1942),#2084,.F.);
#1942 = FACE_BOUND('',#1943,.T.);
#1943 = EDGE_LOOP('',(#1944,#2014,#2015,#2016));
#1944 = ORIENTED_EDGE('',*,*,#1945,.T.);
#1945 = EDGE_CURVE('',#1946,#1544,#1948,.T.);
#1946 = VERTEX_POINT('',#1947);
#1947 = CARTESIAN_POINT('',(13.875,58.571428571429,0.464239211415));
#1948 = B_SPLINE_CURVE_WITH_KNOTS('',8,(#1949,#1950,#1951,#1952,#1953,
    #1954,#1955,#1956,#1957,#1958,#1959,#1960,#1961,#1962,#1963,#1964,
    #1965,#1966,#1967,#1968,#1969,#1970,#1971,#1972,#1973,#1974,#1975,
    #1976,#1977,#1978,#1979,#1980,#1981,#1982,#1983,#1984,#1985,#1986,
    #1987,#1988,#1989,#1990,#1991,#1992,#1993,#1994,#1995,#1996,#1997,
    #1998,#1999,#2000,#2001,#2002,#2003,#2004,#2005,#2006,#2007,#2008,
    #2009,#2010,#2011,#2012,#2013),.UNSPECIFIED.,.T.,.F.,(9,7,7,7,7,7,7,
    7,7,9),(0.,0.11163853473,0.213141583041,0.297895874578,
    0.399424077917,0.501342209405,0.606717941592,0.696827032864,
    0.797003915305,1.),.UNSPECIFIED.);
#1949 = CARTESIAN_POINT('',(13.875,58.571428571429,0.464239211415));
#1950 = CARTESIAN_POINT('',(13.875,58.82181062893,0.464239211415));
#1951 = CARTESIAN_POINT('',(13.852073248522,59.071942379221,
    0.457273639121));
#1952 = CARTESIAN_POINT('',(13.806298107559,59.320513406489,
    0.443366368675));
#1953 = CARTESIAN_POINT('',(13.737489617224,59.566157341975,
    0.42277361575));
#1954 = CARTESIAN_POINT('',(13.645238622475,59.807359161873,
    0.395991242066));
#1955 = CARTESIAN_POINT('',(13.528946986962,60.042339852414,
    0.36378888596));
#1956 = CARTESIAN_POINT('',(13.387869636911,60.268906987832,
    0.327261326611));
#1957 = CARTESIAN_POINT('',(13.069612736649,60.680061006933,
    0.252088340937));
#1958 = CARTESIAN_POINT('',(12.89552507662,60.868334042717,
    0.213617918539));
#1959 = CARTESIAN_POINT('',(12.698367650043,61.045721045048,
    0.173688581137));
#1960 = CARTESIAN_POINT('',(12.478011046331,61.208612017949,
    0.133913932724));
#1961 = CARTESIAN_POINT('',(12.234761180606,61.353130082989,
    9.625270713125E-02));
#1962 = CARTESIAN_POINT('',(11.969420508098,61.475090333468,
    6.292606027717E-02));
#1963 = CARTESIAN_POINT('',(11.683420657371,61.569911496101,
    3.626204913434E-02));
#1964 = CARTESIAN_POINT('',(11.124917212552,61.684686871689,
    3.523996994942E-03));
#1965 = CARTESIAN_POINT('',(10.862100206621,61.713564855293,
    -4.979537738438E-03));
#1966 = CARTESIAN_POINT('',(10.595343872007,61.716830530798,
    -6.027127200993E-03));
#1967 = CARTESIAN_POINT('',(10.329687607453,61.693793588738,
    8.007337361906E-04));
#1968 = CARTESIAN_POINT('',(10.070186591949,61.645255927769,
    1.509384668934E-02));
#1969 = CARTESIAN_POINT('',(9.821635070513,61.573496329836,
    3.566187162778E-02));
#1970 = CARTESIAN_POINT('',(9.588312843895,61.482306892183,
    6.076339057391E-02));
#1971 = CARTESIAN_POINT('',(9.116762712646,61.251000509986,
    0.121632843215));
#1972 = CARTESIAN_POINT('',(8.882775037017,61.102844867318,
    0.159035331958));
#1973 = CARTESIAN_POINT('',(8.67188941065,60.937103284428,0.19848659599)
  );
#1974 = CARTESIAN_POINT('',(8.483703311487,60.757363972702,
    0.238105226665));
#1975 = CARTESIAN_POINT('',(8.317567246106,60.566496274013,
    0.276374558389));
#1976 = CARTESIAN_POINT('',(8.172747633809,60.366788266205,
    0.312114028757));
#1977 = CARTESIAN_POINT('',(8.048540149743,60.160044315977,
    0.344412014189));
#1978 = CARTESIAN_POINT('',(7.839781367878,59.734460594278,
    0.400852025501));
#1979 = CARTESIAN_POINT('',(7.753673540368,59.512089299976,
    0.425424420622));
#1980 = CARTESIAN_POINT('',(7.68703234939,59.282507027448,0.445242214077
    ));
#1981 = CARTESIAN_POINT('',(7.640546198215,59.047742394358,
    0.459441401264));
#1982 = CARTESIAN_POINT('',(7.614639831012,58.809857962418,
    0.467437729981));
#1983 = CARTESIAN_POINT('',(7.60949737528,58.570927298359,0.468977850315
    ));
#1984 = CARTESIAN_POINT('',(7.625065470993,58.33302315419,0.464150761679
    ));
#1985 = CARTESIAN_POINT('',(7.69822782857,57.855444507856,0.442202257759
    ));
#1986 = CARTESIAN_POINT('',(7.757371799936,57.61505406991,0.424626606802
    ));
#1987 = CARTESIAN_POINT('',(7.838602802609,57.378193761457,
    0.400937066264));
#1988 = CARTESIAN_POINT('',(7.942336823666,57.146197790915,
    0.371639885243));
#1989 = CARTESIAN_POINT('',(8.069213971677,56.920683754554,
    0.337468921174));
#1990 = CARTESIAN_POINT('',(8.220036533838,56.703680105921,
    0.299447554191));
#1991 = CARTESIAN_POINT('',(8.395682984761,56.49779665074,0.258960752105
    ));
#1992 = CARTESIAN_POINT('',(8.769110467272,56.142827359299,
    0.182623585124));
#1993 = CARTESIAN_POINT('',(8.95549420089,55.994115744154,0.147871870039
    ));
#1994 = CARTESIAN_POINT('',(9.154582508074,55.861809808849,
    0.114798565112));
#1995 = CARTESIAN_POINT('',(9.364661922963,55.747171663085,
    8.459931662218E-02));
#1996 = CARTESIAN_POINT('',(9.583891409803,55.651234184244,
    5.833231156175E-02));
#1997 = CARTESIAN_POINT('',(9.810334633525,55.574799746893,
    3.685186559779E-02));
#1998 = CARTESIAN_POINT('',(10.041985675622,55.518435480862,
    2.076633776991E-02));
#1999 = CARTESIAN_POINT('',(10.537824946182,55.442475698548,
    -1.081537490512E-03));
#2000 = CARTESIAN_POINT('',(10.804458244806,55.427430966423,
    -5.564562982591E-03));
#2001 = CARTESIAN_POINT('',(11.072084781686,55.438637359739,
    -2.313262161352E-03));
#2002 = CARTESIAN_POINT('',(11.335934906272,55.476009942669,
    8.721509616842E-03));
#2003 = CARTESIAN_POINT('',(11.591333947104,55.538141641731,
    2.68084783152E-02));
#2004 = CARTESIAN_POINT('',(11.833951649511,55.622312744453,
    5.05392128503E-02));
#2005 = CARTESIAN_POINT('',(12.060028615809,55.724456334317,
    7.808123810029E-02));
#2006 = CARTESIAN_POINT('',(12.685096478682,56.071397301396,
    0.167154248569));
#2007 = CARTESIAN_POINT('',(13.036796417333,56.36244330216,
    0.236465198318));
#2008 = CARTESIAN_POINT('',(13.322464452349,56.69172378707,
    0.305256973982));
#2009 = CARTESIAN_POINT('',(13.545833435846,57.046108465395,
    0.366029560335));
#2010 = CARTESIAN_POINT('',(13.710648227901,57.416577439992,
    0.414310086938));
#2011 = CARTESIAN_POINT('',(13.81987171867,57.79699715634,0.447489442963
    ));
#2012 = CARTESIAN_POINT('',(13.875,58.183175595141,0.464239211415));
#2013 = CARTESIAN_POINT('',(13.875,58.571428571429,0.464239211415));
#2014 = ORIENTED_EDGE('',*,*,#1552,.F.);
#2015 = ORIENTED_EDGE('',*,*,#1534,.F.);
#2016 = ORIENTED_EDGE('',*,*,#2017,.T.);
#2017 = EDGE_CURVE('',#1535,#1946,#2018,.T.);
#2018 = B_SPLINE_CURVE_WITH_KNOTS('',8,(#2019,#2020,#2021,#2022,#2023,
    #2024,#2025,#2026,#2027,#2028,#2029,#2030,#2031,#2032,#2033,#2034,
    #2035,#2036,#2037,#2038,#2039,#2040,#2041,#2042,#2043,#2044,#2045,
    #2046,#2047,#2048,#2049,#2050,#2051,#2052,#2053,#2054,#2055,#2056,
    #2057,#2058,#2059,#2060,#2061,#2062,#2063,#2064,#2065,#2066,#2067,
    #2068,#2069,#2070,#2071,#2072,#2073,#2074,#2075,#2076,#2077,#2078,
    #2079,#2080,#2081,#2082,#2083),.UNSPECIFIED.,.T.,.F.,(9,7,7,7,7,7,7,
    7,7,9),(0.,0.11163853473,0.213141583041,0.297895874578,
    0.399424077917,0.501342209405,0.606717941592,0.696827032864,
    0.797003915305,1.),.UNSPECIFIED.);
#2019 = CARTESIAN_POINT('',(13.875,58.571428571429,0.464239211415));
#2020 = CARTESIAN_POINT('',(13.875,58.82181062893,0.464239211415));
#2021 = CARTESIAN_POINT('',(13.852073248522,59.071942379221,
    0.457273639121));
#2022 = CARTESIAN_POINT('',(13.806298107559,59.320513406489,
    0.443366368675));
#2023 = CARTESIAN_POINT('',(13.737489617224,59.566157341975,
    0.42277361575));
#2024 = CARTESIAN_POINT('',(13.645238622475,59.807359161873,
    0.395991242066));
#2025 = CARTESIAN_POINT('',(13.528946986962,60.042339852414,
    0.36378888596));
#2026 = CARTESIAN_POINT('',(13.387869636911,60.268906987832,
    0.327261326611));
#2027 = CARTESIAN_POINT('',(13.069612736649,60.680061006933,
    0.252088340937));
#2028 = CARTESIAN_POINT('',(12.89552507662,60.868334042717,
    0.213617918539));
#2029 = CARTESIAN_POINT('',(12.698367650043,61.045721045048,
    0.173688581137));
#2030 = CARTESIAN_POINT('',(12.478011046331,61.208612017949,
    0.133913932724));
#2031 = CARTESIAN_POINT('',(12.234761180606,61.353130082989,
    9.625270713125E-02));
#2032 = CARTESIAN_POINT('',(11.969420508098,61.475090333468,
    6.292606027717E-02));
#2033 = CARTESIAN_POINT('',(11.683420657371,61.569911496101,
    3.626204913434E-02));
#2034 = CARTESIAN_POINT('',(11.124917212552,61.684686871689,
    3.523996994942E-03));
#2035 = CARTESIAN_POINT('',(10.862100206621,61.713564855293,
    -4.979537738438E-03));
#2036 = CARTESIAN_POINT('',(10.595343872007,61.716830530798,
    -6.027127200993E-03));
#2037 = CARTESIAN_POINT('',(10.329687607453,61.693793588738,
    8.007337361906E-04));
#2038 = CARTESIAN_POINT('',(10.070186591949,61.645255927769,
    1.509384668934E-02));
#2039 = CARTESIAN_POINT('',(9.821635070513,61.573496329836,
    3.566187162778E-02));
#2040 = CARTESIAN_POINT('',(9.588312843895,61.482306892183,
    6.076339057391E-02));
#2041 = CARTESIAN_POINT('',(9.116762712646,61.251000509986,
    0.121632843215));
#2042 = CARTESIAN_POINT('',(8.882775037017,61.102844867318,
    0.159035331958));
#2043 = CARTESIAN_POINT('',(8.67188941065,60.937103284428,0.19848659599)
  );
#2044 = CARTESIAN_POINT('',(8.483703311487,60.757363972702,
    0.238105226665));
#2045 = CARTESIAN_POINT('',(8.317567246106,60.566496274013,
    0.276374558389));
#2046 = CARTESIAN_POINT('',(8.172747633809,60.366788266205,
    0.312114028757));
#2047 = CARTESIAN_POINT('',(8.048540149743,60.160044315977,
    0.344412014189));
#2048 = CARTESIAN_POINT('',(7.839781367878,59.734460594278,
    0.400852025501));
#2049 = CARTESIAN_POINT('',(7.753673540368,59.512089299976,
    0.425424420622));
#2050 = CARTESIAN_POINT('',(7.68703234939,59.282507027448,0.445242214077
    ));
#2051 = CARTESIAN_POINT('',(7.640546198215,59.047742394358,
    0.459441401264));
#2052 = CARTESIAN_POINT('',(7.614639831012,58.809857962418,
    0.467437729981));
#2053 = CARTESIAN_POINT('',(7.60949737528,58.570927298359,0.468977850315
    ));
#2054 = CARTESIAN_POINT('',(7.625065470993,58.33302315419,0.464150761679
    ));
#2055 = CARTESIAN_POINT('',(7.69822782857,57.855444507856,0.442202257759
    ));
#2056 = CARTESIAN_POINT('',(7.757371799936,57.61505406991,0.424626606802
    ));
#2057 = CARTESIAN_POINT('',(7.838602802609,57.378193761457,
    0.400937066264));
#2058 = CARTESIAN_POINT('',(7.942336823666,57.146197790915,
    0.371639885243));
#2059 = CARTESIAN_POINT('',(8.069213971677,56.920683754554,
    0.337468921174));
#2060 = CARTESIAN_POINT('',(8.220036533838,56.703680105921,
    0.299447554191));
#2061 = CARTESIAN_POINT('',(8.395682984761,56.49779665074,0.258960752105
    ));
#2062 = CARTESIAN_POINT('',(8.769110467272,56.142827359299,
    0.182623585124));
#2063 = CARTESIAN_POINT('',(8.95549420089,55.994115744154,0.147871870039
    ));
#2064 = CARTESIAN_POINT('',(9.154582508074,55.861809808849,
    0.114798565112));
#2065 = CARTESIAN_POINT('',(9.364661922963,55.747171663085,
    8.459931662218E-02));
#2066 = CARTESIAN_POINT('',(9.583891409803,55.651234184244,
    5.833231156175E-02));
#2067 = CARTESIAN_POINT('',(9.810334633525,55.574799746893,
    3.685186559779E-02));
#2068 = CARTESIAN_POINT('',(10.041985675622,55.518435480862,
    2.076633776991E-02));
#2069 = CARTESIAN_POINT('',(10.537824946182,55.442475698548,
    -1.081537490512E-03));
#2070 = CARTESIAN_POINT('',(10.804458244806,55.427430966423,
    -5.564562982591E-03));
#2071 = CARTESIAN_POINT('',(11.072084781686,55.438637359739,
    -2.313262161352E-03));
#2072 = CARTESIAN_POINT('',(11.335934906272,55.476009942669,
    8.721509616842E-03));
#2073 = CARTESIAN_POINT('',(11.591333947104,55.538141641731,
    2.68084783152E-02));
#2074 = CARTESIAN_POINT('',(11.833951649511,55.622312744453,
    5.05392128503E-02));
#2075 = CARTESIAN_POINT('',(12.060028615809,55.724456334317,
    7.808123810029E-02));
#2076 = CARTESIAN_POINT('',(12.685096478682,56.071397301396,
    0.167154248569));
#2077 = CARTESIAN_POINT('',(13.036796417333,56.36244330216,
    0.236465198318));
#2078 = CARTESIAN_POINT('',(13.322464452349,56.69172378707,
    0.305256973982));
#2079 = CARTESIAN_POINT('',(13.545833435846,57.046108465395,
    0.366029560335));
#2080 = CARTESIAN_POINT('',(13.710648227901,57.416577439992,
    0.414310086938));
#2081 = CARTESIAN_POINT('',(13.81987171867,57.79699715634,0.447489442963
    ));
#2082 = CARTESIAN_POINT('',(13.875,58.183175595141,0.464239211415));
#2083 = CARTESIAN_POINT('',(13.875,58.571428571429,0.464239211415));
#2084 = CYLINDRICAL_SURFACE('',#2085,3.125);
#2085 = AXIS2_PLACEMENT_3D('',#2086,#2087,#2088);
#2086 = CARTESIAN_POINT('',(10.75,58.571428571429,0.));
#2087 = DIRECTION('',(-0.,-0.,-1.));
#2088 = DIRECTION('',(1.,0.,0.));
#2089 = ADVANCED_FACE('',(#2090),#2161,.F.);
#2090 = FACE_BOUND('',#2091,.T.);
#2091 = EDGE_LOOP('',(#2092,#2093));
#2092 = ORIENTED_EDGE('',*,*,#1543,.F.);
#2093 = ORIENTED_EDGE('',*,*,#2094,.T.);
#2094 = EDGE_CURVE('',#1544,#1535,#2095,.T.);
#2095 = B_SPLINE_CURVE_WITH_KNOTS('',8,(#2096,#2097,#2098,#2099,#2100,
    #2101,#2102,#2103,#2104,#2105,#2106,#2107,#2108,#2109,#2110,#2111,
    #2112,#2113,#2114,#2115,#2116,#2117,#2118,#2119,#2120,#2121,#2122,
    #2123,#2124,#2125,#2126,#2127,#2128,#2129,#2130,#2131,#2132,#2133,
    #2134,#2135,#2136,#2137,#2138,#2139,#2140,#2141,#2142,#2143,#2144,
    #2145,#2146,#2147,#2148,#2149,#2150,#2151,#2152,#2153,#2154,#2155,
    #2156,#2157,#2158,#2159,#2160),.UNSPECIFIED.,.T.,.F.,(9,7,7,7,7,7,7,
    7,7,9),(0.,0.11163853473,0.213141583041,0.297895874578,
    0.399424077917,0.501342209405,0.606717941592,0.696827032864,
    0.797003915305,1.),.UNSPECIFIED.);
#2096 = CARTESIAN_POINT('',(13.875,58.571428571429,0.464239211415));
#2097 = CARTESIAN_POINT('',(13.875,58.82181062893,0.464239211415));
#2098 = CARTESIAN_POINT('',(13.852073248522,59.071942379221,
    0.457273639121));
#2099 = CARTESIAN_POINT('',(13.806298107559,59.320513406489,
    0.443366368675));
#2100 = CARTESIAN_POINT('',(13.737489617224,59.566157341975,
    0.42277361575));
#2101 = CARTESIAN_POINT('',(13.645238622475,59.807359161873,
    0.395991242066));
#2102 = CARTESIAN_POINT('',(13.528946986962,60.042339852414,
    0.36378888596));
#2103 = CARTESIAN_POINT('',(13.387869636911,60.268906987832,
    0.327261326611));
#2104 = CARTESIAN_POINT('',(13.069612736649,60.680061006933,
    0.252088340937));
#2105 = CARTESIAN_POINT('',(12.89552507662,60.868334042717,
    0.213617918539));
#2106 = CARTESIAN_POINT('',(12.698367650043,61.045721045048,
    0.173688581137));
#2107 = CARTESIAN_POINT('',(12.478011046331,61.208612017949,
    0.133913932724));
#2108 = CARTESIAN_POINT('',(12.234761180606,61.353130082989,
    9.625270713125E-02));
#2109 = CARTESIAN_POINT('',(11.969420508098,61.475090333468,
    6.292606027717E-02));
#2110 = CARTESIAN_POINT('',(11.683420657371,61.569911496101,
    3.626204913434E-02));
#2111 = CARTESIAN_POINT('',(11.124917212552,61.684686871689,
    3.523996994942E-03));
#2112 = CARTESIAN_POINT('',(10.862100206621,61.713564855293,
    -4.979537738438E-03));
#2113 = CARTESIAN_POINT('',(10.595343872007,61.716830530798,
    -6.027127200993E-03));
#2114 = CARTESIAN_POINT('',(10.329687607453,61.693793588738,
    8.007337361906E-04));
#2115 = CARTESIAN_POINT('',(10.070186591949,61.645255927769,
    1.509384668934E-02));
#2116 = CARTESIAN_POINT('',(9.821635070513,61.573496329836,
    3.566187162778E-02));
#2117 = CARTESIAN_POINT('',(9.588312843895,61.482306892183,
    6.076339057391E-02));
#2118 = CARTESIAN_POINT('',(9.116762712646,61.251000509986,
    0.121632843215));
#2119 = CARTESIAN_POINT('',(8.882775037017,61.102844867318,
    0.159035331958));
#2120 = CARTESIAN_POINT('',(8.67188941065,60.937103284428,0.19848659599)
  );
#2121 = CARTESIAN_POINT('',(8.483703311487,60.757363972702,
    0.238105226665));
#2122 = CARTESIAN_POINT('',(8.317567246106,60.566496274013,
    0.276374558389));
#2123 = CARTESIAN_POINT('',(8.172747633809,60.366788266205,
    0.312114028757));
#2124 = CARTESIAN_POINT('',(8.048540149743,60.160044315977,
    0.344412014189));
#2125 = CARTESIAN_POINT('',(7.839781367878,59.734460594278,
    0.400852025501));
#2126 = CARTESIAN_POINT('',(7.753673540368,59.512089299976,
    0.425424420622));
#2127 = CARTESIAN_POINT('',(7.68703234939,59.282507027448,0.445242214077
    ));
#2128 = CARTESIAN_POINT('',(7.640546198215,59.047742394358,
    0.459441401264));
#2129 = CARTESIAN_POINT('',(7.614639831012,58.809857962418,
    0.467437729981));
#2130 = CARTESIAN_POINT('',(7.60949737528,58.570927298359,0.468977850315
    ));
#2131 = CARTESIAN_POINT('',(7.625065470993,58.33302315419,0.464150761679
    ));
#2132 = CARTESIAN_POINT('',(7.69822782857,57.855444507856,0.442202257759
    ));
#2133 = CARTESIAN_POINT('',(7.757371799936,57.61505406991,0.424626606802
    ));
#2134 = CARTESIAN_POINT('',(7.838602802609,57.378193761457,
    0.400937066264));
#2135 = CARTESIAN_POINT('',(7.942336823666,57.146197790915,
    0.371639885243));
#2136 = CARTESIAN_POINT('',(8.069213971677,56.920683754554,
    0.337468921174));
#2137 = CARTESIAN_POINT('',(8.220036533838,56.703680105921,
    0.299447554191));
#2138 = CARTESIAN_POINT('',(8.395682984761,56.49779665074,0.258960752105
    ));
#2139 = CARTESIAN_POINT('',(8.769110467272,56.142827359299,
    0.182623585124));
#2140 = CARTESIAN_POINT('',(8.95549420089,55.994115744154,0.147871870039
    ));
#2141 = CARTESIAN_POINT('',(9.154582508074,55.861809808849,
    0.114798565112));
#2142 = CARTESIAN_POINT('',(9.364661922963,55.747171663085,
    8.459931662218E-02));
#2143 = CARTESIAN_POINT('',(9.583891409803,55.651234184244,
    5.833231156175E-02));
#2144 = CARTESIAN_POINT('',(9.810334633525,55.574799746893,
    3.685186559779E-02));
#2145 = CARTESIAN_POINT('',(10.041985675622,55.518435480862,
    2.076633776991E-02));
#2146 = CARTESIAN_POINT('',(10.537824946182,55.442475698548,
    -1.081537490512E-03));
#2147 = CARTESIAN_POINT('',(10.804458244806,55.427430966423,
    -5.564562982591E-03));
#2148 = CARTESIAN_POINT('',(11.072084781686,55.438637359739,
    -2.313262161352E-03));
#2149 = CARTESIAN_POINT('',(11.335934906272,55.476009942669,
    8.721509616842E-03));
#2150 = CARTESIAN_POINT('',(11.591333947104,55.538141641731,
    2.68084783152E-02));
#2151 = CARTESIAN_POINT('',(11.833951649511,55.622312744453,
    5.05392128503E-02));
#2152 = CARTESIAN_POINT('',(12.060028615809,55.724456334317,
    7.808123810029E-02));
#2153 = CARTESIAN_POINT('',(12.685096478682,56.071397301396,
    0.167154248569));
#2154 = CARTESIAN_POINT('',(13.036796417333,56.36244330216,
    0.236465198318));
#2155 = CARTESIAN_POINT('',(13.322464452349,56.69172378707,
    0.305256973982));
#2156 = CARTESIAN_POINT('',(13.545833435846,57.046108465395,
    0.366029560335));
#2157 = CARTESIAN_POINT('',(13.710648227901,57.416577439992,
    0.414310086938));
#2158 = CARTESIAN_POINT('',(13.81987171867,57.79699715634,0.447489442963
    ));
#2159 = CARTESIAN_POINT('',(13.875,58.183175595141,0.464239211415));
#2160 = CARTESIAN_POINT('',(13.875,58.571428571429,0.464239211415));
#2161 = CYLINDRICAL_SURFACE('',#2162,3.125);
#2162 = AXIS2_PLACEMENT_3D('',#2163,#2164,#2165);
#2163 = CARTESIAN_POINT('',(10.75,58.571428571429,0.));
#2164 = DIRECTION('',(-0.,-0.,-1.));
#2165 = DIRECTION('',(1.,0.,0.));
#2166 = ADVANCED_FACE('',(#2167),#2210,.F.);
#2167 = FACE_BOUND('',#2168,.T.);
#2168 = EDGE_LOOP('',(#2169,#2170));
#2169 = ORIENTED_EDGE('',*,*,#1585,.F.);
#2170 = ORIENTED_EDGE('',*,*,#2171,.T.);
#2171 = EDGE_CURVE('',#1586,#1577,#2172,.T.);
#2172 = B_SPLINE_CURVE_WITH_KNOTS('',8,(#2173,#2174,#2175,#2176,#2177,
    #2178,#2179,#2180,#2181,#2182,#2183,#2184,#2185,#2186,#2187,#2188,
    #2189,#2190,#2191,#2192,#2193,#2194,#2195,#2196,#2197,#2198,#2199,
    #2200,#2201,#2202,#2203,#2204,#2205,#2206,#2207,#2208,#2209),
  .UNSPECIFIED.,.F.,.F.,(9,7,7,7,7,9),(0.,0.146784500495,0.373213730108,
    0.501933912227,0.727858814627,1.),.UNSPECIFIED.);
#2173 = CARTESIAN_POINT('',(32.25,61.696428571429,-1.332E-14));
#2174 = CARTESIAN_POINT('',(32.031933612181,61.696428571429,-1.332E-14)
  );
#2175 = CARTESIAN_POINT('',(31.815534700515,61.679037585986,
    5.055128425142E-03));
#2176 = CARTESIAN_POINT('',(31.602962660541,61.644721887007,
    1.503158366075E-02));
#2177 = CARTESIAN_POINT('',(31.396303927081,61.594363075663,
    2.952610641087E-02));
#2178 = CARTESIAN_POINT('',(31.197513194754,61.529251262805,
    4.789547426043E-02));
#2179 = CARTESIAN_POINT('',(31.008355180529,61.451084774953,
    6.931078115769E-02));
#2180 = CARTESIAN_POINT('',(30.830346928331,61.361976385875,
    9.2836501817E-02));
#2181 = CARTESIAN_POINT('',(30.409175325856,61.114047025563,
    0.155633136827));
#2182 = CARTESIAN_POINT('',(30.179889586698,60.941764296718,
    0.196993982135));
#2183 = CARTESIAN_POINT('',(29.976519246564,60.752497093392,
    0.239188626191));
#2184 = CARTESIAN_POINT('',(29.798302681363,60.550005183677,
    0.280220009769));
#2185 = CARTESIAN_POINT('',(29.64431551989,60.33719355555,0.318547893322
    ));
#2186 = CARTESIAN_POINT('',(29.513653619105,60.116304556659,
    0.353017555566));
#2187 = CARTESIAN_POINT('',(29.405559146544,59.889057720879,
    0.382760618787));
#2188 = CARTESIAN_POINT('',(29.270615777048,59.524699763642,
    0.420994541893));
#2189 = CARTESIAN_POINT('',(29.228852210536,59.391052472135,
    0.43311298251));
#2190 = CARTESIAN_POINT('',(29.194155713521,59.256118204729,
    0.443370361442));
#2191 = CARTESIAN_POINT('',(29.166462597994,59.120176697712,
    0.451670617306));
#2192 = CARTESIAN_POINT('',(29.145724426217,58.983490108584,
    0.457942779957));
#2193 = CARTESIAN_POINT('',(29.131908775,58.846308293663,0.462140105517)
  );
#2194 = CARTESIAN_POINT('',(29.125,58.708874085688,0.464239211415));
#2195 = CARTESIAN_POINT('',(29.125,58.330189288799,0.464239211415));
#2196 = CARTESIAN_POINT('',(29.146283018932,58.089157522183,
    0.457773035133));
#2197 = CARTESIAN_POINT('',(29.188786391365,57.849519646708,
    0.444859785508));
#2198 = CARTESIAN_POINT('',(29.252667950667,57.612507644538,
    0.42572071253));
#2199 = CARTESIAN_POINT('',(29.338275482047,57.379475446132,
    0.400785236784));
#2200 = CARTESIAN_POINT('',(29.446119034392,57.151993945231,
    0.370717302473));
#2201 = CARTESIAN_POINT('',(29.576838850672,56.931972258429,
    0.336455528244));
#2202 = CARTESIAN_POINT('',(29.917053521124,56.468662114009,
    0.254456951945));
#2203 = CARTESIAN_POINT('',(30.142653342971,56.222385473723,
    0.204081114752));
#2204 = CARTESIAN_POINT('',(30.409139898332,55.99357907732,
    0.150771165454));
#2205 = CARTESIAN_POINT('',(30.715431629168,55.792299978645,
    9.862588319484E-02));
#2206 = CARTESIAN_POINT('',(31.058439701226,55.628053055918,
    5.279724416336E-02));
#2207 = CARTESIAN_POINT('',(31.433314685828,55.509874827291,
    1.844378787895E-02));
#2208 = CARTESIAN_POINT('',(31.833483062715,55.446428571429,-1.243E-14)
  );
#2209 = CARTESIAN_POINT('',(32.25,55.446428571429,-1.243E-14));
#2210 = CYLINDRICAL_SURFACE('',#2211,3.125);
#2211 = AXIS2_PLACEMENT_3D('',#2212,#2213,#2214);
#2212 = CARTESIAN_POINT('',(32.25,58.571428571429,0.));
#2213 = DIRECTION('',(-0.,-0.,-1.));
#2214 = DIRECTION('',(1.,0.,0.));
#2215 = ADVANCED_FACE('',(#2216,#2261,#2266),#2271,.F.);
#2216 = FACE_BOUND('',#2217,.F.);
#2217 = EDGE_LOOP('',(#2218,#2227,#2236,#2244,#2253,#2260));
#2218 = ORIENTED_EDGE('',*,*,#2219,.T.);
#2219 = EDGE_CURVE('',#1650,#2220,#2222,.T.);
#2220 = VERTEX_POINT('',#2221);
#2221 = CARTESIAN_POINT('',(10.75,78.,0.));
#2222 = CIRCLE('',#2223,10.75);
#2223 = AXIS2_PLACEMENT_3D('',#2224,#2225,#2226);
#2224 = CARTESIAN_POINT('',(10.75,78.,10.75));
#2225 = DIRECTION('',(0.,-1.,2.2E-16));
#2226 = DIRECTION('',(1.,0.,0.));
#2227 = ORIENTED_EDGE('',*,*,#2228,.T.);
#2228 = EDGE_CURVE('',#2220,#2229,#2231,.T.);
#2229 = VERTEX_POINT('',#2230);
#2230 = CARTESIAN_POINT('',(20.059773090683,78.,5.375));
#2231 = CIRCLE('',#2232,10.75);
#2232 = AXIS2_PLACEMENT_3D('',#2233,#2234,#2235);
#2233 = CARTESIAN_POINT('',(10.75,78.,10.75));
#2234 = DIRECTION('',(0.,-1.,2.2E-16));
#2235 = DIRECTION('',(1.,0.,0.));
#2236 = ORIENTED_EDGE('',*,*,#2237,.F.);
#2237 = EDGE_CURVE('',#2238,#2229,#2240,.T.);
#2238 = VERTEX_POINT('',#2239);
#2239 = CARTESIAN_POINT('',(20.059773090683,4.,5.375));
#2240 = LINE('',#2241,#2242);
#2241 = CARTESIAN_POINT('',(20.059773090683,1.19E-15,5.375));
#2242 = VECTOR('',#2243,1.);
#2243 = DIRECTION('',(0.,1.,-2.2E-16));
#2244 = ORIENTED_EDGE('',*,*,#2245,.F.);
#2245 = EDGE_CURVE('',#2246,#2238,#2248,.T.);
#2246 = VERTEX_POINT('',#2247);
#2247 = CARTESIAN_POINT('',(10.75,4.,0.));
#2248 = CIRCLE('',#2249,10.75);
#2249 = AXIS2_PLACEMENT_3D('',#2250,#2251,#2252);
#2250 = CARTESIAN_POINT('',(10.75,4.,10.75));
#2251 = DIRECTION('',(0.,-1.,2.2E-16));
#2252 = DIRECTION('',(1.,0.,0.));
#2253 = ORIENTED_EDGE('',*,*,#2254,.F.);
#2254 = EDGE_CURVE('',#1641,#2246,#2255,.T.);
#2255 = CIRCLE('',#2256,10.75);
#2256 = AXIS2_PLACEMENT_3D('',#2257,#2258,#2259);
#2257 = CARTESIAN_POINT('',(10.75,4.,10.75));
#2258 = DIRECTION('',(0.,-1.,2.2E-16));
#2259 = DIRECTION('',(1.,0.,0.));
#2260 = ORIENTED_EDGE('',*,*,#1657,.T.);
#2261 = FACE_BOUND('',#2262,.F.);
#2262 = EDGE_LOOP('',(#2263,#2264,#2265));
#2263 = ORIENTED_EDGE('',*,*,#1945,.T.);
#2264 = ORIENTED_EDGE('',*,*,#2094,.T.);
#2265 = ORIENTED_EDGE('',*,*,#2017,.T.);
#2266 = FACE_BOUND('',#2267,.F.);
#2267 = EDGE_LOOP('',(#2268,#2269,#2270));
#2268 = ORIENTED_EDGE('',*,*,#1671,.T.);
#2269 = ORIENTED_EDGE('',*,*,#1820,.T.);
#2270 = ORIENTED_EDGE('',*,*,#1743,.T.);
#2271 = CYLINDRICAL_SURFACE('',#2272,10.75);
#2272 = AXIS2_PLACEMENT_3D('',#2273,#2274,#2275);
#2273 = CARTESIAN_POINT('',(10.75,2.39E-15,10.75));
#2274 = DIRECTION('',(0.,-1.,2.2E-16));
#2275 = DIRECTION('',(1.,0.,0.));
#2276 = ADVANCED_FACE('',(#2277),#2321,.T.);
#2277 = FACE_BOUND('',#2278,.T.);
#2278 = EDGE_LOOP('',(#2279,#2280,#2281,#2282,#2290,#2298,#2306,#2312,
    #2313,#2314,#2315,#2316,#2317,#2318,#2319,#2320));
#2279 = ORIENTED_EDGE('',*,*,#275,.F.);
#2280 = ORIENTED_EDGE('',*,*,#709,.F.);
#2281 = ORIENTED_EDGE('',*,*,#517,.T.);
#2282 = ORIENTED_EDGE('',*,*,#2283,.F.);
#2283 = EDGE_CURVE('',#2284,#518,#2286,.T.);
#2284 = VERTEX_POINT('',#2285);
#2285 = CARTESIAN_POINT('',(30.75,-2.,3.));
#2286 = LINE('',#2287,#2288);
#2287 = CARTESIAN_POINT('',(30.75,-2.,4.));
#2288 = VECTOR('',#2289,1.);
#2289 = DIRECTION('',(0.,0.,-1.));
#2290 = ORIENTED_EDGE('',*,*,#2291,.T.);
#2291 = EDGE_CURVE('',#2284,#2292,#2294,.T.);
#2292 = VERTEX_POINT('',#2293);
#2293 = CARTESIAN_POINT('',(31.75,-2.,4.));
#2294 = LINE('',#2295,#2296);
#2295 = CARTESIAN_POINT('',(34.4375,-2.,6.6875));
#2296 = VECTOR('',#2297,1.);
#2297 = DIRECTION('',(0.707106781187,0.,0.707106781187));
#2298 = ORIENTED_EDGE('',*,*,#2299,.F.);
#2299 = EDGE_CURVE('',#2300,#2292,#2302,.T.);
#2300 = VERTEX_POINT('',#2301);
#2301 = CARTESIAN_POINT('',(32.75,-2.,4.));
#2302 = LINE('',#2303,#2304);
#2303 = CARTESIAN_POINT('',(33.75,-2.,4.));
#2304 = VECTOR('',#2305,1.);
#2305 = DIRECTION('',(-1.,0.,0.));
#2306 = ORIENTED_EDGE('',*,*,#2307,.F.);
#2307 = EDGE_CURVE('',#228,#2300,#2308,.T.);
#2308 = LINE('',#2309,#2310);
#2309 = CARTESIAN_POINT('',(35.4375,-2.,1.3125));
#2310 = VECTOR('',#2311,1.);
#2311 = DIRECTION('',(-0.707106781187,0.,0.707106781187));
#2312 = ORIENTED_EDGE('',*,*,#227,.F.);
#2313 = ORIENTED_EDGE('',*,*,#407,.T.);
#2314 = ORIENTED_EDGE('',*,*,#687,.F.);
#2315 = ORIENTED_EDGE('',*,*,#623,.F.);
#2316 = ORIENTED_EDGE('',*,*,#592,.T.);
#2317 = ORIENTED_EDGE('',*,*,#494,.T.);
#2318 = ORIENTED_EDGE('',*,*,#368,.F.);
#2319 = ORIENTED_EDGE('',*,*,#344,.T.);
#2320 = ORIENTED_EDGE('',*,*,#306,.F.);
#2321 = PLANE('',#2322);
#2322 = AXIS2_PLACEMENT_3D('',#2323,#2324,#2325);
#2323 = CARTESIAN_POINT('',(21.5,-2.,4.0345562046));
#2324 = DIRECTION('',(-0.,-1.,-0.));
#2325 = DIRECTION('',(0.,0.,-1.));
#2326 = ADVANCED_FACE('',(#2327),#2352,.T.);
#2327 = FACE_BOUND('',#2328,.T.);
#2328 = EDGE_LOOP('',(#2329,#2339,#2345,#2346));
#2329 = ORIENTED_EDGE('',*,*,#2330,.F.);
#2330 = EDGE_CURVE('',#2331,#2333,#2335,.T.);
#2331 = VERTEX_POINT('',#2332);
#2332 = CARTESIAN_POINT('',(32.75,1.E-15,4.));
#2333 = VERTEX_POINT('',#2334);
#2334 = CARTESIAN_POINT('',(31.75,1.E-15,4.));
#2335 = LINE('',#2336,#2337);
#2336 = CARTESIAN_POINT('',(33.75,0.,4.));
#2337 = VECTOR('',#2338,1.);
#2338 = DIRECTION('',(-1.,0.,0.));
#2339 = ORIENTED_EDGE('',*,*,#2340,.T.);
#2340 = EDGE_CURVE('',#2331,#2300,#2341,.T.);
#2341 = LINE('',#2342,#2343);
#2342 = CARTESIAN_POINT('',(32.75,8.9E-16,4.));
#2343 = VECTOR('',#2344,1.);
#2344 = DIRECTION('',(0.,-1.,2.2E-16));
#2345 = ORIENTED_EDGE('',*,*,#2299,.T.);
#2346 = ORIENTED_EDGE('',*,*,#2347,.F.);
#2347 = EDGE_CURVE('',#2333,#2292,#2348,.T.);
#2348 = LINE('',#2349,#2350);
#2349 = CARTESIAN_POINT('',(31.75,8.9E-16,4.));
#2350 = VECTOR('',#2351,1.);
#2351 = DIRECTION('',(0.,-1.,2.2E-16));
#2352 = PLANE('',#2353);
#2353 = AXIS2_PLACEMENT_3D('',#2354,#2355,#2356);
#2354 = CARTESIAN_POINT('',(33.75,8.9E-16,4.));
#2355 = DIRECTION('',(-0.,-2.2E-16,-1.));
#2356 = DIRECTION('',(-1.,0.,0.));
#2357 = ADVANCED_FACE('',(#2358),#2369,.F.);
#2358 = FACE_BOUND('',#2359,.T.);
#2359 = EDGE_LOOP('',(#2360,#2366,#2367,#2368));
#2360 = ORIENTED_EDGE('',*,*,#2361,.F.);
#2361 = EDGE_CURVE('',#236,#2331,#2362,.T.);
#2362 = LINE('',#2363,#2364);
#2363 = CARTESIAN_POINT('',(34.794251824817,1.06E-15,1.955748175183));
#2364 = VECTOR('',#2365,1.);
#2365 = DIRECTION('',(-0.707106781187,0.,0.707106781187));
#2366 = ORIENTED_EDGE('',*,*,#235,.T.);
#2367 = ORIENTED_EDGE('',*,*,#2307,.T.);
#2368 = ORIENTED_EDGE('',*,*,#2340,.F.);
#2369 = PLANE('',#2370);
#2370 = AXIS2_PLACEMENT_3D('',#2371,#2372,#2373);
#2371 = CARTESIAN_POINT('',(33.25,7.8E-16,3.5));
#2372 = DIRECTION('',(0.707106781187,1.1E-16,0.707106781187));
#2373 = DIRECTION('',(3.221825406948E-17,1.,-1.877817459305E-16));
#2374 = ADVANCED_FACE('',(#2375),#2393,.F.);
#2375 = FACE_BOUND('',#2376,.F.);
#2376 = EDGE_LOOP('',(#2377,#2385,#2391,#2392));
#2377 = ORIENTED_EDGE('',*,*,#2378,.F.);
#2378 = EDGE_CURVE('',#2379,#2333,#2381,.T.);
#2379 = VERTEX_POINT('',#2380);
#2380 = CARTESIAN_POINT('',(30.75,1.E-15,3.));
#2381 = LINE('',#2382,#2383);
#2382 = CARTESIAN_POINT('',(34.845346715328,1.06E-15,7.095346715328));
#2383 = VECTOR('',#2384,1.);
#2384 = DIRECTION('',(0.707106781187,0.,0.707106781187));
#2385 = ORIENTED_EDGE('',*,*,#2386,.T.);
#2386 = EDGE_CURVE('',#2379,#2284,#2387,.T.);
#2387 = LINE('',#2388,#2389);
#2388 = CARTESIAN_POINT('',(30.75,6.7E-16,3.));
#2389 = VECTOR('',#2390,1.);
#2390 = DIRECTION('',(0.,-1.,2.2E-16));
#2391 = ORIENTED_EDGE('',*,*,#2291,.T.);
#2392 = ORIENTED_EDGE('',*,*,#2347,.F.);
#2393 = PLANE('',#2394);
#2394 = AXIS2_PLACEMENT_3D('',#2395,#2396,#2397);
#2395 = CARTESIAN_POINT('',(31.25,7.8E-16,3.5));
#2396 = DIRECTION('',(-0.707106781187,1.7E-16,0.707106781187));
#2397 = DIRECTION('',(-1.020815280171E-17,-1.,2.302081528017E-16));
#2398 = ADVANCED_FACE('',(#2399),#2440,.T.);
#2399 = FACE_BOUND('',#2400,.T.);
#2400 = EDGE_LOOP('',(#2401,#2409,#2410,#2418,#2426,#2434));
#2401 = ORIENTED_EDGE('',*,*,#2402,.F.);
#2402 = EDGE_CURVE('',#424,#2403,#2405,.T.);
#2403 = VERTEX_POINT('',#2404);
#2404 = CARTESIAN_POINT('',(33.75,84.,3.));
#2405 = LINE('',#2406,#2407);
#2406 = CARTESIAN_POINT('',(33.75,84.,-3.));
#2407 = VECTOR('',#2408,1.);
#2408 = DIRECTION('',(0.,0.,1.));
#2409 = ORIENTED_EDGE('',*,*,#431,.F.);
#2410 = ORIENTED_EDGE('',*,*,#2411,.F.);
#2411 = EDGE_CURVE('',#2412,#432,#2414,.T.);
#2412 = VERTEX_POINT('',#2413);
#2413 = CARTESIAN_POINT('',(33.75,80.000000000035,0.));
#2414 = LINE('',#2415,#2416);
#2415 = CARTESIAN_POINT('',(33.75,80.000000000035,100.13782002819));
#2416 = VECTOR('',#2417,1.);
#2417 = DIRECTION('',(-0.,-0.,-1.));
#2418 = ORIENTED_EDGE('',*,*,#2419,.T.);
#2419 = EDGE_CURVE('',#2412,#2420,#2422,.T.);
#2420 = VERTEX_POINT('',#2421);
#2421 = CARTESIAN_POINT('',(33.75,82.,0.));
#2422 = LINE('',#2423,#2424);
#2423 = CARTESIAN_POINT('',(33.75,60.500000000018,0.));
#2424 = VECTOR('',#2425,1.);
#2425 = DIRECTION('',(0.,1.,0.));
#2426 = ORIENTED_EDGE('',*,*,#2427,.T.);
#2427 = EDGE_CURVE('',#2420,#2428,#2430,.T.);
#2428 = VERTEX_POINT('',#2429);
#2429 = CARTESIAN_POINT('',(33.75,82.,3.));
#2430 = LINE('',#2431,#2432);
#2431 = CARTESIAN_POINT('',(33.75,82.,-3.));
#2432 = VECTOR('',#2433,1.);
#2433 = DIRECTION('',(0.,2.2E-16,1.));
#2434 = ORIENTED_EDGE('',*,*,#2435,.F.);
#2435 = EDGE_CURVE('',#2403,#2428,#2436,.T.);
#2436 = LINE('',#2437,#2438);
#2437 = CARTESIAN_POINT('',(33.75,84.,3.));
#2438 = VECTOR('',#2439,1.);
#2439 = DIRECTION('',(0.,-1.,2.2E-16));
#2440 = PLANE('',#2441);
#2441 = AXIS2_PLACEMENT_3D('',#2442,#2443,#2444);
#2442 = CARTESIAN_POINT('',(33.75,82.300000000013,-0.299999999996));
#2443 = DIRECTION('',(-1.,-0.,-0.));
#2444 = DIRECTION('',(0.,0.,-1.));
#2445 = ADVANCED_FACE('',(#2446),#2471,.T.);
#2446 = FACE_BOUND('',#2447,.T.);
#2447 = EDGE_LOOP('',(#2448,#2456,#2457,#2465));
#2448 = ORIENTED_EDGE('',*,*,#2449,.F.);
#2449 = EDGE_CURVE('',#2420,#2450,#2452,.T.);
#2450 = VERTEX_POINT('',#2451);
#2451 = CARTESIAN_POINT('',(35.75,82.,0.));
#2452 = LINE('',#2453,#2454);
#2453 = CARTESIAN_POINT('',(28.75,82.,0.));
#2454 = VECTOR('',#2455,1.);
#2455 = DIRECTION('',(1.,0.,0.));
#2456 = ORIENTED_EDGE('',*,*,#2419,.F.);
#2457 = ORIENTED_EDGE('',*,*,#2458,.T.);
#2458 = EDGE_CURVE('',#2412,#2459,#2461,.T.);
#2459 = VERTEX_POINT('',#2460);
#2460 = CARTESIAN_POINT('',(35.75,80.,0.));
#2461 = LINE('',#2462,#2463);
#2462 = CARTESIAN_POINT('',(28.75,80.,0.));
#2463 = VECTOR('',#2464,1.);
#2464 = DIRECTION('',(1.,0.,0.));
#2465 = ORIENTED_EDGE('',*,*,#2466,.T.);
#2466 = EDGE_CURVE('',#2459,#2450,#2467,.T.);
#2467 = LINE('',#2468,#2469);
#2468 = CARTESIAN_POINT('',(35.75,80.,0.));
#2469 = VECTOR('',#2470,1.);
#2470 = DIRECTION('',(0.,1.,0.));
#2471 = PLANE('',#2472);
#2472 = AXIS2_PLACEMENT_3D('',#2473,#2474,#2475);
#2473 = CARTESIAN_POINT('',(32.25,41.,0.));
#2474 = DIRECTION('',(0.,0.,1.));
#2475 = DIRECTION('',(1.,0.,0.));
#2476 = ADVANCED_FACE('',(#2477),#2502,.T.);
#2477 = FACE_BOUND('',#2478,.T.);
#2478 = EDGE_LOOP('',(#2479,#2480,#2488,#2496));
#2479 = ORIENTED_EDGE('',*,*,#2466,.F.);
#2480 = ORIENTED_EDGE('',*,*,#2481,.T.);
#2481 = EDGE_CURVE('',#2459,#2482,#2484,.T.);
#2482 = VERTEX_POINT('',#2483);
#2483 = CARTESIAN_POINT('',(35.75,80.,10.5));
#2484 = LINE('',#2485,#2486);
#2485 = CARTESIAN_POINT('',(35.75,80.,0.));
#2486 = VECTOR('',#2487,1.);
#2487 = DIRECTION('',(0.,0.,1.));
#2488 = ORIENTED_EDGE('',*,*,#2489,.F.);
#2489 = EDGE_CURVE('',#2490,#2482,#2492,.T.);
#2490 = VERTEX_POINT('',#2491);
#2491 = CARTESIAN_POINT('',(35.75,82.,10.5));
#2492 = LINE('',#2493,#2494);
#2493 = CARTESIAN_POINT('',(35.75,60.5,10.5));
#2494 = VECTOR('',#2495,1.);
#2495 = DIRECTION('',(0.,-1.,0.));
#2496 = ORIENTED_EDGE('',*,*,#2497,.F.);
#2497 = EDGE_CURVE('',#2450,#2490,#2498,.T.);
#2498 = LINE('',#2499,#2500);
#2499 = CARTESIAN_POINT('',(35.75,82.,0.));
#2500 = VECTOR('',#2501,1.);
#2501 = DIRECTION('',(0.,0.,1.));
#2502 = PLANE('',#2503);
#2503 = AXIS2_PLACEMENT_3D('',#2504,#2505,#2506);
#2504 = CARTESIAN_POINT('',(35.75,80.,0.));
#2505 = DIRECTION('',(-1.,0.,0.));
#2506 = DIRECTION('',(0.,1.,0.));
#2507 = ADVANCED_FACE('',(#2508),#2542,.T.);
#2508 = FACE_BOUND('',#2509,.T.);
#2509 = EDGE_LOOP('',(#2510,#2520,#2528,#2536));
#2510 = ORIENTED_EDGE('',*,*,#2511,.F.);
#2511 = EDGE_CURVE('',#2512,#2514,#2516,.T.);
#2512 = VERTEX_POINT('',#2513);
#2513 = CARTESIAN_POINT('',(32.75,84.,4.));
#2514 = VERTEX_POINT('',#2515);
#2515 = CARTESIAN_POINT('',(31.75,84.,4.));
#2516 = LINE('',#2517,#2518);
#2517 = CARTESIAN_POINT('',(33.75,84.,4.));
#2518 = VECTOR('',#2519,1.);
#2519 = DIRECTION('',(-1.,0.,0.));
#2520 = ORIENTED_EDGE('',*,*,#2521,.T.);
#2521 = EDGE_CURVE('',#2512,#2522,#2524,.T.);
#2522 = VERTEX_POINT('',#2523);
#2523 = CARTESIAN_POINT('',(32.75,82.,4.));
#2524 = LINE('',#2525,#2526);
#2525 = CARTESIAN_POINT('',(32.75,84.,4.));
#2526 = VECTOR('',#2527,1.);
#2527 = DIRECTION('',(0.,-1.,2.2E-16));
#2528 = ORIENTED_EDGE('',*,*,#2529,.T.);
#2529 = EDGE_CURVE('',#2522,#2530,#2532,.T.);
#2530 = VERTEX_POINT('',#2531);
#2531 = CARTESIAN_POINT('',(31.75,82.,4.));
#2532 = LINE('',#2533,#2534);
#2533 = CARTESIAN_POINT('',(33.75,82.,4.));
#2534 = VECTOR('',#2535,1.);
#2535 = DIRECTION('',(-1.,0.,0.));
#2536 = ORIENTED_EDGE('',*,*,#2537,.F.);
#2537 = EDGE_CURVE('',#2514,#2530,#2538,.T.);
#2538 = LINE('',#2539,#2540);
#2539 = CARTESIAN_POINT('',(31.75,84.,4.));
#2540 = VECTOR('',#2541,1.);
#2541 = DIRECTION('',(0.,-1.,2.2E-16));
#2542 = PLANE('',#2543);
#2543 = AXIS2_PLACEMENT_3D('',#2544,#2545,#2546);
#2544 = CARTESIAN_POINT('',(33.75,84.,4.));
#2545 = DIRECTION('',(-0.,-2.2E-16,-1.));
#2546 = DIRECTION('',(-1.,0.,0.));
#2547 = ADVANCED_FACE('',(#2548),#2564,.F.);
#2548 = FACE_BOUND('',#2549,.F.);
#2549 = EDGE_LOOP('',(#2550,#2556,#2557,#2563));
#2550 = ORIENTED_EDGE('',*,*,#2551,.F.);
#2551 = EDGE_CURVE('',#2512,#2403,#2552,.T.);
#2552 = LINE('',#2553,#2554);
#2553 = CARTESIAN_POINT('',(35.4375,84.,1.3125));
#2554 = VECTOR('',#2555,1.);
#2555 = DIRECTION('',(0.707106781187,0.,-0.707106781187));
#2556 = ORIENTED_EDGE('',*,*,#2521,.T.);
#2557 = ORIENTED_EDGE('',*,*,#2558,.T.);
#2558 = EDGE_CURVE('',#2522,#2428,#2559,.T.);
#2559 = LINE('',#2560,#2561);
#2560 = CARTESIAN_POINT('',(34.794251824817,82.,1.955748175182));
#2561 = VECTOR('',#2562,1.);
#2562 = DIRECTION('',(0.707106781187,0.,-0.707106781187));
#2563 = ORIENTED_EDGE('',*,*,#2435,.F.);
#2564 = PLANE('',#2565);
#2565 = AXIS2_PLACEMENT_3D('',#2566,#2567,#2568);
#2566 = CARTESIAN_POINT('',(33.25,84.,3.5));
#2567 = DIRECTION('',(0.707106781187,1.4E-16,0.707106781187));
#2568 = DIRECTION('',(-1.100505063388E-17,-1.,2.089949493661E-16));
#2569 = ADVANCED_FACE('',(#2570),#2586,.F.);
#2570 = FACE_BOUND('',#2571,.T.);
#2571 = EDGE_LOOP('',(#2572,#2578,#2579,#2585));
#2572 = ORIENTED_EDGE('',*,*,#2573,.F.);
#2573 = EDGE_CURVE('',#2514,#110,#2574,.T.);
#2574 = LINE('',#2575,#2576);
#2575 = CARTESIAN_POINT('',(34.4375,84.,6.6875));
#2576 = VECTOR('',#2577,1.);
#2577 = DIRECTION('',(-0.707106781187,0.,-0.707106781187));
#2578 = ORIENTED_EDGE('',*,*,#2537,.T.);
#2579 = ORIENTED_EDGE('',*,*,#2580,.T.);
#2580 = EDGE_CURVE('',#2530,#118,#2581,.T.);
#2581 = LINE('',#2582,#2583);
#2582 = CARTESIAN_POINT('',(34.845346715328,82.,7.095346715328));
#2583 = VECTOR('',#2584,1.);
#2584 = DIRECTION('',(-0.707106781187,0.,-0.707106781187));
#2585 = ORIENTED_EDGE('',*,*,#117,.F.);
#2586 = PLANE('',#2587);
#2587 = AXIS2_PLACEMENT_3D('',#2588,#2589,#2590);
#2588 = CARTESIAN_POINT('',(31.25,84.,3.5));
#2589 = DIRECTION('',(-0.707106781187,1.7E-16,0.707106781187));
#2590 = DIRECTION('',(1.020815280171E-17,1.,-2.302081528017E-16));
#2591 = ADVANCED_FACE('',(#2592),#2619,.T.);
#2592 = FACE_BOUND('',#2593,.T.);
#2593 = EDGE_LOOP('',(#2594,#2595,#2596,#2597,#2605,#2613));
#2594 = ORIENTED_EDGE('',*,*,#2386,.T.);
#2595 = ORIENTED_EDGE('',*,*,#2283,.T.);
#2596 = ORIENTED_EDGE('',*,*,#525,.F.);
#2597 = ORIENTED_EDGE('',*,*,#2598,.F.);
#2598 = EDGE_CURVE('',#2599,#526,#2601,.T.);
#2599 = VERTEX_POINT('',#2600);
#2600 = CARTESIAN_POINT('',(30.75,2.,0.));
#2601 = LINE('',#2602,#2603);
#2602 = CARTESIAN_POINT('',(30.75,2.,100.13782002819));
#2603 = VECTOR('',#2604,1.);
#2604 = DIRECTION('',(-0.,-0.,-1.));
#2605 = ORIENTED_EDGE('',*,*,#2606,.T.);
#2606 = EDGE_CURVE('',#2599,#2607,#2609,.T.);
#2607 = VERTEX_POINT('',#2608);
#2608 = CARTESIAN_POINT('',(30.75,0.,0.));
#2609 = LINE('',#2610,#2611);
#2610 = CARTESIAN_POINT('',(30.75,21.5,0.));
#2611 = VECTOR('',#2612,1.);
#2612 = DIRECTION('',(0.,-1.,0.));
#2613 = ORIENTED_EDGE('',*,*,#2614,.F.);
#2614 = EDGE_CURVE('',#2379,#2607,#2615,.T.);
#2615 = LINE('',#2616,#2617);
#2616 = CARTESIAN_POINT('',(30.75,8.9E-16,4.));
#2617 = VECTOR('',#2618,1.);
#2618 = DIRECTION('',(0.,-2.2E-16,-1.));
#2619 = PLANE('',#2620);
#2620 = AXIS2_PLACEMENT_3D('',#2621,#2622,#2623);
#2621 = CARTESIAN_POINT('',(30.75,-0.3,-0.3));
#2622 = DIRECTION('',(1.,0.,0.));
#2623 = DIRECTION('',(0.,0.,1.));
#2624 = ADVANCED_FACE('',(#2625),#2650,.T.);
#2625 = FACE_BOUND('',#2626,.T.);
#2626 = EDGE_LOOP('',(#2627,#2637,#2643,#2644));
#2627 = ORIENTED_EDGE('',*,*,#2628,.T.);
#2628 = EDGE_CURVE('',#2629,#2631,#2633,.T.);
#2629 = VERTEX_POINT('',#2630);
#2630 = CARTESIAN_POINT('',(28.75,2.,0.));
#2631 = VERTEX_POINT('',#2632);
#2632 = CARTESIAN_POINT('',(28.75,5.E-15,0.));
#2633 = LINE('',#2634,#2635);
#2634 = CARTESIAN_POINT('',(28.75,2.,0.));
#2635 = VECTOR('',#2636,1.);
#2636 = DIRECTION('',(0.,-1.,0.));
#2637 = ORIENTED_EDGE('',*,*,#2638,.T.);
#2638 = EDGE_CURVE('',#2631,#2607,#2639,.T.);
#2639 = LINE('',#2640,#2641);
#2640 = CARTESIAN_POINT('',(28.75,5.33E-15,0.));
#2641 = VECTOR('',#2642,1.);
#2642 = DIRECTION('',(1.,0.,0.));
#2643 = ORIENTED_EDGE('',*,*,#2606,.F.);
#2644 = ORIENTED_EDGE('',*,*,#2645,.T.);
#2645 = EDGE_CURVE('',#2599,#2629,#2646,.T.);
#2646 = LINE('',#2647,#2648);
#2647 = CARTESIAN_POINT('',(35.75,2.,0.));
#2648 = VECTOR('',#2649,1.);
#2649 = DIRECTION('',(-1.,0.,0.));
#2650 = PLANE('',#2651);
#2651 = AXIS2_PLACEMENT_3D('',#2652,#2653,#2654);
#2652 = CARTESIAN_POINT('',(32.25,41.,0.));
#2653 = DIRECTION('',(0.,0.,1.));
#2654 = DIRECTION('',(1.,0.,0.));
#2655 = ADVANCED_FACE('',(#2656),#2681,.T.);
#2656 = FACE_BOUND('',#2657,.T.);
#2657 = EDGE_LOOP('',(#2658,#2659,#2667,#2675));
#2658 = ORIENTED_EDGE('',*,*,#2628,.F.);
#2659 = ORIENTED_EDGE('',*,*,#2660,.T.);
#2660 = EDGE_CURVE('',#2629,#2661,#2663,.T.);
#2661 = VERTEX_POINT('',#2662);
#2662 = CARTESIAN_POINT('',(28.75,2.,10.5));
#2663 = LINE('',#2664,#2665);
#2664 = CARTESIAN_POINT('',(28.75,2.,0.));
#2665 = VECTOR('',#2666,1.);
#2666 = DIRECTION('',(0.,0.,1.));
#2667 = ORIENTED_EDGE('',*,*,#2668,.F.);
#2668 = EDGE_CURVE('',#2669,#2661,#2671,.T.);
#2669 = VERTEX_POINT('',#2670);
#2670 = CARTESIAN_POINT('',(28.75,3.E-15,10.5));
#2671 = LINE('',#2672,#2673);
#2672 = CARTESIAN_POINT('',(28.75,21.5,10.5));
#2673 = VECTOR('',#2674,1.);
#2674 = DIRECTION('',(0.,1.,0.));
#2675 = ORIENTED_EDGE('',*,*,#2676,.F.);
#2676 = EDGE_CURVE('',#2631,#2669,#2677,.T.);
#2677 = LINE('',#2678,#2679);
#2678 = CARTESIAN_POINT('',(28.75,5.33E-15,0.));
#2679 = VECTOR('',#2680,1.);
#2680 = DIRECTION('',(0.,0.,1.));
#2681 = PLANE('',#2682);
#2682 = AXIS2_PLACEMENT_3D('',#2683,#2684,#2685);
#2683 = CARTESIAN_POINT('',(28.75,2.,0.));
#2684 = DIRECTION('',(1.,0.,0.));
#2685 = DIRECTION('',(0.,-1.,0.));
#2686 = ADVANCED_FACE('',(#2687),#2728,.T.);
#2687 = FACE_BOUND('',#2688,.T.);
#2688 = EDGE_LOOP('',(#2689,#2690,#2691,#2692,#2693,#2699,#2700,#2701,
    #2702,#2708,#2709,#2710,#2711,#2712,#2713,#2714,#2715,#2716,#2717,
    #2723,#2724,#2725,#2726,#2727));
#2689 = ORIENTED_EDGE('',*,*,#328,.F.);
#2690 = ORIENTED_EDGE('',*,*,#359,.T.);
#2691 = ORIENTED_EDGE('',*,*,#757,.F.);
#2692 = ORIENTED_EDGE('',*,*,#1247,.T.);
#2693 = ORIENTED_EDGE('',*,*,#2694,.T.);
#2694 = EDGE_CURVE('',#1240,#1168,#2695,.T.);
#2695 = LINE('',#2696,#2697);
#2696 = CARTESIAN_POINT('',(21.5,0.,10.5));
#2697 = VECTOR('',#2698,1.);
#2698 = DIRECTION('',(-1.,0.,0.));
#2699 = ORIENTED_EDGE('',*,*,#1167,.T.);
#2700 = ORIENTED_EDGE('',*,*,#673,.T.);
#2701 = ORIENTED_EDGE('',*,*,#1081,.F.);
#2702 = ORIENTED_EDGE('',*,*,#2703,.T.);
#2703 = EDGE_CURVE('',#1074,#181,#2704,.T.);
#2704 = LINE('',#2705,#2706);
#2705 = CARTESIAN_POINT('',(43.,0.,10.5));
#2706 = VECTOR('',#2707,1.);
#2707 = DIRECTION('',(-1.,0.,0.));
#2708 = ORIENTED_EDGE('',*,*,#180,.F.);
#2709 = ORIENTED_EDGE('',*,*,#149,.F.);
#2710 = ORIENTED_EDGE('',*,*,#243,.T.);
#2711 = ORIENTED_EDGE('',*,*,#2361,.T.);
#2712 = ORIENTED_EDGE('',*,*,#2330,.T.);
#2713 = ORIENTED_EDGE('',*,*,#2378,.F.);
#2714 = ORIENTED_EDGE('',*,*,#2614,.T.);
#2715 = ORIENTED_EDGE('',*,*,#2638,.F.);
#2716 = ORIENTED_EDGE('',*,*,#2676,.T.);
#2717 = ORIENTED_EDGE('',*,*,#2718,.T.);
#2718 = EDGE_CURVE('',#2669,#1215,#2719,.T.);
#2719 = LINE('',#2720,#2721);
#2720 = CARTESIAN_POINT('',(43.,0.,10.5));
#2721 = VECTOR('',#2722,1.);
#2722 = DIRECTION('',(-1.,0.,0.));
#2723 = ORIENTED_EDGE('',*,*,#1214,.F.);
#2724 = ORIENTED_EDGE('',*,*,#1190,.F.);
#2725 = ORIENTED_EDGE('',*,*,#716,.T.);
#2726 = ORIENTED_EDGE('',*,*,#257,.T.);
#2727 = ORIENTED_EDGE('',*,*,#297,.T.);
#2728 = PLANE('',#2729);
#2729 = AXIS2_PLACEMENT_3D('',#2730,#2731,#2732);
#2730 = CARTESIAN_POINT('',(21.5,1.92E-15,7.746255755988));
#2731 = DIRECTION('',(0.,1.,2.6E-16));
#2732 = DIRECTION('',(0.,-2.6E-16,1.));
#2733 = ADVANCED_FACE('',(#2734),#2749,.T.);
#2734 = FACE_BOUND('',#2735,.T.);
#2735 = EDGE_LOOP('',(#2736,#2737,#2738,#2739,#2740,#2741,#2747,#2748));
#2736 = ORIENTED_EDGE('',*,*,#2598,.T.);
#2737 = ORIENTED_EDGE('',*,*,#533,.F.);
#2738 = ORIENTED_EDGE('',*,*,#211,.F.);
#2739 = ORIENTED_EDGE('',*,*,#165,.F.);
#2740 = ORIENTED_EDGE('',*,*,#196,.T.);
#2741 = ORIENTED_EDGE('',*,*,#2742,.F.);
#2742 = EDGE_CURVE('',#2661,#189,#2743,.T.);
#2743 = LINE('',#2744,#2745);
#2744 = CARTESIAN_POINT('',(34.,2.,10.5));
#2745 = VECTOR('',#2746,1.);
#2746 = DIRECTION('',(1.,0.,0.));
#2747 = ORIENTED_EDGE('',*,*,#2660,.F.);
#2748 = ORIENTED_EDGE('',*,*,#2645,.F.);
#2749 = PLANE('',#2750);
#2750 = AXIS2_PLACEMENT_3D('',#2751,#2752,#2753);
#2751 = CARTESIAN_POINT('',(32.25,2.,4.042682926829));
#2752 = DIRECTION('',(0.,-1.,5.1E-16));
#2753 = DIRECTION('',(0.,-5.1E-16,-1.));
#2754 = ADVANCED_FACE('',(#2755),#2773,.T.);
#2755 = FACE_BOUND('',#2756,.T.);
#2756 = EDGE_LOOP('',(#2757,#2758,#2759,#2760,#2761,#2762,#2763,#2764,
    #2765,#2766,#2767,#2768,#2769,#2770,#2771,#2772));
#2757 = ORIENTED_EDGE('',*,*,#1261,.T.);
#2758 = ORIENTED_EDGE('',*,*,#941,.T.);
#2759 = ORIENTED_EDGE('',*,*,#478,.T.);
#2760 = ORIENTED_EDGE('',*,*,#608,.T.);
#2761 = ORIENTED_EDGE('',*,*,#639,.F.);
#2762 = ORIENTED_EDGE('',*,*,#694,.F.);
#2763 = ORIENTED_EDGE('',*,*,#423,.T.);
#2764 = ORIENTED_EDGE('',*,*,#2402,.T.);
#2765 = ORIENTED_EDGE('',*,*,#2551,.F.);
#2766 = ORIENTED_EDGE('',*,*,#2511,.T.);
#2767 = ORIENTED_EDGE('',*,*,#2573,.T.);
#2768 = ORIENTED_EDGE('',*,*,#109,.T.);
#2769 = ORIENTED_EDGE('',*,*,#446,.T.);
#2770 = ORIENTED_EDGE('',*,*,#838,.T.);
#2771 = ORIENTED_EDGE('',*,*,#1323,.F.);
#2772 = ORIENTED_EDGE('',*,*,#1292,.T.);
#2773 = PLANE('',#2774);
#2774 = AXIS2_PLACEMENT_3D('',#2775,#2776,#2777);
#2775 = CARTESIAN_POINT('',(21.5,84.,4.0345562046));
#2776 = DIRECTION('',(0.,1.,0.));
#2777 = DIRECTION('',(0.,-0.,1.));
#2778 = ADVANCED_FACE('',(#2779),#2794,.T.);
#2779 = FACE_BOUND('',#2780,.T.);
#2780 = EDGE_LOOP('',(#2781,#2782,#2783,#2784,#2785,#2786,#2792,#2793));
#2781 = ORIENTED_EDGE('',*,*,#2411,.T.);
#2782 = ORIENTED_EDGE('',*,*,#439,.F.);
#2783 = ORIENTED_EDGE('',*,*,#93,.F.);
#2784 = ORIENTED_EDGE('',*,*,#39,.F.);
#2785 = ORIENTED_EDGE('',*,*,#78,.T.);
#2786 = ORIENTED_EDGE('',*,*,#2787,.F.);
#2787 = EDGE_CURVE('',#2482,#71,#2788,.T.);
#2788 = LINE('',#2789,#2790);
#2789 = CARTESIAN_POINT('',(30.5,80.,10.5));
#2790 = VECTOR('',#2791,1.);
#2791 = DIRECTION('',(-1.,0.,0.));
#2792 = ORIENTED_EDGE('',*,*,#2481,.F.);
#2793 = ORIENTED_EDGE('',*,*,#2458,.F.);
#2794 = PLANE('',#2795);
#2795 = AXIS2_PLACEMENT_3D('',#2796,#2797,#2798);
#2796 = CARTESIAN_POINT('',(32.25,80.000000000008,4.042682926829));
#2797 = DIRECTION('',(0.,1.,1.46413E-12));
#2798 = DIRECTION('',(0.,-1.46413E-12,1.));
#2799 = ADVANCED_FACE('',(#2800),#2841,.T.);
#2800 = FACE_BOUND('',#2801,.T.);
#2801 = EDGE_LOOP('',(#2802,#2803,#2804,#2805,#2811,#2812,#2813,#2814,
    #2815,#2816,#2817,#2818,#2819,#2820,#2826,#2827,#2828,#2829,#2830,
    #2831,#2832,#2833,#2834,#2835));
#2802 = ORIENTED_EDGE('',*,*,#1088,.T.);
#2803 = ORIENTED_EDGE('',*,*,#657,.T.);
#2804 = ORIENTED_EDGE('',*,*,#1160,.F.);
#2805 = ORIENTED_EDGE('',*,*,#2806,.F.);
#2806 = EDGE_CURVE('',#1395,#1153,#2807,.T.);
#2807 = LINE('',#2808,#2809);
#2808 = CARTESIAN_POINT('',(21.5,82.,10.5));
#2809 = VECTOR('',#2810,1.);
#2810 = DIRECTION('',(-1.,0.,0.));
#2811 = ORIENTED_EDGE('',*,*,#1394,.F.);
#2812 = ORIENTED_EDGE('',*,*,#1369,.T.);
#2813 = ORIENTED_EDGE('',*,*,#923,.F.);
#2814 = ORIENTED_EDGE('',*,*,#1277,.F.);
#2815 = ORIENTED_EDGE('',*,*,#1308,.F.);
#2816 = ORIENTED_EDGE('',*,*,#1330,.T.);
#2817 = ORIENTED_EDGE('',*,*,#820,.F.);
#2818 = ORIENTED_EDGE('',*,*,#1345,.T.);
#2819 = ORIENTED_EDGE('',*,*,#1427,.T.);
#2820 = ORIENTED_EDGE('',*,*,#2821,.F.);
#2821 = EDGE_CURVE('',#63,#1420,#2822,.T.);
#2822 = LINE('',#2823,#2824);
#2823 = CARTESIAN_POINT('',(21.5,82.,10.5));
#2824 = VECTOR('',#2825,1.);
#2825 = DIRECTION('',(-1.,0.,0.));
#2826 = ORIENTED_EDGE('',*,*,#62,.F.);
#2827 = ORIENTED_EDGE('',*,*,#21,.T.);
#2828 = ORIENTED_EDGE('',*,*,#125,.F.);
#2829 = ORIENTED_EDGE('',*,*,#2580,.F.);
#2830 = ORIENTED_EDGE('',*,*,#2529,.F.);
#2831 = ORIENTED_EDGE('',*,*,#2558,.T.);
#2832 = ORIENTED_EDGE('',*,*,#2427,.F.);
#2833 = ORIENTED_EDGE('',*,*,#2449,.T.);
#2834 = ORIENTED_EDGE('',*,*,#2497,.T.);
#2835 = ORIENTED_EDGE('',*,*,#2836,.F.);
#2836 = EDGE_CURVE('',#1089,#2490,#2837,.T.);
#2837 = LINE('',#2838,#2839);
#2838 = CARTESIAN_POINT('',(43.,82.,10.5));
#2839 = VECTOR('',#2840,1.);
#2840 = DIRECTION('',(-1.,0.,0.));
#2841 = PLANE('',#2842);
#2842 = AXIS2_PLACEMENT_3D('',#2843,#2844,#2845);
#2843 = CARTESIAN_POINT('',(21.5,82.,7.746255755988));
#2844 = DIRECTION('',(-0.,-1.,-0.));
#2845 = DIRECTION('',(0.,0.,-1.));
#2846 = ADVANCED_FACE('',(#2847),#2866,.T.);
#2847 = FACE_BOUND('',#2848,.T.);
#2848 = EDGE_LOOP('',(#2849,#2850,#2851,#2852,#2853,#2854,#2855,#2856,
    #2857,#2858,#2859,#2860));
#2849 = ORIENTED_EDGE('',*,*,#1175,.T.);
#2850 = ORIENTED_EDGE('',*,*,#2694,.F.);
#2851 = ORIENTED_EDGE('',*,*,#1239,.T.);
#2852 = ORIENTED_EDGE('',*,*,#797,.T.);
#2853 = ORIENTED_EDGE('',*,*,#1222,.T.);
#2854 = ORIENTED_EDGE('',*,*,#2718,.F.);
#2855 = ORIENTED_EDGE('',*,*,#2668,.T.);
#2856 = ORIENTED_EDGE('',*,*,#2742,.T.);
#2857 = ORIENTED_EDGE('',*,*,#188,.T.);
#2858 = ORIENTED_EDGE('',*,*,#2703,.F.);
#2859 = ORIENTED_EDGE('',*,*,#1073,.F.);
#2860 = ORIENTED_EDGE('',*,*,#2861,.F.);
#2861 = EDGE_CURVE('',#1129,#1066,#2862,.T.);
#2862 = LINE('',#2863,#2864);
#2863 = CARTESIAN_POINT('',(21.5,4.,10.5));
#2864 = VECTOR('',#2865,1.);
#2865 = DIRECTION('',(1.,0.,0.));
#2866 = PLANE('',#2867);
#2867 = AXIS2_PLACEMENT_3D('',#2868,#2869,#2870);
#2868 = CARTESIAN_POINT('',(21.5,2.196078431373,10.5));
#2869 = DIRECTION('',(0.,0.,1.));
#2870 = DIRECTION('',(1.,0.,-0.));
#2871 = ADVANCED_FACE('',(#2872),#2891,.T.);
#2872 = FACE_BOUND('',#2873,.T.);
#2873 = EDGE_LOOP('',(#2874,#2875,#2876,#2882,#2883,#2884,#2885,#2886,
    #2887,#2888,#2889,#2890));
#2874 = ORIENTED_EDGE('',*,*,#2806,.T.);
#2875 = ORIENTED_EDGE('',*,*,#1152,.T.);
#2876 = ORIENTED_EDGE('',*,*,#2877,.T.);
#2877 = EDGE_CURVE('',#1145,#1097,#2878,.T.);
#2878 = LINE('',#2879,#2880);
#2879 = CARTESIAN_POINT('',(-0.,78.,10.5));
#2880 = VECTOR('',#2881,1.);
#2881 = DIRECTION('',(1.,0.,0.));
#2882 = ORIENTED_EDGE('',*,*,#1096,.T.);
#2883 = ORIENTED_EDGE('',*,*,#2836,.T.);
#2884 = ORIENTED_EDGE('',*,*,#2489,.T.);
#2885 = ORIENTED_EDGE('',*,*,#2787,.T.);
#2886 = ORIENTED_EDGE('',*,*,#70,.T.);
#2887 = ORIENTED_EDGE('',*,*,#2821,.T.);
#2888 = ORIENTED_EDGE('',*,*,#1419,.T.);
#2889 = ORIENTED_EDGE('',*,*,#893,.T.);
#2890 = ORIENTED_EDGE('',*,*,#1402,.T.);
#2891 = PLANE('',#2892);
#2892 = AXIS2_PLACEMENT_3D('',#2893,#2894,#2895);
#2893 = CARTESIAN_POINT('',(21.5,79.803921568627,10.5));
#2894 = DIRECTION('',(0.,0.,1.));
#2895 = DIRECTION('',(1.,0.,-0.));
#2896 = ADVANCED_FACE('',(#2897),#2930,.T.);
#2897 = FACE_BOUND('',#2898,.T.);
#2898 = EDGE_LOOP('',(#2899,#2907,#2908,#2909,#2910,#2911,#2912,#2913,
    #2914,#2923));
#2899 = ORIENTED_EDGE('',*,*,#2900,.T.);
#2900 = EDGE_CURVE('',#2901,#2238,#2903,.T.);
#2901 = VERTEX_POINT('',#2902);
#2902 = CARTESIAN_POINT('',(22.940226909317,4.,5.375));
#2903 = LINE('',#2904,#2905);
#2904 = CARTESIAN_POINT('',(21.5,4.,5.375));
#2905 = VECTOR('',#2906,1.);
#2906 = DIRECTION('',(-1.,0.,0.));
#2907 = ORIENTED_EDGE('',*,*,#2245,.F.);
#2908 = ORIENTED_EDGE('',*,*,#2254,.F.);
#2909 = ORIENTED_EDGE('',*,*,#1640,.F.);
#2910 = ORIENTED_EDGE('',*,*,#1126,.T.);
#2911 = ORIENTED_EDGE('',*,*,#2861,.T.);
#2912 = ORIENTED_EDGE('',*,*,#1063,.F.);
#2913 = ORIENTED_EDGE('',*,*,#1609,.T.);
#2914 = ORIENTED_EDGE('',*,*,#2915,.F.);
#2915 = EDGE_CURVE('',#2916,#1610,#2918,.T.);
#2916 = VERTEX_POINT('',#2917);
#2917 = CARTESIAN_POINT('',(32.25,4.,0.));
#2918 = CIRCLE('',#2919,10.75);
#2919 = AXIS2_PLACEMENT_3D('',#2920,#2921,#2922);
#2920 = CARTESIAN_POINT('',(32.25,4.,10.75));
#2921 = DIRECTION('',(0.,-1.,2.2E-16));
#2922 = DIRECTION('',(1.,0.,0.));
#2923 = ORIENTED_EDGE('',*,*,#2924,.F.);
#2924 = EDGE_CURVE('',#2901,#2916,#2925,.T.);
#2925 = CIRCLE('',#2926,10.75);
#2926 = AXIS2_PLACEMENT_3D('',#2927,#2928,#2929);
#2927 = CARTESIAN_POINT('',(32.25,4.,10.75));
#2928 = DIRECTION('',(0.,-1.,2.2E-16));
#2929 = DIRECTION('',(1.,0.,0.));
#2930 = PLANE('',#2931);
#2931 = AXIS2_PLACEMENT_3D('',#2932,#2933,#2934);
#2932 = CARTESIAN_POINT('',(21.5,4.,6.272859910714));
#2933 = DIRECTION('',(0.,1.,0.));
#2934 = DIRECTION('',(0.,-0.,1.));
#2935 = ADVANCED_FACE('',(#2936),#2954,.T.);
#2936 = FACE_BOUND('',#2937,.T.);
#2937 = EDGE_LOOP('',(#2938,#2939,#2947,#2953));
#2938 = ORIENTED_EDGE('',*,*,#2900,.F.);
#2939 = ORIENTED_EDGE('',*,*,#2940,.T.);
#2940 = EDGE_CURVE('',#2901,#2941,#2943,.T.);
#2941 = VERTEX_POINT('',#2942);
#2942 = CARTESIAN_POINT('',(22.940226909317,78.,5.375));
#2943 = LINE('',#2944,#2945);
#2944 = CARTESIAN_POINT('',(22.940226909317,1.19E-15,5.375));
#2945 = VECTOR('',#2946,1.);
#2946 = DIRECTION('',(0.,1.,-2.2E-16));
#2947 = ORIENTED_EDGE('',*,*,#2948,.T.);
#2948 = EDGE_CURVE('',#2941,#2229,#2949,.T.);
#2949 = LINE('',#2950,#2951);
#2950 = CARTESIAN_POINT('',(21.5,78.,5.375));
#2951 = VECTOR('',#2952,1.);
#2952 = DIRECTION('',(-1.,0.,0.));
#2953 = ORIENTED_EDGE('',*,*,#2237,.F.);
#2954 = PLANE('',#2955);
#2955 = AXIS2_PLACEMENT_3D('',#2956,#2957,#2958);
#2956 = CARTESIAN_POINT('',(21.5,41.,5.375));
#2957 = DIRECTION('',(7.6E-16,0.,1.));
#2958 = DIRECTION('',(1.,0.,-7.6E-16));
#2959 = ADVANCED_FACE('',(#2960),#2986,.T.);
#2960 = FACE_BOUND('',#2961,.T.);
#2961 = EDGE_LOOP('',(#2962,#2963,#2972,#2979,#2980,#2981,#2982,#2983,
    #2984,#2985));
#2962 = ORIENTED_EDGE('',*,*,#2948,.F.);
#2963 = ORIENTED_EDGE('',*,*,#2964,.T.);
#2964 = EDGE_CURVE('',#2941,#2965,#2967,.T.);
#2965 = VERTEX_POINT('',#2966);
#2966 = CARTESIAN_POINT('',(32.25,78.,-9.E-15));
#2967 = CIRCLE('',#2968,10.75);
#2968 = AXIS2_PLACEMENT_3D('',#2969,#2970,#2971);
#2969 = CARTESIAN_POINT('',(32.25,78.,10.75));
#2970 = DIRECTION('',(0.,-1.,2.2E-16));
#2971 = DIRECTION('',(1.,0.,0.));
#2972 = ORIENTED_EDGE('',*,*,#2973,.T.);
#2973 = EDGE_CURVE('',#2965,#1618,#2974,.T.);
#2974 = CIRCLE('',#2975,10.75);
#2975 = AXIS2_PLACEMENT_3D('',#2976,#2977,#2978);
#2976 = CARTESIAN_POINT('',(32.25,78.,10.75));
#2977 = DIRECTION('',(0.,-1.,2.2E-16));
#2978 = DIRECTION('',(1.,0.,0.));
#2979 = ORIENTED_EDGE('',*,*,#1625,.F.);
#2980 = ORIENTED_EDGE('',*,*,#1104,.T.);
#2981 = ORIENTED_EDGE('',*,*,#2877,.F.);
#2982 = ORIENTED_EDGE('',*,*,#1144,.F.);
#2983 = ORIENTED_EDGE('',*,*,#1649,.T.);
#2984 = ORIENTED_EDGE('',*,*,#2219,.T.);
#2985 = ORIENTED_EDGE('',*,*,#2228,.T.);
#2986 = PLANE('',#2987);
#2987 = AXIS2_PLACEMENT_3D('',#2988,#2989,#2990);
#2988 = CARTESIAN_POINT('',(21.5,78.,6.272859910714));
#2989 = DIRECTION('',(-0.,-1.,-0.));
#2990 = DIRECTION('',(0.,0.,-1.));
#2991 = ADVANCED_FACE('',(#2992),#3040,.F.);
#2992 = FACE_BOUND('',#2993,.T.);
#2993 = EDGE_LOOP('',(#2994,#2995,#3016,#3039));
#2994 = ORIENTED_EDGE('',*,*,#1492,.F.);
#2995 = ORIENTED_EDGE('',*,*,#2996,.T.);
#2996 = EDGE_CURVE('',#1493,#2997,#2999,.T.);
#2997 = VERTEX_POINT('',#2998);
#2998 = CARTESIAN_POINT('',(35.375,23.428571428571,0.464239211415));
#2999 = B_SPLINE_CURVE_WITH_KNOTS('',8,(#3000,#3001,#3002,#3003,#3004,
    #3005,#3006,#3007,#3008,#3009,#3010,#3011,#3012,#3013,#3014,#3015),
  .UNSPECIFIED.,.F.,.F.,(9,7,9),(0.,0.292672214385,1.),.UNSPECIFIED.);
#3000 = CARTESIAN_POINT('',(32.25,20.303571428571,-5.33E-15));
#3001 = CARTESIAN_POINT('',(32.468066387819,20.303571428571,-5.62E-15));
#3002 = CARTESIAN_POINT('',(32.684465299485,20.320962414014,
    5.055128425155E-03));
#3003 = CARTESIAN_POINT('',(32.897037339459,20.355278112993,
    1.503158366076E-02));
#3004 = CARTESIAN_POINT('',(33.103696072919,20.405636924337,
    2.952610641087E-02));
#3005 = CARTESIAN_POINT('',(33.302486805246,20.470748737195,
    4.789547426044E-02));
#3006 = CARTESIAN_POINT('',(33.491644819471,20.548915225047,
    6.93107811577E-02));
#3007 = CARTESIAN_POINT('',(33.669653071669,20.638023614125,
    9.2836501817E-02));
#3008 = CARTESIAN_POINT('',(34.235631885175,20.971196041606,
    0.177223874485));
#3009 = CARTESIAN_POINT('',(34.57195754947,21.260759226595,
    0.244980259164));
#3010 = CARTESIAN_POINT('',(34.845365861519,21.585685967396,
    0.311501460634));
#3011 = CARTESIAN_POINT('',(35.059357379337,21.933994157824,
    0.369994252018));
#3012 = CARTESIAN_POINT('',(35.217386642748,22.297400135917,
    0.416356389114));
#3013 = CARTESIAN_POINT('',(35.322152360198,22.670203388099,
    0.448182558665));
#3014 = CARTESIAN_POINT('',(35.375,23.048434026595,0.464239211415));
#3015 = CARTESIAN_POINT('',(35.375,23.428571428571,0.464239211415));
#3016 = ORIENTED_EDGE('',*,*,#3017,.T.);
#3017 = EDGE_CURVE('',#2997,#1502,#3018,.T.);
#3018 = B_SPLINE_CURVE_WITH_KNOTS('',7,(#3019,#3020,#3021,#3022,#3023,
    #3024,#3025,#3026,#3027,#3028,#3029,#3030,#3031,#3032,#3033,#3034,
    #3035,#3036,#3037,#3038),.UNSPECIFIED.,.F.,.F.,(8,6,6,8),(0.,
    0.449946172956,0.823504326655,1.),.UNSPECIFIED.);
#3019 = CARTESIAN_POINT('',(35.375,23.428571428571,0.464239211415));
#3020 = CARTESIAN_POINT('',(35.375,23.704273465863,0.464239211415));
#3021 = CARTESIAN_POINT('',(35.346622641424,23.979698815135,
    0.455617643039));
#3022 = CARTESIAN_POINT('',(35.289968188962,24.252949276188,
    0.43840507099));
#3023 = CARTESIAN_POINT('',(35.204695909705,24.522035434737,
    0.41303635407));
#3024 = CARTESIAN_POINT('',(35.0901055317,24.78467308575,0.380366707975)
  );
#3025 = CARTESIAN_POINT('',(34.945207267333,25.038004961827,
    0.341769085966));
#3026 = CARTESIAN_POINT('',(34.6224117926,25.477593348236,0.263968886085
    ));
#3027 = CARTESIAN_POINT('',(34.453653543609,25.668806669685,
    0.225827403282));
#3028 = CARTESIAN_POINT('',(34.261863635746,25.84906273763,
    0.186021498926));
#3029 = CARTESIAN_POINT('',(34.046554997587,26.015087236348,
    0.146136457917));
#3030 = CARTESIAN_POINT('',(33.807560979568,26.163033432377,
    0.108164581177));
#3031 = CARTESIAN_POINT('',(33.545221642405,26.288363157387,
    7.448828420116E-02));
#3032 = CARTESIAN_POINT('',(33.126335924166,26.431542701787,
    3.492828168541E-02));
#3033 = CARTESIAN_POINT('',(32.987159297616,26.471154478606,
    2.377119462576E-02));
#3034 = CARTESIAN_POINT('',(32.844020323898,26.503662869248,
    1.447058368139E-02));
#3035 = CARTESIAN_POINT('',(32.697795546923,26.528478231549,
    7.294579952248E-03));
#3036 = CARTESIAN_POINT('',(32.549411516593,26.545191052242,
    2.436137021793E-03));
#3037 = CARTESIAN_POINT('',(32.399824507419,26.553571428571,-5.53E-15));
#3038 = CARTESIAN_POINT('',(32.25,26.553571428571,-5.33E-15));
#3039 = ORIENTED_EDGE('',*,*,#1510,.F.);
#3040 = CYLINDRICAL_SURFACE('',#3041,3.125);
#3041 = AXIS2_PLACEMENT_3D('',#3042,#3043,#3044);
#3042 = CARTESIAN_POINT('',(32.25,23.428571428571,0.));
#3043 = DIRECTION('',(-0.,-0.,-1.));
#3044 = DIRECTION('',(1.,0.,0.));
#3045 = ADVANCED_FACE('',(#3046),#3094,.F.);
#3046 = FACE_BOUND('',#3047,.T.);
#3047 = EDGE_LOOP('',(#3048,#3049,#3070,#3093));
#3048 = ORIENTED_EDGE('',*,*,#1576,.F.);
#3049 = ORIENTED_EDGE('',*,*,#3050,.T.);
#3050 = EDGE_CURVE('',#1577,#3051,#3053,.T.);
#3051 = VERTEX_POINT('',#3052);
#3052 = CARTESIAN_POINT('',(35.375,58.571428571429,0.464239211415));
#3053 = B_SPLINE_CURVE_WITH_KNOTS('',8,(#3054,#3055,#3056,#3057,#3058,
    #3059,#3060,#3061,#3062,#3063,#3064,#3065,#3066,#3067,#3068,#3069),
  .UNSPECIFIED.,.F.,.F.,(9,7,9),(0.,0.292672214359,1.),.UNSPECIFIED.);
#3054 = CARTESIAN_POINT('',(32.25,55.446428571429,-1.243E-14));
#3055 = CARTESIAN_POINT('',(32.468066387844,55.446428571429,-1.272E-14)
  );
#3056 = CARTESIAN_POINT('',(32.684465299495,55.463819556875,
    5.055128426315E-03));
#3057 = CARTESIAN_POINT('',(32.897037339447,55.498135255851,
    1.503158366089E-02));
#3058 = CARTESIAN_POINT('',(33.103696072897,55.548494067188,
    2.952610640912E-02));
#3059 = CARTESIAN_POINT('',(33.302486805234,55.613605880045,
    4.789547425844E-02));
#3060 = CARTESIAN_POINT('',(33.491644819479,55.691772367905,
    6.931078115809E-02));
#3061 = CARTESIAN_POINT('',(33.66965307169,55.780880756995,
    9.283650182017E-02));
#3062 = CARTESIAN_POINT('',(34.235631885175,56.114053184463,
    0.177223874485));
#3063 = CARTESIAN_POINT('',(34.57195754947,56.403616369453,
    0.244980259164));
#3064 = CARTESIAN_POINT('',(34.845365861518,56.728543110253,
    0.311501460634));
#3065 = CARTESIAN_POINT('',(35.059357379338,57.076851300681,
    0.369994252018));
#3066 = CARTESIAN_POINT('',(35.217386642748,57.440257278774,
    0.416356389114));
#3067 = CARTESIAN_POINT('',(35.322152360198,57.813060530956,
    0.448182558665));
#3068 = CARTESIAN_POINT('',(35.375,58.191291169452,0.464239211415));
#3069 = CARTESIAN_POINT('',(35.375,58.571428571429,0.464239211415));
#3070 = ORIENTED_EDGE('',*,*,#3071,.T.);
#3071 = EDGE_CURVE('',#3051,#1586,#3072,.T.);
#3072 = B_SPLINE_CURVE_WITH_KNOTS('',7,(#3073,#3074,#3075,#3076,#3077,
    #3078,#3079,#3080,#3081,#3082,#3083,#3084,#3085,#3086,#3087,#3088,
    #3089,#3090,#3091,#3092),.UNSPECIFIED.,.F.,.F.,(8,6,6,8),(0.,
    0.449946172929,0.823504326625,1.),.UNSPECIFIED.);
#3073 = CARTESIAN_POINT('',(35.375,58.571428571429,0.464239211415));
#3074 = CARTESIAN_POINT('',(35.375,58.84713060872,0.464239211415));
#3075 = CARTESIAN_POINT('',(35.346622641424,59.122555957992,
    0.455617643039));
#3076 = CARTESIAN_POINT('',(35.289968188962,59.395806419044,
    0.43840507099));
#3077 = CARTESIAN_POINT('',(35.204695909705,59.664892577594,
    0.413036354069));
#3078 = CARTESIAN_POINT('',(35.0901055317,59.927530228607,0.380366707975
    ));
#3079 = CARTESIAN_POINT('',(34.945207267333,60.180862104684,
    0.341769085966));
#3080 = CARTESIAN_POINT('',(34.622411792592,60.620450491104,
    0.263968886083));
#3081 = CARTESIAN_POINT('',(34.453653543608,60.811663812541,
    0.225827403282));
#3082 = CARTESIAN_POINT('',(34.261863635753,60.99191988048,
    0.186021498928));
#3083 = CARTESIAN_POINT('',(34.046554997596,61.157944379201,
    0.146136457919));
#3084 = CARTESIAN_POINT('',(33.807560979567,61.305890575238,
    0.108164581177));
#3085 = CARTESIAN_POINT('',(33.545221642393,61.431220300248,
    7.448828420003E-02));
#3086 = CARTESIAN_POINT('',(33.126335924148,61.57439984465,
    3.49282816837E-02));
#3087 = CARTESIAN_POINT('',(32.987159297613,61.614011621462,
    2.377119462604E-02));
#3088 = CARTESIAN_POINT('',(32.844020323911,61.646520012102,
    1.447058368251E-02));
#3089 = CARTESIAN_POINT('',(32.697795546938,61.671335374405,
    7.294579952513E-03));
#3090 = CARTESIAN_POINT('',(32.549411516591,61.688048195101,
    2.436137021219E-03));
#3091 = CARTESIAN_POINT('',(32.399824507402,61.696428571429,-1.352E-14)
  );
#3092 = CARTESIAN_POINT('',(32.25,61.696428571429,-1.332E-14));
#3093 = ORIENTED_EDGE('',*,*,#1594,.F.);
#3094 = CYLINDRICAL_SURFACE('',#3095,3.125);
#3095 = AXIS2_PLACEMENT_3D('',#3096,#3097,#3098);
#3096 = CARTESIAN_POINT('',(32.25,58.571428571429,0.));
#3097 = DIRECTION('',(-0.,-0.,-1.));
#3098 = DIRECTION('',(1.,0.,0.));
#3099 = ADVANCED_FACE('',(#3100,#3108,#3113),#3118,.F.);
#3100 = FACE_BOUND('',#3101,.F.);
#3101 = EDGE_LOOP('',(#3102,#3103,#3104,#3105,#3106,#3107));
#3102 = ORIENTED_EDGE('',*,*,#1617,.F.);
#3103 = ORIENTED_EDGE('',*,*,#2915,.F.);
#3104 = ORIENTED_EDGE('',*,*,#2924,.F.);
#3105 = ORIENTED_EDGE('',*,*,#2940,.T.);
#3106 = ORIENTED_EDGE('',*,*,#2964,.T.);
#3107 = ORIENTED_EDGE('',*,*,#2973,.T.);
#3108 = FACE_BOUND('',#3109,.F.);
#3109 = EDGE_LOOP('',(#3110,#3111,#3112));
#3110 = ORIENTED_EDGE('',*,*,#3071,.T.);
#3111 = ORIENTED_EDGE('',*,*,#2171,.T.);
#3112 = ORIENTED_EDGE('',*,*,#3050,.T.);
#3113 = FACE_BOUND('',#3114,.F.);
#3114 = EDGE_LOOP('',(#3115,#3116,#3117));
#3115 = ORIENTED_EDGE('',*,*,#3017,.T.);
#3116 = ORIENTED_EDGE('',*,*,#1897,.T.);
#3117 = ORIENTED_EDGE('',*,*,#2996,.T.);
#3118 = CYLINDRICAL_SURFACE('',#3119,10.75);
#3119 = AXIS2_PLACEMENT_3D('',#3120,#3121,#3122);
#3120 = CARTESIAN_POINT('',(32.25,2.39E-15,10.75));
#3121 = DIRECTION('',(0.,-1.,2.2E-16));
#3122 = DIRECTION('',(1.,0.,0.));
#3123 = ( GEOMETRIC_REPRESENTATION_CONTEXT(3) 
GLOBAL_UNCERTAINTY_ASSIGNED_CONTEXT((#3127)) 
GLOBAL_UNIT_ASSIGNED_CONTEXT((#3124,#3125,#3126)) REPRESENTATION_CONTEXT
('Context #1','3D Context with UNIT and UNCERTAINTY') );
#3124 = ( LENGTH_UNIT() NAMED_UNIT(*) SI_UNIT(.MILLI.,.METRE.) );
#3125 = ( NAMED_UNIT(*) PLANE_ANGLE_UNIT() SI_UNIT($,.RADIAN.) );
#3126 = ( NAMED_UNIT(*) SI_UNIT($,.STERADIAN.) SOLID_ANGLE_UNIT() );
#3127 = UNCERTAINTY_MEASURE_WITH_UNIT(LENGTH_MEASURE(1.E-04),#3124,
  'distance_accuracy_value','confusion accuracy');
#3128 = PRODUCT_RELATED_PRODUCT_CATEGORY('part',$,(#7));
#3129 = MECHANICAL_DESIGN_GEOMETRIC_PRESENTATION_REPRESENTATION('',(
    #3130),#3123);
#3130 = STYLED_ITEM('color',(#3131),#15);
#3131 = PRESENTATION_STYLE_ASSIGNMENT((#3132,#3138));
#3132 = SURFACE_STYLE_USAGE(.BOTH.,#3133);
#3133 = SURFACE_SIDE_STYLE('',(#3134));
#3134 = SURFACE_STYLE_FILL_AREA(#3135);
#3135 = FILL_AREA_STYLE('',(#3136));
#3136 = FILL_AREA_STYLE_COLOUR('',#3137);
#3137 = COLOUR_RGB('',0.843137261657,0.360784317039,0.396078428884);
#3138 = CURVE_STYLE('',#3139,POSITIVE_LENGTH_MEASURE(0.1),#3140);
#3139 = DRAUGHTING_PRE_DEFINED_CURVE_FONT('continuous');
#3140 = COLOUR_RGB('',9.803921802644E-02,9.803921802644E-02,
  9.803921802644E-02);
ENDSEC;
END-ISO-10303-21;
