ISO-10303-21;
HEADER;
FILE_DESCRIPTION(('FreeCAD Model'),'2;1');
FILE_NAME('Open CASCADE Shape Model','2025-10-12T20:47:26',('Author'),(
    ''),'Open CASCADE STEP processor 7.8','FreeCAD','Unknown');
FILE_SCHEMA(('AUTOMOTIVE_DESIGN { 1 0 10303 214 1 1 1 1 }'));
ENDSEC;
DATA;
#1 = APPLICATION_PROTOCOL_DEFINITION('international standard',
  'automotive_design',2000,#2);
#2 = APPLICATION_CONTEXT(
  'core data for automotive mechanical design processes');
#3 = SHAPE_DEFINITION_REPRESENTATION(#4,#10);
#4 = PRODUCT_DEFINITION_SHAPE('','',#5);
#5 = PRODUCT_DEFINITION('design','',#6,#9);
#6 = PRODUCT_DEFINITION_FORMATION('','',#7);
#7 = PRODUCT('Body','Body','',(#8));
#8 = PRODUCT_CONTEXT('',#2,'mechanical');
#9 = PRODUCT_DEFINITION_CONTEXT('part definition',#2,'design');
#10 = ADVANCED_BREP_SHAPE_REPRESENTATION('',(#11,#15),#5563);
#11 = AXIS2_PLACEMENT_3D('',#12,#13,#14);
#12 = CARTESIAN_POINT('',(0.,0.,0.));
#13 = DIRECTION('',(0.,0.,1.));
#14 = DIRECTION('',(1.,0.,-0.));
#15 = MANIFOLD_SOLID_BREP('',#16);
#16 = CLOSED_SHELL('',(#17,#57,#88,#135,#175,#206,#253,#293,#324,#371,
    #411,#442,#489,#529,#560,#607,#647,#678,#725,#765,#796,#827,#874,
    #1195,#1226,#1291,#1313,#1351,#1382,#1424,#1471,#1527,#1567,#1592,
    #1617,#1642,#1667,#1692,#1717,#1742,#1767,#1830,#1893,#1917,#1941,
    #1965,#1996,#2027,#2049,#2073,#2097,#2121,#2145,#2187,#2229,#2271,
    #2313,#2355,#2397,#2439,#2481,#2512,#2543,#2691,#2768,#2817,#2866,
    #2915,#3063,#3140,#3189,#3238,#3287,#3348,#3462,#3493,#3510,#3534,
    #3565,#3582,#3606,#3637,#3654,#3678,#3725,#3756,#3787,#3827,#3849,
    #3871,#3904,#3935,#3966,#4013,#4044,#4075,#4115,#4137,#4159,#4192,
    #4223,#4254,#4301,#4332,#4363,#4403,#4425,#4447,#4480,#4511,#4542,
    #4619,#4640,#4661,#4682,#4718,#4739,#4760,#4781,#4858,#4891,#4924,
    #5015,#5046,#5070,#5101,#5167,#5221,#5275,#5329,#5383,#5437,#5491,
    #5515,#5539));
#17 = ADVANCED_FACE('',(#18),#52,.T.);
#18 = FACE_BOUND('',#19,.T.);
#19 = EDGE_LOOP('',(#20,#30,#38,#46));
#20 = ORIENTED_EDGE('',*,*,#21,.F.);
#21 = EDGE_CURVE('',#22,#24,#26,.T.);
#22 = VERTEX_POINT('',#23);
#23 = CARTESIAN_POINT('',(28.75,82.,0.));
#24 = VERTEX_POINT('',#25);
#25 = CARTESIAN_POINT('',(30.75,82.,0.));
#26 = LINE('',#27,#28);
#27 = CARTESIAN_POINT('',(28.75,82.,0.));
#28 = VECTOR('',#29,1.);
#29 = DIRECTION('',(1.,0.,0.));
#30 = ORIENTED_EDGE('',*,*,#31,.T.);
#31 = EDGE_CURVE('',#22,#32,#34,.T.);
#32 = VERTEX_POINT('',#33);
#33 = CARTESIAN_POINT('',(28.75,80.,0.));
#34 = LINE('',#35,#36);
#35 = CARTESIAN_POINT('',(28.75,82.,0.));
#36 = VECTOR('',#37,1.);
#37 = DIRECTION('',(0.,-1.,0.));
#38 = ORIENTED_EDGE('',*,*,#39,.T.);
#39 = EDGE_CURVE('',#32,#40,#42,.T.);
#40 = VERTEX_POINT('',#41);
#41 = CARTESIAN_POINT('',(30.75,80.000000000035,0.));
#42 = LINE('',#43,#44);
#43 = CARTESIAN_POINT('',(28.75,80.,0.));
#44 = VECTOR('',#45,1.);
#45 = DIRECTION('',(1.,0.,0.));
#46 = ORIENTED_EDGE('',*,*,#47,.F.);
#47 = EDGE_CURVE('',#24,#40,#48,.T.);
#48 = LINE('',#49,#50);
#49 = CARTESIAN_POINT('',(30.75,61.5,0.));
#50 = VECTOR('',#51,1.);
#51 = DIRECTION('',(0.,-1.,0.));
#52 = PLANE('',#53);
#53 = AXIS2_PLACEMENT_3D('',#54,#55,#56);
#54 = CARTESIAN_POINT('',(32.25,41.,0.));
#55 = DIRECTION('',(0.,0.,1.));
#56 = DIRECTION('',(1.,0.,0.));
#57 = ADVANCED_FACE('',(#58),#83,.T.);
#58 = FACE_BOUND('',#59,.T.);
#59 = EDGE_LOOP('',(#60,#61,#69,#77));
#60 = ORIENTED_EDGE('',*,*,#31,.F.);
#61 = ORIENTED_EDGE('',*,*,#62,.T.);
#62 = EDGE_CURVE('',#22,#63,#65,.T.);
#63 = VERTEX_POINT('',#64);
#64 = CARTESIAN_POINT('',(28.75,82.,10.5));
#65 = LINE('',#66,#67);
#66 = CARTESIAN_POINT('',(28.75,82.,0.));
#67 = VECTOR('',#68,1.);
#68 = DIRECTION('',(0.,0.,1.));
#69 = ORIENTED_EDGE('',*,*,#70,.F.);
#70 = EDGE_CURVE('',#71,#63,#73,.T.);
#71 = VERTEX_POINT('',#72);
#72 = CARTESIAN_POINT('',(28.75,80.,10.5));
#73 = LINE('',#74,#75);
#74 = CARTESIAN_POINT('',(28.75,61.5,10.5));
#75 = VECTOR('',#76,1.);
#76 = DIRECTION('',(0.,1.,0.));
#77 = ORIENTED_EDGE('',*,*,#78,.F.);
#78 = EDGE_CURVE('',#32,#71,#79,.T.);
#79 = LINE('',#80,#81);
#80 = CARTESIAN_POINT('',(28.75,80.,0.));
#81 = VECTOR('',#82,1.);
#82 = DIRECTION('',(0.,0.,1.));
#83 = PLANE('',#84);
#84 = AXIS2_PLACEMENT_3D('',#85,#86,#87);
#85 = CARTESIAN_POINT('',(28.75,82.,0.));
#86 = DIRECTION('',(1.,0.,0.));
#87 = DIRECTION('',(0.,-1.,0.));
#88 = ADVANCED_FACE('',(#89),#130,.T.);
#89 = FACE_BOUND('',#90,.T.);
#90 = EDGE_LOOP('',(#91,#92,#100,#108,#116,#124));
#91 = ORIENTED_EDGE('',*,*,#47,.T.);
#92 = ORIENTED_EDGE('',*,*,#93,.T.);
#93 = EDGE_CURVE('',#40,#94,#96,.T.);
#94 = VERTEX_POINT('',#95);
#95 = CARTESIAN_POINT('',(30.75,80.000000000035,-3.));
#96 = LINE('',#97,#98);
#97 = CARTESIAN_POINT('',(30.75,80.000000000035,126.63724610082));
#98 = VECTOR('',#99,1.);
#99 = DIRECTION('',(-0.,-0.,-1.));
#100 = ORIENTED_EDGE('',*,*,#101,.F.);
#101 = EDGE_CURVE('',#102,#94,#104,.T.);
#102 = VERTEX_POINT('',#103);
#103 = CARTESIAN_POINT('',(30.75,84.,-3.));
#104 = LINE('',#105,#106);
#105 = CARTESIAN_POINT('',(30.75,61.5,-3.));
#106 = VECTOR('',#107,1.);
#107 = DIRECTION('',(0.,-1.,0.));
#108 = ORIENTED_EDGE('',*,*,#109,.F.);
#109 = EDGE_CURVE('',#110,#102,#112,.T.);
#110 = VERTEX_POINT('',#111);
#111 = CARTESIAN_POINT('',(30.75,84.,3.));
#112 = LINE('',#113,#114);
#113 = CARTESIAN_POINT('',(30.75,84.,4.));
#114 = VECTOR('',#115,1.);
#115 = DIRECTION('',(0.,-2.22044604925E-16,-1.));
#116 = ORIENTED_EDGE('',*,*,#117,.T.);
#117 = EDGE_CURVE('',#110,#118,#120,.T.);
#118 = VERTEX_POINT('',#119);
#119 = CARTESIAN_POINT('',(30.75,82.,3.));
#120 = LINE('',#121,#122);
#121 = CARTESIAN_POINT('',(30.75,84.,3.));
#122 = VECTOR('',#123,1.);
#123 = DIRECTION('',(0.,-1.,2.22044604925E-16));
#124 = ORIENTED_EDGE('',*,*,#125,.T.);
#125 = EDGE_CURVE('',#118,#24,#126,.T.);
#126 = LINE('',#127,#128);
#127 = CARTESIAN_POINT('',(30.75,82.,4.));
#128 = VECTOR('',#129,1.);
#129 = DIRECTION('',(0.,-2.22044604925E-16,-1.));
#130 = PLANE('',#131);
#131 = AXIS2_PLACEMENT_3D('',#132,#133,#134);
#132 = CARTESIAN_POINT('',(30.75,82.300000000013,-0.299999999996));
#133 = DIRECTION('',(1.,0.,0.));
#134 = DIRECTION('',(0.,0.,1.));
#135 = ADVANCED_FACE('',(#136),#170,.T.);
#136 = FACE_BOUND('',#137,.T.);
#137 = EDGE_LOOP('',(#138,#148,#156,#164));
#138 = ORIENTED_EDGE('',*,*,#139,.F.);
#139 = EDGE_CURVE('',#140,#142,#144,.T.);
#140 = VERTEX_POINT('',#141);
#141 = CARTESIAN_POINT('',(33.75,0.,0.));
#142 = VERTEX_POINT('',#143);
#143 = CARTESIAN_POINT('',(33.75,2.,0.));
#144 = LINE('',#145,#146);
#145 = CARTESIAN_POINT('',(33.75,20.5,0.));
#146 = VECTOR('',#147,1.);
#147 = DIRECTION('',(0.,1.,0.));
#148 = ORIENTED_EDGE('',*,*,#149,.T.);
#149 = EDGE_CURVE('',#140,#150,#152,.T.);
#150 = VERTEX_POINT('',#151);
#151 = CARTESIAN_POINT('',(35.75,5.329070518201E-15,0.));
#152 = LINE('',#153,#154);
#153 = CARTESIAN_POINT('',(28.75,5.329070518201E-15,0.));
#154 = VECTOR('',#155,1.);
#155 = DIRECTION('',(1.,0.,0.));
#156 = ORIENTED_EDGE('',*,*,#157,.T.);
#157 = EDGE_CURVE('',#150,#158,#160,.T.);
#158 = VERTEX_POINT('',#159);
#159 = CARTESIAN_POINT('',(35.75,2.,0.));
#160 = LINE('',#161,#162);
#161 = CARTESIAN_POINT('',(35.75,5.329070518201E-15,0.));
#162 = VECTOR('',#163,1.);
#163 = DIRECTION('',(0.,1.,0.));
#164 = ORIENTED_EDGE('',*,*,#165,.T.);
#165 = EDGE_CURVE('',#158,#142,#166,.T.);
#166 = LINE('',#167,#168);
#167 = CARTESIAN_POINT('',(35.75,2.,0.));
#168 = VECTOR('',#169,1.);
#169 = DIRECTION('',(-1.,0.,0.));
#170 = PLANE('',#171);
#171 = AXIS2_PLACEMENT_3D('',#172,#173,#174);
#172 = CARTESIAN_POINT('',(32.25,41.,0.));
#173 = DIRECTION('',(0.,0.,1.));
#174 = DIRECTION('',(1.,0.,0.));
#175 = ADVANCED_FACE('',(#176),#201,.T.);
#176 = FACE_BOUND('',#177,.T.);
#177 = EDGE_LOOP('',(#178,#179,#187,#195));
#178 = ORIENTED_EDGE('',*,*,#157,.F.);
#179 = ORIENTED_EDGE('',*,*,#180,.T.);
#180 = EDGE_CURVE('',#150,#181,#183,.T.);
#181 = VERTEX_POINT('',#182);
#182 = CARTESIAN_POINT('',(35.75,2.6645352591E-15,10.5));
#183 = LINE('',#184,#185);
#184 = CARTESIAN_POINT('',(35.75,5.329070518201E-15,0.));
#185 = VECTOR('',#186,1.);
#186 = DIRECTION('',(0.,0.,1.));
#187 = ORIENTED_EDGE('',*,*,#188,.F.);
#188 = EDGE_CURVE('',#189,#181,#191,.T.);
#189 = VERTEX_POINT('',#190);
#190 = CARTESIAN_POINT('',(35.75,2.,10.5));
#191 = LINE('',#192,#193);
#192 = CARTESIAN_POINT('',(35.75,20.5,10.5));
#193 = VECTOR('',#194,1.);
#194 = DIRECTION('',(0.,-1.,0.));
#195 = ORIENTED_EDGE('',*,*,#196,.F.);
#196 = EDGE_CURVE('',#158,#189,#197,.T.);
#197 = LINE('',#198,#199);
#198 = CARTESIAN_POINT('',(35.75,2.,0.));
#199 = VECTOR('',#200,1.);
#200 = DIRECTION('',(0.,0.,1.));
#201 = PLANE('',#202);
#202 = AXIS2_PLACEMENT_3D('',#203,#204,#205);
#203 = CARTESIAN_POINT('',(35.75,5.329070518201E-15,0.));
#204 = DIRECTION('',(-1.,0.,0.));
#205 = DIRECTION('',(0.,1.,0.));
#206 = ADVANCED_FACE('',(#207),#248,.T.);
#207 = FACE_BOUND('',#208,.T.);
#208 = EDGE_LOOP('',(#209,#210,#218,#226,#234,#242));
#209 = ORIENTED_EDGE('',*,*,#139,.T.);
#210 = ORIENTED_EDGE('',*,*,#211,.T.);
#211 = EDGE_CURVE('',#142,#212,#214,.T.);
#212 = VERTEX_POINT('',#213);
#213 = CARTESIAN_POINT('',(33.75,2.,-3.));
#214 = LINE('',#215,#216);
#215 = CARTESIAN_POINT('',(33.75,2.,126.63724610082));
#216 = VECTOR('',#217,1.);
#217 = DIRECTION('',(-0.,-0.,-1.));
#218 = ORIENTED_EDGE('',*,*,#219,.F.);
#219 = EDGE_CURVE('',#220,#212,#222,.T.);
#220 = VERTEX_POINT('',#221);
#221 = CARTESIAN_POINT('',(33.75,-2.,-3.));
#222 = LINE('',#223,#224);
#223 = CARTESIAN_POINT('',(33.75,20.5,-3.));
#224 = VECTOR('',#225,1.);
#225 = DIRECTION('',(0.,1.,0.));
#226 = ORIENTED_EDGE('',*,*,#227,.T.);
#227 = EDGE_CURVE('',#220,#228,#230,.T.);
#228 = VERTEX_POINT('',#229);
#229 = CARTESIAN_POINT('',(33.75,-2.,3.));
#230 = LINE('',#231,#232);
#231 = CARTESIAN_POINT('',(33.75,-2.,-3.));
#232 = VECTOR('',#233,1.);
#233 = DIRECTION('',(0.,2.22044604925E-16,1.));
#234 = ORIENTED_EDGE('',*,*,#235,.F.);
#235 = EDGE_CURVE('',#236,#228,#238,.T.);
#236 = VERTEX_POINT('',#237);
#237 = CARTESIAN_POINT('',(33.75,6.661338147751E-16,3.));
#238 = LINE('',#239,#240);
#239 = CARTESIAN_POINT('',(33.75,6.661338147751E-16,3.));
#240 = VECTOR('',#241,1.);
#241 = DIRECTION('',(0.,-1.,2.22044604925E-16));
#242 = ORIENTED_EDGE('',*,*,#243,.F.);
#243 = EDGE_CURVE('',#140,#236,#244,.T.);
#244 = LINE('',#245,#246);
#245 = CARTESIAN_POINT('',(33.75,-6.661338147751E-16,-3.));
#246 = VECTOR('',#247,1.);
#247 = DIRECTION('',(0.,2.22044604925E-16,1.));
#248 = PLANE('',#249);
#249 = AXIS2_PLACEMENT_3D('',#250,#251,#252);
#250 = CARTESIAN_POINT('',(33.75,-0.3,-0.3));
#251 = DIRECTION('',(-1.,-0.,-0.));
#252 = DIRECTION('',(0.,0.,-1.));
#253 = ADVANCED_FACE('',(#254),#288,.T.);
#254 = FACE_BOUND('',#255,.T.);
#255 = EDGE_LOOP('',(#256,#266,#274,#282));
#256 = ORIENTED_EDGE('',*,*,#257,.F.);
#257 = EDGE_CURVE('',#258,#260,#262,.T.);
#258 = VERTEX_POINT('',#259);
#259 = CARTESIAN_POINT('',(50.25,82.,0.));
#260 = VERTEX_POINT('',#261);
#261 = CARTESIAN_POINT('',(52.25,82.,0.));
#262 = LINE('',#263,#264);
#263 = CARTESIAN_POINT('',(50.25,82.,0.));
#264 = VECTOR('',#265,1.);
#265 = DIRECTION('',(1.,0.,0.));
#266 = ORIENTED_EDGE('',*,*,#267,.T.);
#267 = EDGE_CURVE('',#258,#268,#270,.T.);
#268 = VERTEX_POINT('',#269);
#269 = CARTESIAN_POINT('',(50.25,80.,0.));
#270 = LINE('',#271,#272);
#271 = CARTESIAN_POINT('',(50.25,82.,0.));
#272 = VECTOR('',#273,1.);
#273 = DIRECTION('',(0.,-1.,0.));
#274 = ORIENTED_EDGE('',*,*,#275,.T.);
#275 = EDGE_CURVE('',#268,#276,#278,.T.);
#276 = VERTEX_POINT('',#277);
#277 = CARTESIAN_POINT('',(52.25,80.000000000035,0.));
#278 = LINE('',#279,#280);
#279 = CARTESIAN_POINT('',(50.25,80.,0.));
#280 = VECTOR('',#281,1.);
#281 = DIRECTION('',(1.,0.,0.));
#282 = ORIENTED_EDGE('',*,*,#283,.F.);
#283 = EDGE_CURVE('',#260,#276,#284,.T.);
#284 = LINE('',#285,#286);
#285 = CARTESIAN_POINT('',(52.25,61.5,0.));
#286 = VECTOR('',#287,1.);
#287 = DIRECTION('',(0.,-1.,0.));
#288 = PLANE('',#289);
#289 = AXIS2_PLACEMENT_3D('',#290,#291,#292);
#290 = CARTESIAN_POINT('',(53.75,41.,0.));
#291 = DIRECTION('',(0.,0.,1.));
#292 = DIRECTION('',(1.,0.,0.));
#293 = ADVANCED_FACE('',(#294),#319,.T.);
#294 = FACE_BOUND('',#295,.T.);
#295 = EDGE_LOOP('',(#296,#297,#305,#313));
#296 = ORIENTED_EDGE('',*,*,#267,.F.);
#297 = ORIENTED_EDGE('',*,*,#298,.T.);
#298 = EDGE_CURVE('',#258,#299,#301,.T.);
#299 = VERTEX_POINT('',#300);
#300 = CARTESIAN_POINT('',(50.25,82.,10.5));
#301 = LINE('',#302,#303);
#302 = CARTESIAN_POINT('',(50.25,82.,0.));
#303 = VECTOR('',#304,1.);
#304 = DIRECTION('',(0.,0.,1.));
#305 = ORIENTED_EDGE('',*,*,#306,.F.);
#306 = EDGE_CURVE('',#307,#299,#309,.T.);
#307 = VERTEX_POINT('',#308);
#308 = CARTESIAN_POINT('',(50.25,80.,10.5));
#309 = LINE('',#310,#311);
#310 = CARTESIAN_POINT('',(50.25,61.5,10.5));
#311 = VECTOR('',#312,1.);
#312 = DIRECTION('',(0.,1.,0.));
#313 = ORIENTED_EDGE('',*,*,#314,.F.);
#314 = EDGE_CURVE('',#268,#307,#315,.T.);
#315 = LINE('',#316,#317);
#316 = CARTESIAN_POINT('',(50.25,80.,0.));
#317 = VECTOR('',#318,1.);
#318 = DIRECTION('',(0.,0.,1.));
#319 = PLANE('',#320);
#320 = AXIS2_PLACEMENT_3D('',#321,#322,#323);
#321 = CARTESIAN_POINT('',(50.25,82.,0.));
#322 = DIRECTION('',(1.,0.,0.));
#323 = DIRECTION('',(0.,-1.,0.));
#324 = ADVANCED_FACE('',(#325),#366,.T.);
#325 = FACE_BOUND('',#326,.T.);
#326 = EDGE_LOOP('',(#327,#328,#336,#344,#352,#360));
#327 = ORIENTED_EDGE('',*,*,#283,.T.);
#328 = ORIENTED_EDGE('',*,*,#329,.T.);
#329 = EDGE_CURVE('',#276,#330,#332,.T.);
#330 = VERTEX_POINT('',#331);
#331 = CARTESIAN_POINT('',(52.25,80.000000000035,-3.));
#332 = LINE('',#333,#334);
#333 = CARTESIAN_POINT('',(52.25,80.000000000035,126.63724610082));
#334 = VECTOR('',#335,1.);
#335 = DIRECTION('',(-0.,-0.,-1.));
#336 = ORIENTED_EDGE('',*,*,#337,.F.);
#337 = EDGE_CURVE('',#338,#330,#340,.T.);
#338 = VERTEX_POINT('',#339);
#339 = CARTESIAN_POINT('',(52.25,84.,-3.));
#340 = LINE('',#341,#342);
#341 = CARTESIAN_POINT('',(52.25,61.5,-3.));
#342 = VECTOR('',#343,1.);
#343 = DIRECTION('',(0.,-1.,0.));
#344 = ORIENTED_EDGE('',*,*,#345,.F.);
#345 = EDGE_CURVE('',#346,#338,#348,.T.);
#346 = VERTEX_POINT('',#347);
#347 = CARTESIAN_POINT('',(52.25,84.,3.));
#348 = LINE('',#349,#350);
#349 = CARTESIAN_POINT('',(52.25,84.,4.));
#350 = VECTOR('',#351,1.);
#351 = DIRECTION('',(0.,-2.22044604925E-16,-1.));
#352 = ORIENTED_EDGE('',*,*,#353,.T.);
#353 = EDGE_CURVE('',#346,#354,#356,.T.);
#354 = VERTEX_POINT('',#355);
#355 = CARTESIAN_POINT('',(52.25,82.,3.));
#356 = LINE('',#357,#358);
#357 = CARTESIAN_POINT('',(52.25,84.,3.));
#358 = VECTOR('',#359,1.);
#359 = DIRECTION('',(0.,-1.,2.22044604925E-16));
#360 = ORIENTED_EDGE('',*,*,#361,.T.);
#361 = EDGE_CURVE('',#354,#260,#362,.T.);
#362 = LINE('',#363,#364);
#363 = CARTESIAN_POINT('',(52.25,82.,4.));
#364 = VECTOR('',#365,1.);
#365 = DIRECTION('',(0.,-2.22044604925E-16,-1.));
#366 = PLANE('',#367);
#367 = AXIS2_PLACEMENT_3D('',#368,#369,#370);
#368 = CARTESIAN_POINT('',(52.25,82.300000000013,-0.299999999996));
#369 = DIRECTION('',(1.,0.,0.));
#370 = DIRECTION('',(0.,0.,1.));
#371 = ADVANCED_FACE('',(#372),#406,.T.);
#372 = FACE_BOUND('',#373,.T.);
#373 = EDGE_LOOP('',(#374,#384,#392,#400));
#374 = ORIENTED_EDGE('',*,*,#375,.F.);
#375 = EDGE_CURVE('',#376,#378,#380,.T.);
#376 = VERTEX_POINT('',#377);
#377 = CARTESIAN_POINT('',(55.25,0.,0.));
#378 = VERTEX_POINT('',#379);
#379 = CARTESIAN_POINT('',(55.25,2.,0.));
#380 = LINE('',#381,#382);
#381 = CARTESIAN_POINT('',(55.25,20.5,0.));
#382 = VECTOR('',#383,1.);
#383 = DIRECTION('',(0.,1.,0.));
#384 = ORIENTED_EDGE('',*,*,#385,.T.);
#385 = EDGE_CURVE('',#376,#386,#388,.T.);
#386 = VERTEX_POINT('',#387);
#387 = CARTESIAN_POINT('',(57.25,5.329070518201E-15,0.));
#388 = LINE('',#389,#390);
#389 = CARTESIAN_POINT('',(50.25,5.329070518201E-15,0.));
#390 = VECTOR('',#391,1.);
#391 = DIRECTION('',(1.,0.,0.));
#392 = ORIENTED_EDGE('',*,*,#393,.T.);
#393 = EDGE_CURVE('',#386,#394,#396,.T.);
#394 = VERTEX_POINT('',#395);
#395 = CARTESIAN_POINT('',(57.25,2.,0.));
#396 = LINE('',#397,#398);
#397 = CARTESIAN_POINT('',(57.25,5.329070518201E-15,0.));
#398 = VECTOR('',#399,1.);
#399 = DIRECTION('',(0.,1.,0.));
#400 = ORIENTED_EDGE('',*,*,#401,.T.);
#401 = EDGE_CURVE('',#394,#378,#402,.T.);
#402 = LINE('',#403,#404);
#403 = CARTESIAN_POINT('',(57.25,2.,0.));
#404 = VECTOR('',#405,1.);
#405 = DIRECTION('',(-1.,0.,0.));
#406 = PLANE('',#407);
#407 = AXIS2_PLACEMENT_3D('',#408,#409,#410);
#408 = CARTESIAN_POINT('',(53.75,41.,0.));
#409 = DIRECTION('',(0.,0.,1.));
#410 = DIRECTION('',(1.,0.,0.));
#411 = ADVANCED_FACE('',(#412),#437,.T.);
#412 = FACE_BOUND('',#413,.T.);
#413 = EDGE_LOOP('',(#414,#415,#423,#431));
#414 = ORIENTED_EDGE('',*,*,#393,.F.);
#415 = ORIENTED_EDGE('',*,*,#416,.T.);
#416 = EDGE_CURVE('',#386,#417,#419,.T.);
#417 = VERTEX_POINT('',#418);
#418 = CARTESIAN_POINT('',(57.25,2.6645352591E-15,10.5));
#419 = LINE('',#420,#421);
#420 = CARTESIAN_POINT('',(57.25,5.329070518201E-15,0.));
#421 = VECTOR('',#422,1.);
#422 = DIRECTION('',(0.,0.,1.));
#423 = ORIENTED_EDGE('',*,*,#424,.F.);
#424 = EDGE_CURVE('',#425,#417,#427,.T.);
#425 = VERTEX_POINT('',#426);
#426 = CARTESIAN_POINT('',(57.25,2.,10.5));
#427 = LINE('',#428,#429);
#428 = CARTESIAN_POINT('',(57.25,20.5,10.5));
#429 = VECTOR('',#430,1.);
#430 = DIRECTION('',(0.,-1.,0.));
#431 = ORIENTED_EDGE('',*,*,#432,.F.);
#432 = EDGE_CURVE('',#394,#425,#433,.T.);
#433 = LINE('',#434,#435);
#434 = CARTESIAN_POINT('',(57.25,2.,0.));
#435 = VECTOR('',#436,1.);
#436 = DIRECTION('',(0.,0.,1.));
#437 = PLANE('',#438);
#438 = AXIS2_PLACEMENT_3D('',#439,#440,#441);
#439 = CARTESIAN_POINT('',(57.25,5.329070518201E-15,0.));
#440 = DIRECTION('',(-1.,0.,0.));
#441 = DIRECTION('',(0.,1.,0.));
#442 = ADVANCED_FACE('',(#443),#484,.T.);
#443 = FACE_BOUND('',#444,.T.);
#444 = EDGE_LOOP('',(#445,#446,#454,#462,#470,#478));
#445 = ORIENTED_EDGE('',*,*,#375,.T.);
#446 = ORIENTED_EDGE('',*,*,#447,.T.);
#447 = EDGE_CURVE('',#378,#448,#450,.T.);
#448 = VERTEX_POINT('',#449);
#449 = CARTESIAN_POINT('',(55.25,2.,-3.));
#450 = LINE('',#451,#452);
#451 = CARTESIAN_POINT('',(55.25,2.,126.63724610082));
#452 = VECTOR('',#453,1.);
#453 = DIRECTION('',(-0.,-0.,-1.));
#454 = ORIENTED_EDGE('',*,*,#455,.F.);
#455 = EDGE_CURVE('',#456,#448,#458,.T.);
#456 = VERTEX_POINT('',#457);
#457 = CARTESIAN_POINT('',(55.25,-2.,-3.));
#458 = LINE('',#459,#460);
#459 = CARTESIAN_POINT('',(55.25,20.5,-3.));
#460 = VECTOR('',#461,1.);
#461 = DIRECTION('',(0.,1.,0.));
#462 = ORIENTED_EDGE('',*,*,#463,.T.);
#463 = EDGE_CURVE('',#456,#464,#466,.T.);
#464 = VERTEX_POINT('',#465);
#465 = CARTESIAN_POINT('',(55.25,-2.,3.));
#466 = LINE('',#467,#468);
#467 = CARTESIAN_POINT('',(55.25,-2.,-3.));
#468 = VECTOR('',#469,1.);
#469 = DIRECTION('',(0.,2.22044604925E-16,1.));
#470 = ORIENTED_EDGE('',*,*,#471,.F.);
#471 = EDGE_CURVE('',#472,#464,#474,.T.);
#472 = VERTEX_POINT('',#473);
#473 = CARTESIAN_POINT('',(55.25,6.661338147751E-16,3.));
#474 = LINE('',#475,#476);
#475 = CARTESIAN_POINT('',(55.25,6.661338147751E-16,3.));
#476 = VECTOR('',#477,1.);
#477 = DIRECTION('',(0.,-1.,2.22044604925E-16));
#478 = ORIENTED_EDGE('',*,*,#479,.F.);
#479 = EDGE_CURVE('',#376,#472,#480,.T.);
#480 = LINE('',#481,#482);
#481 = CARTESIAN_POINT('',(55.25,-6.661338147751E-16,-3.));
#482 = VECTOR('',#483,1.);
#483 = DIRECTION('',(0.,2.22044604925E-16,1.));
#484 = PLANE('',#485);
#485 = AXIS2_PLACEMENT_3D('',#486,#487,#488);
#486 = CARTESIAN_POINT('',(55.25,-0.3,-0.3));
#487 = DIRECTION('',(-1.,-0.,-0.));
#488 = DIRECTION('',(0.,0.,-1.));
#489 = ADVANCED_FACE('',(#490),#524,.T.);
#490 = FACE_BOUND('',#491,.T.);
#491 = EDGE_LOOP('',(#492,#502,#510,#518));
#492 = ORIENTED_EDGE('',*,*,#493,.F.);
#493 = EDGE_CURVE('',#494,#496,#498,.T.);
#494 = VERTEX_POINT('',#495);
#495 = CARTESIAN_POINT('',(71.75,82.,0.));
#496 = VERTEX_POINT('',#497);
#497 = CARTESIAN_POINT('',(73.75,82.,0.));
#498 = LINE('',#499,#500);
#499 = CARTESIAN_POINT('',(71.75,82.,0.));
#500 = VECTOR('',#501,1.);
#501 = DIRECTION('',(1.,0.,0.));
#502 = ORIENTED_EDGE('',*,*,#503,.T.);
#503 = EDGE_CURVE('',#494,#504,#506,.T.);
#504 = VERTEX_POINT('',#505);
#505 = CARTESIAN_POINT('',(71.75,80.,0.));
#506 = LINE('',#507,#508);
#507 = CARTESIAN_POINT('',(71.75,82.,0.));
#508 = VECTOR('',#509,1.);
#509 = DIRECTION('',(0.,-1.,0.));
#510 = ORIENTED_EDGE('',*,*,#511,.T.);
#511 = EDGE_CURVE('',#504,#512,#514,.T.);
#512 = VERTEX_POINT('',#513);
#513 = CARTESIAN_POINT('',(73.75,80.000000000035,0.));
#514 = LINE('',#515,#516);
#515 = CARTESIAN_POINT('',(71.75,80.,0.));
#516 = VECTOR('',#517,1.);
#517 = DIRECTION('',(1.,0.,0.));
#518 = ORIENTED_EDGE('',*,*,#519,.F.);
#519 = EDGE_CURVE('',#496,#512,#520,.T.);
#520 = LINE('',#521,#522);
#521 = CARTESIAN_POINT('',(73.75,61.5,0.));
#522 = VECTOR('',#523,1.);
#523 = DIRECTION('',(0.,-1.,0.));
#524 = PLANE('',#525);
#525 = AXIS2_PLACEMENT_3D('',#526,#527,#528);
#526 = CARTESIAN_POINT('',(75.25,41.,0.));
#527 = DIRECTION('',(0.,0.,1.));
#528 = DIRECTION('',(1.,0.,0.));
#529 = ADVANCED_FACE('',(#530),#555,.T.);
#530 = FACE_BOUND('',#531,.T.);
#531 = EDGE_LOOP('',(#532,#533,#541,#549));
#532 = ORIENTED_EDGE('',*,*,#503,.F.);
#533 = ORIENTED_EDGE('',*,*,#534,.T.);
#534 = EDGE_CURVE('',#494,#535,#537,.T.);
#535 = VERTEX_POINT('',#536);
#536 = CARTESIAN_POINT('',(71.75,82.,10.5));
#537 = LINE('',#538,#539);
#538 = CARTESIAN_POINT('',(71.75,82.,0.));
#539 = VECTOR('',#540,1.);
#540 = DIRECTION('',(0.,0.,1.));
#541 = ORIENTED_EDGE('',*,*,#542,.F.);
#542 = EDGE_CURVE('',#543,#535,#545,.T.);
#543 = VERTEX_POINT('',#544);
#544 = CARTESIAN_POINT('',(71.75,80.,10.5));
#545 = LINE('',#546,#547);
#546 = CARTESIAN_POINT('',(71.75,61.5,10.5));
#547 = VECTOR('',#548,1.);
#548 = DIRECTION('',(0.,1.,0.));
#549 = ORIENTED_EDGE('',*,*,#550,.F.);
#550 = EDGE_CURVE('',#504,#543,#551,.T.);
#551 = LINE('',#552,#553);
#552 = CARTESIAN_POINT('',(71.75,80.,0.));
#553 = VECTOR('',#554,1.);
#554 = DIRECTION('',(0.,0.,1.));
#555 = PLANE('',#556);
#556 = AXIS2_PLACEMENT_3D('',#557,#558,#559);
#557 = CARTESIAN_POINT('',(71.75,82.,0.));
#558 = DIRECTION('',(1.,0.,0.));
#559 = DIRECTION('',(0.,-1.,0.));
#560 = ADVANCED_FACE('',(#561),#602,.T.);
#561 = FACE_BOUND('',#562,.T.);
#562 = EDGE_LOOP('',(#563,#564,#572,#580,#588,#596));
#563 = ORIENTED_EDGE('',*,*,#519,.T.);
#564 = ORIENTED_EDGE('',*,*,#565,.T.);
#565 = EDGE_CURVE('',#512,#566,#568,.T.);
#566 = VERTEX_POINT('',#567);
#567 = CARTESIAN_POINT('',(73.75,80.000000000035,-3.));
#568 = LINE('',#569,#570);
#569 = CARTESIAN_POINT('',(73.75,80.000000000035,126.63724610082));
#570 = VECTOR('',#571,1.);
#571 = DIRECTION('',(-0.,-0.,-1.));
#572 = ORIENTED_EDGE('',*,*,#573,.F.);
#573 = EDGE_CURVE('',#574,#566,#576,.T.);
#574 = VERTEX_POINT('',#575);
#575 = CARTESIAN_POINT('',(73.75,84.,-3.));
#576 = LINE('',#577,#578);
#577 = CARTESIAN_POINT('',(73.75,61.5,-3.));
#578 = VECTOR('',#579,1.);
#579 = DIRECTION('',(0.,-1.,0.));
#580 = ORIENTED_EDGE('',*,*,#581,.F.);
#581 = EDGE_CURVE('',#582,#574,#584,.T.);
#582 = VERTEX_POINT('',#583);
#583 = CARTESIAN_POINT('',(73.75,84.,3.));
#584 = LINE('',#585,#586);
#585 = CARTESIAN_POINT('',(73.75,84.,4.));
#586 = VECTOR('',#587,1.);
#587 = DIRECTION('',(0.,-2.22044604925E-16,-1.));
#588 = ORIENTED_EDGE('',*,*,#589,.T.);
#589 = EDGE_CURVE('',#582,#590,#592,.T.);
#590 = VERTEX_POINT('',#591);
#591 = CARTESIAN_POINT('',(73.75,82.,3.));
#592 = LINE('',#593,#594);
#593 = CARTESIAN_POINT('',(73.75,84.,3.));
#594 = VECTOR('',#595,1.);
#595 = DIRECTION('',(0.,-1.,2.22044604925E-16));
#596 = ORIENTED_EDGE('',*,*,#597,.T.);
#597 = EDGE_CURVE('',#590,#496,#598,.T.);
#598 = LINE('',#599,#600);
#599 = CARTESIAN_POINT('',(73.75,82.,4.));
#600 = VECTOR('',#601,1.);
#601 = DIRECTION('',(0.,-2.22044604925E-16,-1.));
#602 = PLANE('',#603);
#603 = AXIS2_PLACEMENT_3D('',#604,#605,#606);
#604 = CARTESIAN_POINT('',(73.75,82.300000000013,-0.299999999996));
#605 = DIRECTION('',(1.,0.,0.));
#606 = DIRECTION('',(0.,0.,1.));
#607 = ADVANCED_FACE('',(#608),#642,.T.);
#608 = FACE_BOUND('',#609,.T.);
#609 = EDGE_LOOP('',(#610,#620,#628,#636));
#610 = ORIENTED_EDGE('',*,*,#611,.F.);
#611 = EDGE_CURVE('',#612,#614,#616,.T.);
#612 = VERTEX_POINT('',#613);
#613 = CARTESIAN_POINT('',(76.75,0.,0.));
#614 = VERTEX_POINT('',#615);
#615 = CARTESIAN_POINT('',(76.75,2.,0.));
#616 = LINE('',#617,#618);
#617 = CARTESIAN_POINT('',(76.75,20.5,0.));
#618 = VECTOR('',#619,1.);
#619 = DIRECTION('',(0.,1.,0.));
#620 = ORIENTED_EDGE('',*,*,#621,.T.);
#621 = EDGE_CURVE('',#612,#622,#624,.T.);
#622 = VERTEX_POINT('',#623);
#623 = CARTESIAN_POINT('',(78.75,5.329070518201E-15,0.));
#624 = LINE('',#625,#626);
#625 = CARTESIAN_POINT('',(71.75,5.329070518201E-15,0.));
#626 = VECTOR('',#627,1.);
#627 = DIRECTION('',(1.,0.,0.));
#628 = ORIENTED_EDGE('',*,*,#629,.T.);
#629 = EDGE_CURVE('',#622,#630,#632,.T.);
#630 = VERTEX_POINT('',#631);
#631 = CARTESIAN_POINT('',(78.75,2.,0.));
#632 = LINE('',#633,#634);
#633 = CARTESIAN_POINT('',(78.75,5.329070518201E-15,0.));
#634 = VECTOR('',#635,1.);
#635 = DIRECTION('',(0.,1.,0.));
#636 = ORIENTED_EDGE('',*,*,#637,.T.);
#637 = EDGE_CURVE('',#630,#614,#638,.T.);
#638 = LINE('',#639,#640);
#639 = CARTESIAN_POINT('',(78.75,2.,0.));
#640 = VECTOR('',#641,1.);
#641 = DIRECTION('',(-1.,0.,0.));
#642 = PLANE('',#643);
#643 = AXIS2_PLACEMENT_3D('',#644,#645,#646);
#644 = CARTESIAN_POINT('',(75.25,41.,0.));
#645 = DIRECTION('',(0.,0.,1.));
#646 = DIRECTION('',(1.,0.,0.));
#647 = ADVANCED_FACE('',(#648),#673,.T.);
#648 = FACE_BOUND('',#649,.T.);
#649 = EDGE_LOOP('',(#650,#651,#659,#667));
#650 = ORIENTED_EDGE('',*,*,#629,.F.);
#651 = ORIENTED_EDGE('',*,*,#652,.T.);
#652 = EDGE_CURVE('',#622,#653,#655,.T.);
#653 = VERTEX_POINT('',#654);
#654 = CARTESIAN_POINT('',(78.75,2.6645352591E-15,10.5));
#655 = LINE('',#656,#657);
#656 = CARTESIAN_POINT('',(78.75,5.329070518201E-15,0.));
#657 = VECTOR('',#658,1.);
#658 = DIRECTION('',(0.,0.,1.));
#659 = ORIENTED_EDGE('',*,*,#660,.F.);
#660 = EDGE_CURVE('',#661,#653,#663,.T.);
#661 = VERTEX_POINT('',#662);
#662 = CARTESIAN_POINT('',(78.75,2.,10.5));
#663 = LINE('',#664,#665);
#664 = CARTESIAN_POINT('',(78.75,20.5,10.5));
#665 = VECTOR('',#666,1.);
#666 = DIRECTION('',(0.,-1.,0.));
#667 = ORIENTED_EDGE('',*,*,#668,.F.);
#668 = EDGE_CURVE('',#630,#661,#669,.T.);
#669 = LINE('',#670,#671);
#670 = CARTESIAN_POINT('',(78.75,2.,0.));
#671 = VECTOR('',#672,1.);
#672 = DIRECTION('',(0.,0.,1.));
#673 = PLANE('',#674);
#674 = AXIS2_PLACEMENT_3D('',#675,#676,#677);
#675 = CARTESIAN_POINT('',(78.75,5.329070518201E-15,0.));
#676 = DIRECTION('',(-1.,0.,0.));
#677 = DIRECTION('',(0.,1.,0.));
#678 = ADVANCED_FACE('',(#679),#720,.T.);
#679 = FACE_BOUND('',#680,.T.);
#680 = EDGE_LOOP('',(#681,#682,#690,#698,#706,#714));
#681 = ORIENTED_EDGE('',*,*,#611,.T.);
#682 = ORIENTED_EDGE('',*,*,#683,.T.);
#683 = EDGE_CURVE('',#614,#684,#686,.T.);
#684 = VERTEX_POINT('',#685);
#685 = CARTESIAN_POINT('',(76.75,2.,-3.));
#686 = LINE('',#687,#688);
#687 = CARTESIAN_POINT('',(76.75,2.,126.63724610082));
#688 = VECTOR('',#689,1.);
#689 = DIRECTION('',(-0.,-0.,-1.));
#690 = ORIENTED_EDGE('',*,*,#691,.F.);
#691 = EDGE_CURVE('',#692,#684,#694,.T.);
#692 = VERTEX_POINT('',#693);
#693 = CARTESIAN_POINT('',(76.75,-2.,-3.));
#694 = LINE('',#695,#696);
#695 = CARTESIAN_POINT('',(76.75,20.5,-3.));
#696 = VECTOR('',#697,1.);
#697 = DIRECTION('',(0.,1.,0.));
#698 = ORIENTED_EDGE('',*,*,#699,.T.);
#699 = EDGE_CURVE('',#692,#700,#702,.T.);
#700 = VERTEX_POINT('',#701);
#701 = CARTESIAN_POINT('',(76.75,-2.,3.));
#702 = LINE('',#703,#704);
#703 = CARTESIAN_POINT('',(76.75,-2.,-3.));
#704 = VECTOR('',#705,1.);
#705 = DIRECTION('',(0.,2.22044604925E-16,1.));
#706 = ORIENTED_EDGE('',*,*,#707,.F.);
#707 = EDGE_CURVE('',#708,#700,#710,.T.);
#708 = VERTEX_POINT('',#709);
#709 = CARTESIAN_POINT('',(76.75,6.661338147751E-16,3.));
#710 = LINE('',#711,#712);
#711 = CARTESIAN_POINT('',(76.75,6.661338147751E-16,3.));
#712 = VECTOR('',#713,1.);
#713 = DIRECTION('',(0.,-1.,2.22044604925E-16));
#714 = ORIENTED_EDGE('',*,*,#715,.F.);
#715 = EDGE_CURVE('',#612,#708,#716,.T.);
#716 = LINE('',#717,#718);
#717 = CARTESIAN_POINT('',(76.75,-6.661338147751E-16,-3.));
#718 = VECTOR('',#719,1.);
#719 = DIRECTION('',(0.,2.22044604925E-16,1.));
#720 = PLANE('',#721);
#721 = AXIS2_PLACEMENT_3D('',#722,#723,#724);
#722 = CARTESIAN_POINT('',(76.75,-0.3,-0.3));
#723 = DIRECTION('',(-1.,-0.,-0.));
#724 = DIRECTION('',(0.,0.,-1.));
#725 = ADVANCED_FACE('',(#726),#760,.F.);
#726 = FACE_BOUND('',#727,.T.);
#727 = EDGE_LOOP('',(#728,#738,#746,#754));
#728 = ORIENTED_EDGE('',*,*,#729,.F.);
#729 = EDGE_CURVE('',#730,#732,#734,.T.);
#730 = VERTEX_POINT('',#731);
#731 = CARTESIAN_POINT('',(12.25,6.661338147751E-16,3.));
#732 = VERTEX_POINT('',#733);
#733 = CARTESIAN_POINT('',(11.25,8.881784197001E-16,4.));
#734 = LINE('',#735,#736);
#735 = CARTESIAN_POINT('',(18.121917040359,6.523182591996E-16,
    -2.871917040359));
#736 = VECTOR('',#737,1.);
#737 = DIRECTION('',(-0.707106781187,0.,0.707106781187));
#738 = ORIENTED_EDGE('',*,*,#739,.T.);
#739 = EDGE_CURVE('',#730,#740,#742,.T.);
#740 = VERTEX_POINT('',#741);
#741 = CARTESIAN_POINT('',(12.25,-2.,3.));
#742 = LINE('',#743,#744);
#743 = CARTESIAN_POINT('',(12.25,6.661338147751E-16,3.));
#744 = VECTOR('',#745,1.);
#745 = DIRECTION('',(0.,-1.,2.22044604925E-16));
#746 = ORIENTED_EDGE('',*,*,#747,.T.);
#747 = EDGE_CURVE('',#740,#748,#750,.T.);
#748 = VERTEX_POINT('',#749);
#749 = CARTESIAN_POINT('',(11.25,-2.,4.));
#750 = LINE('',#751,#752);
#751 = CARTESIAN_POINT('',(19.3125,-2.,-4.0625));
#752 = VECTOR('',#753,1.);
#753 = DIRECTION('',(-0.707106781187,0.,0.707106781187));
#754 = ORIENTED_EDGE('',*,*,#755,.F.);
#755 = EDGE_CURVE('',#732,#748,#756,.T.);
#756 = LINE('',#757,#758);
#757 = CARTESIAN_POINT('',(11.25,8.881784197001E-16,4.));
#758 = VECTOR('',#759,1.);
#759 = DIRECTION('',(0.,-1.,2.22044604925E-16));
#760 = PLANE('',#761);
#761 = AXIS2_PLACEMENT_3D('',#762,#763,#764);
#762 = CARTESIAN_POINT('',(11.75,7.771561172376E-16,3.5));
#763 = DIRECTION('',(0.707106781187,1.121270291989E-16,0.707106781187));
#764 = DIRECTION('',(3.173651976171E-17,1.,-1.903080851633E-16));
#765 = ADVANCED_FACE('',(#766),#791,.T.);
#766 = FACE_BOUND('',#767,.T.);
#767 = EDGE_LOOP('',(#768,#776,#777,#785));
#768 = ORIENTED_EDGE('',*,*,#769,.F.);
#769 = EDGE_CURVE('',#732,#770,#772,.T.);
#770 = VERTEX_POINT('',#771);
#771 = CARTESIAN_POINT('',(10.25,8.881784197001E-16,4.));
#772 = LINE('',#773,#774);
#773 = CARTESIAN_POINT('',(12.25,8.881784197001E-16,4.));
#774 = VECTOR('',#775,1.);
#775 = DIRECTION('',(-1.,0.,0.));
#776 = ORIENTED_EDGE('',*,*,#755,.T.);
#777 = ORIENTED_EDGE('',*,*,#778,.T.);
#778 = EDGE_CURVE('',#748,#779,#781,.T.);
#779 = VERTEX_POINT('',#780);
#780 = CARTESIAN_POINT('',(10.25,-2.,4.));
#781 = LINE('',#782,#783);
#782 = CARTESIAN_POINT('',(12.25,-2.,4.));
#783 = VECTOR('',#784,1.);
#784 = DIRECTION('',(-1.,0.,0.));
#785 = ORIENTED_EDGE('',*,*,#786,.F.);
#786 = EDGE_CURVE('',#770,#779,#787,.T.);
#787 = LINE('',#788,#789);
#788 = CARTESIAN_POINT('',(10.25,8.881784197001E-16,4.));
#789 = VECTOR('',#790,1.);
#790 = DIRECTION('',(0.,-1.,2.22044604925E-16));
#791 = PLANE('',#792);
#792 = AXIS2_PLACEMENT_3D('',#793,#794,#795);
#793 = CARTESIAN_POINT('',(12.25,8.881784197001E-16,4.));
#794 = DIRECTION('',(-0.,-2.22044604925E-16,-1.));
#795 = DIRECTION('',(-1.,0.,0.));
#796 = ADVANCED_FACE('',(#797),#822,.F.);
#797 = FACE_BOUND('',#798,.F.);
#798 = EDGE_LOOP('',(#799,#807,#815,#821));
#799 = ORIENTED_EDGE('',*,*,#800,.F.);
#800 = EDGE_CURVE('',#801,#770,#803,.T.);
#801 = VERTEX_POINT('',#802);
#802 = CARTESIAN_POINT('',(9.25,6.661338147751E-16,3.));
#803 = LINE('',#804,#805);
#804 = CARTESIAN_POINT('',(18.056894618834,6.523182591996E-16,
    11.806894618834));
#805 = VECTOR('',#806,1.);
#806 = DIRECTION('',(0.707106781187,0.,0.707106781187));
#807 = ORIENTED_EDGE('',*,*,#808,.T.);
#808 = EDGE_CURVE('',#801,#809,#811,.T.);
#809 = VERTEX_POINT('',#810);
#810 = CARTESIAN_POINT('',(9.25,-2.,3.));
#811 = LINE('',#812,#813);
#812 = CARTESIAN_POINT('',(9.25,6.661338147751E-16,3.));
#813 = VECTOR('',#814,1.);
#814 = DIRECTION('',(0.,-1.,2.22044604925E-16));
#815 = ORIENTED_EDGE('',*,*,#816,.T.);
#816 = EDGE_CURVE('',#809,#779,#817,.T.);
#817 = LINE('',#818,#819);
#818 = CARTESIAN_POINT('',(18.3125,-2.,12.0625));
#819 = VECTOR('',#820,1.);
#820 = DIRECTION('',(0.707106781187,0.,0.707106781187));
#821 = ORIENTED_EDGE('',*,*,#786,.F.);
#822 = PLANE('',#823);
#823 = AXIS2_PLACEMENT_3D('',#824,#825,#826);
#824 = CARTESIAN_POINT('',(9.75,7.771561172376E-16,3.5));
#825 = DIRECTION('',(-0.707106781187,1.541746651484E-16,0.707106781187)
  );
#826 = DIRECTION('',(2.004351248903E-18,-1.,2.200402536761E-16));
#827 = ADVANCED_FACE('',(#828),#869,.T.);
#828 = FACE_BOUND('',#829,.T.);
#829 = EDGE_LOOP('',(#830,#838,#839,#847,#855,#863));
#830 = ORIENTED_EDGE('',*,*,#831,.F.);
#831 = EDGE_CURVE('',#801,#832,#834,.T.);
#832 = VERTEX_POINT('',#833);
#833 = CARTESIAN_POINT('',(9.25,2.6645352591E-15,0.));
#834 = LINE('',#835,#836);
#835 = CARTESIAN_POINT('',(9.25,8.881784197001E-16,4.));
#836 = VECTOR('',#837,1.);
#837 = DIRECTION('',(0.,-2.22044604925E-16,-1.));
#838 = ORIENTED_EDGE('',*,*,#808,.T.);
#839 = ORIENTED_EDGE('',*,*,#840,.T.);
#840 = EDGE_CURVE('',#809,#841,#843,.T.);
#841 = VERTEX_POINT('',#842);
#842 = CARTESIAN_POINT('',(9.25,-2.,-3.));
#843 = LINE('',#844,#845);
#844 = CARTESIAN_POINT('',(9.25,-2.,4.));
#845 = VECTOR('',#846,1.);
#846 = DIRECTION('',(0.,-2.22044604925E-16,-1.));
#847 = ORIENTED_EDGE('',*,*,#848,.F.);
#848 = EDGE_CURVE('',#849,#841,#851,.T.);
#849 = VERTEX_POINT('',#850);
#850 = CARTESIAN_POINT('',(9.25,2.,-3.));
#851 = LINE('',#852,#853);
#852 = CARTESIAN_POINT('',(9.25,21.5,-3.));
#853 = VECTOR('',#854,1.);
#854 = DIRECTION('',(0.,-1.,0.));
#855 = ORIENTED_EDGE('',*,*,#856,.F.);
#856 = EDGE_CURVE('',#857,#849,#859,.T.);
#857 = VERTEX_POINT('',#858);
#858 = CARTESIAN_POINT('',(9.25,2.,0.));
#859 = LINE('',#860,#861);
#860 = CARTESIAN_POINT('',(9.25,2.,126.63724610082));
#861 = VECTOR('',#862,1.);
#862 = DIRECTION('',(-0.,-0.,-1.));
#863 = ORIENTED_EDGE('',*,*,#864,.T.);
#864 = EDGE_CURVE('',#857,#832,#865,.T.);
#865 = LINE('',#866,#867);
#866 = CARTESIAN_POINT('',(9.25,21.5,0.));
#867 = VECTOR('',#868,1.);
#868 = DIRECTION('',(0.,-1.,0.));
#869 = PLANE('',#870);
#870 = AXIS2_PLACEMENT_3D('',#871,#872,#873);
#871 = CARTESIAN_POINT('',(9.25,-0.363636363636,0.136363636364));
#872 = DIRECTION('',(1.,0.,0.));
#873 = DIRECTION('',(0.,0.,1.));
#874 = ADVANCED_FACE('',(#875,#1102,#1113,#1124,#1135,#1146,#1157,#1168,
    #1179),#1190,.F.);
#875 = FACE_BOUND('',#876,.F.);
#876 = EDGE_LOOP('',(#877,#878,#886,#894,#902,#910,#916,#917,#925,#933,
    #939,#940,#948,#956,#962,#963,#971,#979,#987,#995,#1003,#1011,#1017,
    #1018,#1026,#1034,#1042,#1050,#1056,#1057,#1065,#1073,#1079,#1080,
    #1088,#1096));
#877 = ORIENTED_EDGE('',*,*,#691,.F.);
#878 = ORIENTED_EDGE('',*,*,#879,.T.);
#879 = EDGE_CURVE('',#692,#880,#882,.T.);
#880 = VERTEX_POINT('',#881);
#881 = CARTESIAN_POINT('',(88.,-2.,-3.));
#882 = LINE('',#883,#884);
#883 = CARTESIAN_POINT('',(-2.,-2.,-3.));
#884 = VECTOR('',#885,1.);
#885 = DIRECTION('',(1.,0.,0.));
#886 = ORIENTED_EDGE('',*,*,#887,.T.);
#887 = EDGE_CURVE('',#880,#888,#890,.T.);
#888 = VERTEX_POINT('',#889);
#889 = CARTESIAN_POINT('',(88.,84.,-3.));
#890 = LINE('',#891,#892);
#891 = CARTESIAN_POINT('',(88.,-2.,-3.));
#892 = VECTOR('',#893,1.);
#893 = DIRECTION('',(0.,1.,0.));
#894 = ORIENTED_EDGE('',*,*,#895,.T.);
#895 = EDGE_CURVE('',#888,#896,#898,.T.);
#896 = VERTEX_POINT('',#897);
#897 = CARTESIAN_POINT('',(76.75,84.,-3.));
#898 = LINE('',#899,#900);
#899 = CARTESIAN_POINT('',(88.,84.,-3.));
#900 = VECTOR('',#901,1.);
#901 = DIRECTION('',(-1.,0.,0.));
#902 = ORIENTED_EDGE('',*,*,#903,.F.);
#903 = EDGE_CURVE('',#904,#896,#906,.T.);
#904 = VERTEX_POINT('',#905);
#905 = CARTESIAN_POINT('',(76.75,80.000000000035,-3.));
#906 = LINE('',#907,#908);
#907 = CARTESIAN_POINT('',(76.75,60.500000000018,-3.));
#908 = VECTOR('',#909,1.);
#909 = DIRECTION('',(0.,1.,0.));
#910 = ORIENTED_EDGE('',*,*,#911,.F.);
#911 = EDGE_CURVE('',#566,#904,#912,.T.);
#912 = LINE('',#913,#914);
#913 = CARTESIAN_POINT('',(58.375,80.000000000035,-3.));
#914 = VECTOR('',#915,1.);
#915 = DIRECTION('',(1.,0.,0.));
#916 = ORIENTED_EDGE('',*,*,#573,.F.);
#917 = ORIENTED_EDGE('',*,*,#918,.T.);
#918 = EDGE_CURVE('',#574,#919,#921,.T.);
#919 = VERTEX_POINT('',#920);
#920 = CARTESIAN_POINT('',(55.25,84.,-3.));
#921 = LINE('',#922,#923);
#922 = CARTESIAN_POINT('',(88.,84.,-3.));
#923 = VECTOR('',#924,1.);
#924 = DIRECTION('',(-1.,0.,0.));
#925 = ORIENTED_EDGE('',*,*,#926,.F.);
#926 = EDGE_CURVE('',#927,#919,#929,.T.);
#927 = VERTEX_POINT('',#928);
#928 = CARTESIAN_POINT('',(55.25,80.000000000035,-3.));
#929 = LINE('',#930,#931);
#930 = CARTESIAN_POINT('',(55.25,60.500000000018,-3.));
#931 = VECTOR('',#932,1.);
#932 = DIRECTION('',(0.,1.,0.));
#933 = ORIENTED_EDGE('',*,*,#934,.F.);
#934 = EDGE_CURVE('',#330,#927,#935,.T.);
#935 = LINE('',#936,#937);
#936 = CARTESIAN_POINT('',(47.625,80.000000000035,-3.));
#937 = VECTOR('',#938,1.);
#938 = DIRECTION('',(1.,0.,0.));
#939 = ORIENTED_EDGE('',*,*,#337,.F.);
#940 = ORIENTED_EDGE('',*,*,#941,.T.);
#941 = EDGE_CURVE('',#338,#942,#944,.T.);
#942 = VERTEX_POINT('',#943);
#943 = CARTESIAN_POINT('',(33.75,84.,-3.));
#944 = LINE('',#945,#946);
#945 = CARTESIAN_POINT('',(88.,84.,-3.));
#946 = VECTOR('',#947,1.);
#947 = DIRECTION('',(-1.,0.,0.));
#948 = ORIENTED_EDGE('',*,*,#949,.F.);
#949 = EDGE_CURVE('',#950,#942,#952,.T.);
#950 = VERTEX_POINT('',#951);
#951 = CARTESIAN_POINT('',(33.75,80.000000000035,-3.));
#952 = LINE('',#953,#954);
#953 = CARTESIAN_POINT('',(33.75,60.500000000018,-3.));
#954 = VECTOR('',#955,1.);
#955 = DIRECTION('',(0.,1.,0.));
#956 = ORIENTED_EDGE('',*,*,#957,.F.);
#957 = EDGE_CURVE('',#94,#950,#958,.T.);
#958 = LINE('',#959,#960);
#959 = CARTESIAN_POINT('',(36.875,80.000000000035,-3.));
#960 = VECTOR('',#961,1.);
#961 = DIRECTION('',(1.,0.,0.));
#962 = ORIENTED_EDGE('',*,*,#101,.F.);
#963 = ORIENTED_EDGE('',*,*,#964,.T.);
#964 = EDGE_CURVE('',#102,#965,#967,.T.);
#965 = VERTEX_POINT('',#966);
#966 = CARTESIAN_POINT('',(12.25,84.,-3.));
#967 = LINE('',#968,#969);
#968 = CARTESIAN_POINT('',(88.,84.,-3.));
#969 = VECTOR('',#970,1.);
#970 = DIRECTION('',(-1.,0.,0.));
#971 = ORIENTED_EDGE('',*,*,#972,.F.);
#972 = EDGE_CURVE('',#973,#965,#975,.T.);
#973 = VERTEX_POINT('',#974);
#974 = CARTESIAN_POINT('',(12.25,80.000000000035,-3.));
#975 = LINE('',#976,#977);
#976 = CARTESIAN_POINT('',(12.25,60.500000000018,-3.));
#977 = VECTOR('',#978,1.);
#978 = DIRECTION('',(0.,1.,0.));
#979 = ORIENTED_EDGE('',*,*,#980,.F.);
#980 = EDGE_CURVE('',#981,#973,#983,.T.);
#981 = VERTEX_POINT('',#982);
#982 = CARTESIAN_POINT('',(9.25,80.000000000035,-3.));
#983 = LINE('',#984,#985);
#984 = CARTESIAN_POINT('',(26.125,80.000000000035,-3.));
#985 = VECTOR('',#986,1.);
#986 = DIRECTION('',(1.,0.,0.));
#987 = ORIENTED_EDGE('',*,*,#988,.F.);
#988 = EDGE_CURVE('',#989,#981,#991,.T.);
#989 = VERTEX_POINT('',#990);
#990 = CARTESIAN_POINT('',(9.25,84.,-3.));
#991 = LINE('',#992,#993);
#992 = CARTESIAN_POINT('',(9.25,84.,-3.));
#993 = VECTOR('',#994,1.);
#994 = DIRECTION('',(0.,-1.,2.22044604925E-16));
#995 = ORIENTED_EDGE('',*,*,#996,.T.);
#996 = EDGE_CURVE('',#989,#997,#999,.T.);
#997 = VERTEX_POINT('',#998);
#998 = CARTESIAN_POINT('',(-2.,84.,-3.));
#999 = LINE('',#1000,#1001);
#1000 = CARTESIAN_POINT('',(88.,84.,-3.));
#1001 = VECTOR('',#1002,1.);
#1002 = DIRECTION('',(-1.,0.,0.));
#1003 = ORIENTED_EDGE('',*,*,#1004,.T.);
#1004 = EDGE_CURVE('',#997,#1005,#1007,.T.);
#1005 = VERTEX_POINT('',#1006);
#1006 = CARTESIAN_POINT('',(-2.,-2.,-3.));
#1007 = LINE('',#1008,#1009);
#1008 = CARTESIAN_POINT('',(-2.,84.,-3.));
#1009 = VECTOR('',#1010,1.);
#1010 = DIRECTION('',(0.,-1.,0.));
#1011 = ORIENTED_EDGE('',*,*,#1012,.T.);
#1012 = EDGE_CURVE('',#1005,#841,#1013,.T.);
#1013 = LINE('',#1014,#1015);
#1014 = CARTESIAN_POINT('',(-2.,-2.,-3.));
#1015 = VECTOR('',#1016,1.);
#1016 = DIRECTION('',(1.,0.,0.));
#1017 = ORIENTED_EDGE('',*,*,#848,.F.);
#1018 = ORIENTED_EDGE('',*,*,#1019,.F.);
#1019 = EDGE_CURVE('',#1020,#849,#1022,.T.);
#1020 = VERTEX_POINT('',#1021);
#1021 = CARTESIAN_POINT('',(12.25,2.,-3.));
#1022 = LINE('',#1023,#1024);
#1023 = CARTESIAN_POINT('',(27.625,2.,-3.));
#1024 = VECTOR('',#1025,1.);
#1025 = DIRECTION('',(-1.,0.,0.));
#1026 = ORIENTED_EDGE('',*,*,#1027,.T.);
#1027 = EDGE_CURVE('',#1020,#1028,#1030,.T.);
#1028 = VERTEX_POINT('',#1029);
#1029 = CARTESIAN_POINT('',(12.25,-2.,-3.));
#1030 = LINE('',#1031,#1032);
#1031 = CARTESIAN_POINT('',(12.25,-6.661338147751E-16,-3.));
#1032 = VECTOR('',#1033,1.);
#1033 = DIRECTION('',(0.,-1.,2.22044604925E-16));
#1034 = ORIENTED_EDGE('',*,*,#1035,.T.);
#1035 = EDGE_CURVE('',#1028,#1036,#1038,.T.);
#1036 = VERTEX_POINT('',#1037);
#1037 = CARTESIAN_POINT('',(30.75,-2.,-3.));
#1038 = LINE('',#1039,#1040);
#1039 = CARTESIAN_POINT('',(-2.,-2.,-3.));
#1040 = VECTOR('',#1041,1.);
#1041 = DIRECTION('',(1.,0.,0.));
#1042 = ORIENTED_EDGE('',*,*,#1043,.F.);
#1043 = EDGE_CURVE('',#1044,#1036,#1046,.T.);
#1044 = VERTEX_POINT('',#1045);
#1045 = CARTESIAN_POINT('',(30.75,2.,-3.));
#1046 = LINE('',#1047,#1048);
#1047 = CARTESIAN_POINT('',(30.75,21.5,-3.));
#1048 = VECTOR('',#1049,1.);
#1049 = DIRECTION('',(0.,-1.,0.));
#1050 = ORIENTED_EDGE('',*,*,#1051,.F.);
#1051 = EDGE_CURVE('',#212,#1044,#1052,.T.);
#1052 = LINE('',#1053,#1054);
#1053 = CARTESIAN_POINT('',(38.375,2.,-3.));
#1054 = VECTOR('',#1055,1.);
#1055 = DIRECTION('',(-1.,0.,0.));
#1056 = ORIENTED_EDGE('',*,*,#219,.F.);
#1057 = ORIENTED_EDGE('',*,*,#1058,.T.);
#1058 = EDGE_CURVE('',#220,#1059,#1061,.T.);
#1059 = VERTEX_POINT('',#1060);
#1060 = CARTESIAN_POINT('',(52.25,-2.,-3.));
#1061 = LINE('',#1062,#1063);
#1062 = CARTESIAN_POINT('',(-2.,-2.,-3.));
#1063 = VECTOR('',#1064,1.);
#1064 = DIRECTION('',(1.,0.,0.));
#1065 = ORIENTED_EDGE('',*,*,#1066,.F.);
#1066 = EDGE_CURVE('',#1067,#1059,#1069,.T.);
#1067 = VERTEX_POINT('',#1068);
#1068 = CARTESIAN_POINT('',(52.25,2.,-3.));
#1069 = LINE('',#1070,#1071);
#1070 = CARTESIAN_POINT('',(52.25,21.5,-3.));
#1071 = VECTOR('',#1072,1.);
#1072 = DIRECTION('',(0.,-1.,0.));
#1073 = ORIENTED_EDGE('',*,*,#1074,.F.);
#1074 = EDGE_CURVE('',#448,#1067,#1075,.T.);
#1075 = LINE('',#1076,#1077);
#1076 = CARTESIAN_POINT('',(49.125,2.,-3.));
#1077 = VECTOR('',#1078,1.);
#1078 = DIRECTION('',(-1.,0.,0.));
#1079 = ORIENTED_EDGE('',*,*,#455,.F.);
#1080 = ORIENTED_EDGE('',*,*,#1081,.T.);
#1081 = EDGE_CURVE('',#456,#1082,#1084,.T.);
#1082 = VERTEX_POINT('',#1083);
#1083 = CARTESIAN_POINT('',(73.75,-2.,-3.));
#1084 = LINE('',#1085,#1086);
#1085 = CARTESIAN_POINT('',(-2.,-2.,-3.));
#1086 = VECTOR('',#1087,1.);
#1087 = DIRECTION('',(1.,0.,0.));
#1088 = ORIENTED_EDGE('',*,*,#1089,.F.);
#1089 = EDGE_CURVE('',#1090,#1082,#1092,.T.);
#1090 = VERTEX_POINT('',#1091);
#1091 = CARTESIAN_POINT('',(73.75,2.,-3.));
#1092 = LINE('',#1093,#1094);
#1093 = CARTESIAN_POINT('',(73.75,21.5,-3.));
#1094 = VECTOR('',#1095,1.);
#1095 = DIRECTION('',(0.,-1.,0.));
#1096 = ORIENTED_EDGE('',*,*,#1097,.F.);
#1097 = EDGE_CURVE('',#684,#1090,#1098,.T.);
#1098 = LINE('',#1099,#1100);
#1099 = CARTESIAN_POINT('',(59.875,2.,-3.));
#1100 = VECTOR('',#1101,1.);
#1101 = DIRECTION('',(-1.,0.,0.));
#1102 = FACE_BOUND('',#1103,.F.);
#1103 = EDGE_LOOP('',(#1104));
#1104 = ORIENTED_EDGE('',*,*,#1105,.F.);
#1105 = EDGE_CURVE('',#1106,#1106,#1108,.T.);
#1106 = VERTEX_POINT('',#1107);
#1107 = CARTESIAN_POINT('',(12.375,23.428571428571,-3.));
#1108 = CIRCLE('',#1109,1.625);
#1109 = AXIS2_PLACEMENT_3D('',#1110,#1111,#1112);
#1110 = CARTESIAN_POINT('',(10.75,23.428571428571,-3.));
#1111 = DIRECTION('',(0.,0.,1.));
#1112 = DIRECTION('',(1.,0.,0.));
#1113 = FACE_BOUND('',#1114,.F.);
#1114 = EDGE_LOOP('',(#1115));
#1115 = ORIENTED_EDGE('',*,*,#1116,.F.);
#1116 = EDGE_CURVE('',#1117,#1117,#1119,.T.);
#1117 = VERTEX_POINT('',#1118);
#1118 = CARTESIAN_POINT('',(33.875,23.428571428571,-3.));
#1119 = CIRCLE('',#1120,1.625);
#1120 = AXIS2_PLACEMENT_3D('',#1121,#1122,#1123);
#1121 = CARTESIAN_POINT('',(32.25,23.428571428571,-3.));
#1122 = DIRECTION('',(0.,0.,1.));
#1123 = DIRECTION('',(1.,0.,0.));
#1124 = FACE_BOUND('',#1125,.F.);
#1125 = EDGE_LOOP('',(#1126));
#1126 = ORIENTED_EDGE('',*,*,#1127,.F.);
#1127 = EDGE_CURVE('',#1128,#1128,#1130,.T.);
#1128 = VERTEX_POINT('',#1129);
#1129 = CARTESIAN_POINT('',(55.375,23.428571428571,-3.));
#1130 = CIRCLE('',#1131,1.625);
#1131 = AXIS2_PLACEMENT_3D('',#1132,#1133,#1134);
#1132 = CARTESIAN_POINT('',(53.75,23.428571428571,-3.));
#1133 = DIRECTION('',(0.,0.,1.));
#1134 = DIRECTION('',(1.,0.,0.));
#1135 = FACE_BOUND('',#1136,.F.);
#1136 = EDGE_LOOP('',(#1137));
#1137 = ORIENTED_EDGE('',*,*,#1138,.F.);
#1138 = EDGE_CURVE('',#1139,#1139,#1141,.T.);
#1139 = VERTEX_POINT('',#1140);
#1140 = CARTESIAN_POINT('',(76.875,23.428571428571,-3.));
#1141 = CIRCLE('',#1142,1.625);
#1142 = AXIS2_PLACEMENT_3D('',#1143,#1144,#1145);
#1143 = CARTESIAN_POINT('',(75.25,23.428571428571,-3.));
#1144 = DIRECTION('',(0.,0.,1.));
#1145 = DIRECTION('',(1.,0.,0.));
#1146 = FACE_BOUND('',#1147,.F.);
#1147 = EDGE_LOOP('',(#1148));
#1148 = ORIENTED_EDGE('',*,*,#1149,.F.);
#1149 = EDGE_CURVE('',#1150,#1150,#1152,.T.);
#1150 = VERTEX_POINT('',#1151);
#1151 = CARTESIAN_POINT('',(12.375,58.571428571429,-3.));
#1152 = CIRCLE('',#1153,1.625);
#1153 = AXIS2_PLACEMENT_3D('',#1154,#1155,#1156);
#1154 = CARTESIAN_POINT('',(10.75,58.571428571429,-3.));
#1155 = DIRECTION('',(0.,0.,1.));
#1156 = DIRECTION('',(1.,0.,0.));
#1157 = FACE_BOUND('',#1158,.F.);
#1158 = EDGE_LOOP('',(#1159));
#1159 = ORIENTED_EDGE('',*,*,#1160,.F.);
#1160 = EDGE_CURVE('',#1161,#1161,#1163,.T.);
#1161 = VERTEX_POINT('',#1162);
#1162 = CARTESIAN_POINT('',(33.875,58.571428571429,-3.));
#1163 = CIRCLE('',#1164,1.625);
#1164 = AXIS2_PLACEMENT_3D('',#1165,#1166,#1167);
#1165 = CARTESIAN_POINT('',(32.25,58.571428571429,-3.));
#1166 = DIRECTION('',(0.,0.,1.));
#1167 = DIRECTION('',(1.,0.,0.));
#1168 = FACE_BOUND('',#1169,.F.);
#1169 = EDGE_LOOP('',(#1170));
#1170 = ORIENTED_EDGE('',*,*,#1171,.F.);
#1171 = EDGE_CURVE('',#1172,#1172,#1174,.T.);
#1172 = VERTEX_POINT('',#1173);
#1173 = CARTESIAN_POINT('',(55.375,58.571428571429,-3.));
#1174 = CIRCLE('',#1175,1.625);
#1175 = AXIS2_PLACEMENT_3D('',#1176,#1177,#1178);
#1176 = CARTESIAN_POINT('',(53.75,58.571428571429,-3.));
#1177 = DIRECTION('',(0.,0.,1.));
#1178 = DIRECTION('',(1.,0.,0.));
#1179 = FACE_BOUND('',#1180,.F.);
#1180 = EDGE_LOOP('',(#1181));
#1181 = ORIENTED_EDGE('',*,*,#1182,.F.);
#1182 = EDGE_CURVE('',#1183,#1183,#1185,.T.);
#1183 = VERTEX_POINT('',#1184);
#1184 = CARTESIAN_POINT('',(76.875,58.571428571429,-3.));
#1185 = CIRCLE('',#1186,1.625);
#1186 = AXIS2_PLACEMENT_3D('',#1187,#1188,#1189);
#1187 = CARTESIAN_POINT('',(75.25,58.571428571429,-3.));
#1188 = DIRECTION('',(0.,0.,1.));
#1189 = DIRECTION('',(1.,0.,0.));
#1190 = PLANE('',#1191);
#1191 = AXIS2_PLACEMENT_3D('',#1192,#1193,#1194);
#1192 = CARTESIAN_POINT('',(43.,41.,-3.));
#1193 = DIRECTION('',(0.,0.,1.));
#1194 = DIRECTION('',(1.,0.,0.));
#1195 = ADVANCED_FACE('',(#1196),#1221,.T.);
#1196 = FACE_BOUND('',#1197,.T.);
#1197 = EDGE_LOOP('',(#1198,#1199,#1207,#1215));
#1198 = ORIENTED_EDGE('',*,*,#1004,.T.);
#1199 = ORIENTED_EDGE('',*,*,#1200,.F.);
#1200 = EDGE_CURVE('',#1201,#1005,#1203,.T.);
#1201 = VERTEX_POINT('',#1202);
#1202 = CARTESIAN_POINT('',(-2.,-2.,12.));
#1203 = LINE('',#1204,#1205);
#1204 = CARTESIAN_POINT('',(-2.,-2.,0.));
#1205 = VECTOR('',#1206,1.);
#1206 = DIRECTION('',(-0.,-0.,-1.));
#1207 = ORIENTED_EDGE('',*,*,#1208,.F.);
#1208 = EDGE_CURVE('',#1209,#1201,#1211,.T.);
#1209 = VERTEX_POINT('',#1210);
#1210 = CARTESIAN_POINT('',(-2.,84.,12.));
#1211 = LINE('',#1212,#1213);
#1212 = CARTESIAN_POINT('',(-2.,84.,12.));
#1213 = VECTOR('',#1214,1.);
#1214 = DIRECTION('',(0.,-1.,0.));
#1215 = ORIENTED_EDGE('',*,*,#1216,.F.);
#1216 = EDGE_CURVE('',#997,#1209,#1217,.T.);
#1217 = LINE('',#1218,#1219);
#1218 = CARTESIAN_POINT('',(-2.,84.,0.));
#1219 = VECTOR('',#1220,1.);
#1220 = DIRECTION('',(0.,0.,1.));
#1221 = PLANE('',#1222);
#1222 = AXIS2_PLACEMENT_3D('',#1223,#1224,#1225);
#1223 = CARTESIAN_POINT('',(-2.,41.,4.5));
#1224 = DIRECTION('',(-1.,0.,2.757477006415E-16));
#1225 = DIRECTION('',(-2.757477006415E-16,0.,-1.));
#1226 = ADVANCED_FACE('',(#1227,#1252),#1286,.T.);
#1227 = FACE_BOUND('',#1228,.T.);
#1228 = EDGE_LOOP('',(#1229,#1230,#1238,#1246));
#1229 = ORIENTED_EDGE('',*,*,#1208,.T.);
#1230 = ORIENTED_EDGE('',*,*,#1231,.T.);
#1231 = EDGE_CURVE('',#1201,#1232,#1234,.T.);
#1232 = VERTEX_POINT('',#1233);
#1233 = CARTESIAN_POINT('',(88.,-2.,12.));
#1234 = LINE('',#1235,#1236);
#1235 = CARTESIAN_POINT('',(-2.,-2.,12.));
#1236 = VECTOR('',#1237,1.);
#1237 = DIRECTION('',(1.,0.,0.));
#1238 = ORIENTED_EDGE('',*,*,#1239,.T.);
#1239 = EDGE_CURVE('',#1232,#1240,#1242,.T.);
#1240 = VERTEX_POINT('',#1241);
#1241 = CARTESIAN_POINT('',(88.,84.,12.));
#1242 = LINE('',#1243,#1244);
#1243 = CARTESIAN_POINT('',(88.,-2.,12.));
#1244 = VECTOR('',#1245,1.);
#1245 = DIRECTION('',(0.,1.,0.));
#1246 = ORIENTED_EDGE('',*,*,#1247,.T.);
#1247 = EDGE_CURVE('',#1240,#1209,#1248,.T.);
#1248 = LINE('',#1249,#1250);
#1249 = CARTESIAN_POINT('',(88.,84.,12.));
#1250 = VECTOR('',#1251,1.);
#1251 = DIRECTION('',(-1.,0.,0.));
#1252 = FACE_BOUND('',#1253,.F.);
#1253 = EDGE_LOOP('',(#1254,#1264,#1272,#1280));
#1254 = ORIENTED_EDGE('',*,*,#1255,.T.);
#1255 = EDGE_CURVE('',#1256,#1258,#1260,.T.);
#1256 = VERTEX_POINT('',#1257);
#1257 = CARTESIAN_POINT('',(86.,0.,12.));
#1258 = VERTEX_POINT('',#1259);
#1259 = CARTESIAN_POINT('',(86.,82.,12.));
#1260 = LINE('',#1261,#1262);
#1261 = CARTESIAN_POINT('',(86.,0.,12.));
#1262 = VECTOR('',#1263,1.);
#1263 = DIRECTION('',(0.,1.,0.));
#1264 = ORIENTED_EDGE('',*,*,#1265,.T.);
#1265 = EDGE_CURVE('',#1258,#1266,#1268,.T.);
#1266 = VERTEX_POINT('',#1267);
#1267 = CARTESIAN_POINT('',(0.,82.,12.));
#1268 = LINE('',#1269,#1270);
#1269 = CARTESIAN_POINT('',(86.,82.,12.));
#1270 = VECTOR('',#1271,1.);
#1271 = DIRECTION('',(-1.,0.,0.));
#1272 = ORIENTED_EDGE('',*,*,#1273,.T.);
#1273 = EDGE_CURVE('',#1266,#1274,#1276,.T.);
#1274 = VERTEX_POINT('',#1275);
#1275 = CARTESIAN_POINT('',(0.,0.,12.));
#1276 = LINE('',#1277,#1278);
#1277 = CARTESIAN_POINT('',(0.,82.,12.));
#1278 = VECTOR('',#1279,1.);
#1279 = DIRECTION('',(0.,-1.,0.));
#1280 = ORIENTED_EDGE('',*,*,#1281,.T.);
#1281 = EDGE_CURVE('',#1274,#1256,#1282,.T.);
#1282 = LINE('',#1283,#1284);
#1283 = CARTESIAN_POINT('',(0.,0.,12.));
#1284 = VECTOR('',#1285,1.);
#1285 = DIRECTION('',(1.,0.,0.));
#1286 = PLANE('',#1287);
#1287 = AXIS2_PLACEMENT_3D('',#1288,#1289,#1290);
#1288 = CARTESIAN_POINT('',(43.,41.,12.));
#1289 = DIRECTION('',(0.,0.,1.));
#1290 = DIRECTION('',(1.,0.,0.));
#1291 = ADVANCED_FACE('',(#1292),#1308,.T.);
#1292 = FACE_BOUND('',#1293,.T.);
#1293 = EDGE_LOOP('',(#1294,#1300,#1301,#1307));
#1294 = ORIENTED_EDGE('',*,*,#1295,.T.);
#1295 = EDGE_CURVE('',#1232,#880,#1296,.T.);
#1296 = LINE('',#1297,#1298);
#1297 = CARTESIAN_POINT('',(88.,-2.,0.));
#1298 = VECTOR('',#1299,1.);
#1299 = DIRECTION('',(-0.,-0.,-1.));
#1300 = ORIENTED_EDGE('',*,*,#887,.T.);
#1301 = ORIENTED_EDGE('',*,*,#1302,.T.);
#1302 = EDGE_CURVE('',#888,#1240,#1303,.T.);
#1303 = LINE('',#1304,#1305);
#1304 = CARTESIAN_POINT('',(88.,84.,0.));
#1305 = VECTOR('',#1306,1.);
#1306 = DIRECTION('',(0.,0.,1.));
#1307 = ORIENTED_EDGE('',*,*,#1239,.F.);
#1308 = PLANE('',#1309);
#1309 = AXIS2_PLACEMENT_3D('',#1310,#1311,#1312);
#1310 = CARTESIAN_POINT('',(88.,41.,4.5));
#1311 = DIRECTION('',(1.,0.,0.));
#1312 = DIRECTION('',(0.,0.,1.));
#1313 = ADVANCED_FACE('',(#1314),#1346,.T.);
#1314 = FACE_BOUND('',#1315,.T.);
#1315 = EDGE_LOOP('',(#1316,#1322,#1323,#1331,#1339,#1345));
#1316 = ORIENTED_EDGE('',*,*,#1317,.T.);
#1317 = EDGE_CURVE('',#1028,#740,#1318,.T.);
#1318 = LINE('',#1319,#1320);
#1319 = CARTESIAN_POINT('',(12.25,-2.,-3.));
#1320 = VECTOR('',#1321,1.);
#1321 = DIRECTION('',(0.,2.22044604925E-16,1.));
#1322 = ORIENTED_EDGE('',*,*,#739,.F.);
#1323 = ORIENTED_EDGE('',*,*,#1324,.F.);
#1324 = EDGE_CURVE('',#1325,#730,#1327,.T.);
#1325 = VERTEX_POINT('',#1326);
#1326 = CARTESIAN_POINT('',(12.25,2.6645352591E-15,0.));
#1327 = LINE('',#1328,#1329);
#1328 = CARTESIAN_POINT('',(12.25,-6.661338147751E-16,-3.));
#1329 = VECTOR('',#1330,1.);
#1330 = DIRECTION('',(0.,2.22044604925E-16,1.));
#1331 = ORIENTED_EDGE('',*,*,#1332,.T.);
#1332 = EDGE_CURVE('',#1325,#1333,#1335,.T.);
#1333 = VERTEX_POINT('',#1334);
#1334 = CARTESIAN_POINT('',(12.25,2.,0.));
#1335 = LINE('',#1336,#1337);
#1336 = CARTESIAN_POINT('',(12.25,20.5,0.));
#1337 = VECTOR('',#1338,1.);
#1338 = DIRECTION('',(0.,1.,0.));
#1339 = ORIENTED_EDGE('',*,*,#1340,.T.);
#1340 = EDGE_CURVE('',#1333,#1020,#1341,.T.);
#1341 = LINE('',#1342,#1343);
#1342 = CARTESIAN_POINT('',(12.25,2.,126.63724610082));
#1343 = VECTOR('',#1344,1.);
#1344 = DIRECTION('',(-0.,-0.,-1.));
#1345 = ORIENTED_EDGE('',*,*,#1027,.T.);
#1346 = PLANE('',#1347);
#1347 = AXIS2_PLACEMENT_3D('',#1348,#1349,#1350);
#1348 = CARTESIAN_POINT('',(12.25,-0.363636363636,0.136363636364));
#1349 = DIRECTION('',(-1.,-0.,-0.));
#1350 = DIRECTION('',(0.,0.,-1.));
#1351 = ADVANCED_FACE('',(#1352),#1377,.T.);
#1352 = FACE_BOUND('',#1353,.T.);
#1353 = EDGE_LOOP('',(#1354,#1364,#1370,#1371));
#1354 = ORIENTED_EDGE('',*,*,#1355,.T.);
#1355 = EDGE_CURVE('',#1356,#1358,#1360,.T.);
#1356 = VERTEX_POINT('',#1357);
#1357 = CARTESIAN_POINT('',(7.25,2.,0.));
#1358 = VERTEX_POINT('',#1359);
#1359 = CARTESIAN_POINT('',(7.25,5.329070518201E-15,0.));
#1360 = LINE('',#1361,#1362);
#1361 = CARTESIAN_POINT('',(7.25,2.,0.));
#1362 = VECTOR('',#1363,1.);
#1363 = DIRECTION('',(0.,-1.,0.));
#1364 = ORIENTED_EDGE('',*,*,#1365,.T.);
#1365 = EDGE_CURVE('',#1358,#832,#1366,.T.);
#1366 = LINE('',#1367,#1368);
#1367 = CARTESIAN_POINT('',(7.25,5.329070518201E-15,0.));
#1368 = VECTOR('',#1369,1.);
#1369 = DIRECTION('',(1.,0.,0.));
#1370 = ORIENTED_EDGE('',*,*,#864,.F.);
#1371 = ORIENTED_EDGE('',*,*,#1372,.T.);
#1372 = EDGE_CURVE('',#857,#1356,#1373,.T.);
#1373 = LINE('',#1374,#1375);
#1374 = CARTESIAN_POINT('',(14.25,2.,0.));
#1375 = VECTOR('',#1376,1.);
#1376 = DIRECTION('',(-1.,0.,0.));
#1377 = PLANE('',#1378);
#1378 = AXIS2_PLACEMENT_3D('',#1379,#1380,#1381);
#1379 = CARTESIAN_POINT('',(10.75,41.,0.));
#1380 = DIRECTION('',(0.,0.,1.));
#1381 = DIRECTION('',(1.,0.,0.));
#1382 = ADVANCED_FACE('',(#1383),#1419,.T.);
#1383 = FACE_BOUND('',#1384,.T.);
#1384 = EDGE_LOOP('',(#1385,#1386,#1387,#1388,#1396,#1404,#1412,#1418));
#1385 = ORIENTED_EDGE('',*,*,#856,.T.);
#1386 = ORIENTED_EDGE('',*,*,#1019,.F.);
#1387 = ORIENTED_EDGE('',*,*,#1340,.F.);
#1388 = ORIENTED_EDGE('',*,*,#1389,.F.);
#1389 = EDGE_CURVE('',#1390,#1333,#1392,.T.);
#1390 = VERTEX_POINT('',#1391);
#1391 = CARTESIAN_POINT('',(14.25,2.,0.));
#1392 = LINE('',#1393,#1394);
#1393 = CARTESIAN_POINT('',(14.25,2.,0.));
#1394 = VECTOR('',#1395,1.);
#1395 = DIRECTION('',(-1.,0.,0.));
#1396 = ORIENTED_EDGE('',*,*,#1397,.T.);
#1397 = EDGE_CURVE('',#1390,#1398,#1400,.T.);
#1398 = VERTEX_POINT('',#1399);
#1399 = CARTESIAN_POINT('',(14.25,2.,10.5));
#1400 = LINE('',#1401,#1402);
#1401 = CARTESIAN_POINT('',(14.25,2.,0.));
#1402 = VECTOR('',#1403,1.);
#1403 = DIRECTION('',(0.,0.,1.));
#1404 = ORIENTED_EDGE('',*,*,#1405,.F.);
#1405 = EDGE_CURVE('',#1406,#1398,#1408,.T.);
#1406 = VERTEX_POINT('',#1407);
#1407 = CARTESIAN_POINT('',(7.25,2.,10.5));
#1408 = LINE('',#1409,#1410);
#1409 = CARTESIAN_POINT('',(12.5,2.,10.5));
#1410 = VECTOR('',#1411,1.);
#1411 = DIRECTION('',(1.,0.,0.));
#1412 = ORIENTED_EDGE('',*,*,#1413,.F.);
#1413 = EDGE_CURVE('',#1356,#1406,#1414,.T.);
#1414 = LINE('',#1415,#1416);
#1415 = CARTESIAN_POINT('',(7.25,2.,0.));
#1416 = VECTOR('',#1417,1.);
#1417 = DIRECTION('',(0.,0.,1.));
#1418 = ORIENTED_EDGE('',*,*,#1372,.F.);
#1419 = PLANE('',#1420);
#1420 = AXIS2_PLACEMENT_3D('',#1421,#1422,#1423);
#1421 = CARTESIAN_POINT('',(10.75,2.,4.042682926829));
#1422 = DIRECTION('',(0.,-1.,5.112233436264E-16));
#1423 = DIRECTION('',(0.,-5.112233436264E-16,-1.));
#1424 = ADVANCED_FACE('',(#1425),#1466,.T.);
#1425 = FACE_BOUND('',#1426,.T.);
#1426 = EDGE_LOOP('',(#1427,#1437,#1445,#1451,#1452,#1460));
#1427 = ORIENTED_EDGE('',*,*,#1428,.T.);
#1428 = EDGE_CURVE('',#1429,#1431,#1433,.T.);
#1429 = VERTEX_POINT('',#1430);
#1430 = CARTESIAN_POINT('',(12.25,82.,0.));
#1431 = VERTEX_POINT('',#1432);
#1432 = CARTESIAN_POINT('',(12.25,82.,3.));
#1433 = LINE('',#1434,#1435);
#1434 = CARTESIAN_POINT('',(12.25,82.,-3.));
#1435 = VECTOR('',#1436,1.);
#1436 = DIRECTION('',(0.,2.22044604925E-16,1.));
#1437 = ORIENTED_EDGE('',*,*,#1438,.F.);
#1438 = EDGE_CURVE('',#1439,#1431,#1441,.T.);
#1439 = VERTEX_POINT('',#1440);
#1440 = CARTESIAN_POINT('',(12.25,84.,3.));
#1441 = LINE('',#1442,#1443);
#1442 = CARTESIAN_POINT('',(12.25,84.,3.));
#1443 = VECTOR('',#1444,1.);
#1444 = DIRECTION('',(0.,-1.,2.22044604925E-16));
#1445 = ORIENTED_EDGE('',*,*,#1446,.F.);
#1446 = EDGE_CURVE('',#965,#1439,#1447,.T.);
#1447 = LINE('',#1448,#1449);
#1448 = CARTESIAN_POINT('',(12.25,84.,-3.));
#1449 = VECTOR('',#1450,1.);
#1450 = DIRECTION('',(0.,2.22044604925E-16,1.));
#1451 = ORIENTED_EDGE('',*,*,#972,.F.);
#1452 = ORIENTED_EDGE('',*,*,#1453,.F.);
#1453 = EDGE_CURVE('',#1454,#973,#1456,.T.);
#1454 = VERTEX_POINT('',#1455);
#1455 = CARTESIAN_POINT('',(12.25,80.000000000018,0.));
#1456 = LINE('',#1457,#1458);
#1457 = CARTESIAN_POINT('',(12.25,80.000000000035,126.63724610082));
#1458 = VECTOR('',#1459,1.);
#1459 = DIRECTION('',(-0.,-0.,-1.));
#1460 = ORIENTED_EDGE('',*,*,#1461,.T.);
#1461 = EDGE_CURVE('',#1454,#1429,#1462,.T.);
#1462 = LINE('',#1463,#1464);
#1463 = CARTESIAN_POINT('',(12.25,60.500000000018,0.));
#1464 = VECTOR('',#1465,1.);
#1465 = DIRECTION('',(0.,1.,0.));
#1466 = PLANE('',#1467);
#1467 = AXIS2_PLACEMENT_3D('',#1468,#1469,#1470);
#1468 = CARTESIAN_POINT('',(12.25,82.363636363649,0.136363636369));
#1469 = DIRECTION('',(-1.,-0.,-0.));
#1470 = DIRECTION('',(0.,0.,-1.));
#1471 = ADVANCED_FACE('',(#1472),#1522,.T.);
#1472 = FACE_BOUND('',#1473,.T.);
#1473 = EDGE_LOOP('',(#1474,#1475,#1476,#1484,#1492,#1500,#1508,#1516));
#1474 = ORIENTED_EDGE('',*,*,#1453,.T.);
#1475 = ORIENTED_EDGE('',*,*,#980,.F.);
#1476 = ORIENTED_EDGE('',*,*,#1477,.F.);
#1477 = EDGE_CURVE('',#1478,#981,#1480,.T.);
#1478 = VERTEX_POINT('',#1479);
#1479 = CARTESIAN_POINT('',(9.25,80.000000000018,0.));
#1480 = LINE('',#1481,#1482);
#1481 = CARTESIAN_POINT('',(9.25,80.000000000035,126.63724610082));
#1482 = VECTOR('',#1483,1.);
#1483 = DIRECTION('',(-0.,-0.,-1.));
#1484 = ORIENTED_EDGE('',*,*,#1485,.F.);
#1485 = EDGE_CURVE('',#1486,#1478,#1488,.T.);
#1486 = VERTEX_POINT('',#1487);
#1487 = CARTESIAN_POINT('',(7.25,80.,0.));
#1488 = LINE('',#1489,#1490);
#1489 = CARTESIAN_POINT('',(7.25,80.,0.));
#1490 = VECTOR('',#1491,1.);
#1491 = DIRECTION('',(1.,0.,0.));
#1492 = ORIENTED_EDGE('',*,*,#1493,.T.);
#1493 = EDGE_CURVE('',#1486,#1494,#1496,.T.);
#1494 = VERTEX_POINT('',#1495);
#1495 = CARTESIAN_POINT('',(7.25,80.,10.5));
#1496 = LINE('',#1497,#1498);
#1497 = CARTESIAN_POINT('',(7.25,80.,0.));
#1498 = VECTOR('',#1499,1.);
#1499 = DIRECTION('',(0.,0.,1.));
#1500 = ORIENTED_EDGE('',*,*,#1501,.F.);
#1501 = EDGE_CURVE('',#1502,#1494,#1504,.T.);
#1502 = VERTEX_POINT('',#1503);
#1503 = CARTESIAN_POINT('',(14.25,80.,10.5));
#1504 = LINE('',#1505,#1506);
#1505 = CARTESIAN_POINT('',(9.,80.,10.5));
#1506 = VECTOR('',#1507,1.);
#1507 = DIRECTION('',(-1.,0.,0.));
#1508 = ORIENTED_EDGE('',*,*,#1509,.F.);
#1509 = EDGE_CURVE('',#1510,#1502,#1512,.T.);
#1510 = VERTEX_POINT('',#1511);
#1511 = CARTESIAN_POINT('',(14.25,80.,0.));
#1512 = LINE('',#1513,#1514);
#1513 = CARTESIAN_POINT('',(14.25,80.,0.));
#1514 = VECTOR('',#1515,1.);
#1515 = DIRECTION('',(0.,0.,1.));
#1516 = ORIENTED_EDGE('',*,*,#1517,.F.);
#1517 = EDGE_CURVE('',#1454,#1510,#1518,.T.);
#1518 = LINE('',#1519,#1520);
#1519 = CARTESIAN_POINT('',(7.25,80.,0.));
#1520 = VECTOR('',#1521,1.);
#1521 = DIRECTION('',(1.,0.,0.));
#1522 = PLANE('',#1523);
#1523 = AXIS2_PLACEMENT_3D('',#1524,#1525,#1526);
#1524 = CARTESIAN_POINT('',(10.75,80.000000000008,4.042682926829));
#1525 = DIRECTION('',(0.,1.,1.464127326096E-12));
#1526 = DIRECTION('',(0.,-1.464127326096E-12,1.));
#1527 = ADVANCED_FACE('',(#1528),#1562,.T.);
#1528 = FACE_BOUND('',#1529,.T.);
#1529 = EDGE_LOOP('',(#1530,#1540,#1546,#1547,#1548,#1556));
#1530 = ORIENTED_EDGE('',*,*,#1531,.T.);
#1531 = EDGE_CURVE('',#1532,#1534,#1536,.T.);
#1532 = VERTEX_POINT('',#1533);
#1533 = CARTESIAN_POINT('',(9.25,82.,3.));
#1534 = VERTEX_POINT('',#1535);
#1535 = CARTESIAN_POINT('',(9.25,82.,0.));
#1536 = LINE('',#1537,#1538);
#1537 = CARTESIAN_POINT('',(9.25,82.,4.));
#1538 = VECTOR('',#1539,1.);
#1539 = DIRECTION('',(0.,-2.22044604925E-16,-1.));
#1540 = ORIENTED_EDGE('',*,*,#1541,.T.);
#1541 = EDGE_CURVE('',#1534,#1478,#1542,.T.);
#1542 = LINE('',#1543,#1544);
#1543 = CARTESIAN_POINT('',(9.25,61.5,0.));
#1544 = VECTOR('',#1545,1.);
#1545 = DIRECTION('',(0.,-1.,0.));
#1546 = ORIENTED_EDGE('',*,*,#1477,.T.);
#1547 = ORIENTED_EDGE('',*,*,#988,.F.);
#1548 = ORIENTED_EDGE('',*,*,#1549,.F.);
#1549 = EDGE_CURVE('',#1550,#989,#1552,.T.);
#1550 = VERTEX_POINT('',#1551);
#1551 = CARTESIAN_POINT('',(9.25,84.,3.));
#1552 = LINE('',#1553,#1554);
#1553 = CARTESIAN_POINT('',(9.25,84.,4.));
#1554 = VECTOR('',#1555,1.);
#1555 = DIRECTION('',(0.,-2.22044604925E-16,-1.));
#1556 = ORIENTED_EDGE('',*,*,#1557,.T.);
#1557 = EDGE_CURVE('',#1550,#1532,#1558,.T.);
#1558 = LINE('',#1559,#1560);
#1559 = CARTESIAN_POINT('',(9.25,84.,3.));
#1560 = VECTOR('',#1561,1.);
#1561 = DIRECTION('',(0.,-1.,2.22044604925E-16));
#1562 = PLANE('',#1563);
#1563 = AXIS2_PLACEMENT_3D('',#1564,#1565,#1566);
#1564 = CARTESIAN_POINT('',(9.25,82.363636363649,0.136363636369));
#1565 = DIRECTION('',(1.,0.,0.));
#1566 = DIRECTION('',(0.,0.,1.));
#1567 = ADVANCED_FACE('',(#1568),#1587,.F.);
#1568 = FACE_BOUND('',#1569,.F.);
#1569 = EDGE_LOOP('',(#1570,#1579,#1585,#1586));
#1570 = ORIENTED_EDGE('',*,*,#1571,.F.);
#1571 = EDGE_CURVE('',#1572,#1572,#1574,.T.);
#1572 = VERTEX_POINT('',#1573);
#1573 = CARTESIAN_POINT('',(12.375,23.428571428571,-2.5));
#1574 = CIRCLE('',#1575,1.625);
#1575 = AXIS2_PLACEMENT_3D('',#1576,#1577,#1578);
#1576 = CARTESIAN_POINT('',(10.75,23.428571428571,-2.5));
#1577 = DIRECTION('',(0.,0.,1.));
#1578 = DIRECTION('',(1.,0.,0.));
#1579 = ORIENTED_EDGE('',*,*,#1580,.T.);
#1580 = EDGE_CURVE('',#1572,#1106,#1581,.T.);
#1581 = LINE('',#1582,#1583);
#1582 = CARTESIAN_POINT('',(12.375,23.428571428571,126.63724610082));
#1583 = VECTOR('',#1584,1.);
#1584 = DIRECTION('',(-0.,-0.,-1.));
#1585 = ORIENTED_EDGE('',*,*,#1105,.T.);
#1586 = ORIENTED_EDGE('',*,*,#1580,.F.);
#1587 = CYLINDRICAL_SURFACE('',#1588,1.625);
#1588 = AXIS2_PLACEMENT_3D('',#1589,#1590,#1591);
#1589 = CARTESIAN_POINT('',(10.75,23.428571428571,126.63724610082));
#1590 = DIRECTION('',(0.,0.,1.));
#1591 = DIRECTION('',(1.,0.,0.));
#1592 = ADVANCED_FACE('',(#1593),#1612,.F.);
#1593 = FACE_BOUND('',#1594,.F.);
#1594 = EDGE_LOOP('',(#1595,#1604,#1610,#1611));
#1595 = ORIENTED_EDGE('',*,*,#1596,.F.);
#1596 = EDGE_CURVE('',#1597,#1597,#1599,.T.);
#1597 = VERTEX_POINT('',#1598);
#1598 = CARTESIAN_POINT('',(33.875,23.428571428571,-2.5));
#1599 = CIRCLE('',#1600,1.625);
#1600 = AXIS2_PLACEMENT_3D('',#1601,#1602,#1603);
#1601 = CARTESIAN_POINT('',(32.25,23.428571428571,-2.5));
#1602 = DIRECTION('',(0.,0.,1.));
#1603 = DIRECTION('',(1.,0.,0.));
#1604 = ORIENTED_EDGE('',*,*,#1605,.T.);
#1605 = EDGE_CURVE('',#1597,#1117,#1606,.T.);
#1606 = LINE('',#1607,#1608);
#1607 = CARTESIAN_POINT('',(33.875,23.428571428571,126.63724610082));
#1608 = VECTOR('',#1609,1.);
#1609 = DIRECTION('',(-0.,-0.,-1.));
#1610 = ORIENTED_EDGE('',*,*,#1116,.T.);
#1611 = ORIENTED_EDGE('',*,*,#1605,.F.);
#1612 = CYLINDRICAL_SURFACE('',#1613,1.625);
#1613 = AXIS2_PLACEMENT_3D('',#1614,#1615,#1616);
#1614 = CARTESIAN_POINT('',(32.25,23.428571428571,126.63724610082));
#1615 = DIRECTION('',(0.,0.,1.));
#1616 = DIRECTION('',(1.,0.,0.));
#1617 = ADVANCED_FACE('',(#1618),#1637,.F.);
#1618 = FACE_BOUND('',#1619,.F.);
#1619 = EDGE_LOOP('',(#1620,#1629,#1635,#1636));
#1620 = ORIENTED_EDGE('',*,*,#1621,.F.);
#1621 = EDGE_CURVE('',#1622,#1622,#1624,.T.);
#1622 = VERTEX_POINT('',#1623);
#1623 = CARTESIAN_POINT('',(55.375,23.428571428571,-2.5));
#1624 = CIRCLE('',#1625,1.625);
#1625 = AXIS2_PLACEMENT_3D('',#1626,#1627,#1628);
#1626 = CARTESIAN_POINT('',(53.75,23.428571428571,-2.5));
#1627 = DIRECTION('',(0.,0.,1.));
#1628 = DIRECTION('',(1.,0.,0.));
#1629 = ORIENTED_EDGE('',*,*,#1630,.T.);
#1630 = EDGE_CURVE('',#1622,#1128,#1631,.T.);
#1631 = LINE('',#1632,#1633);
#1632 = CARTESIAN_POINT('',(55.375,23.428571428571,126.63724610082));
#1633 = VECTOR('',#1634,1.);
#1634 = DIRECTION('',(-0.,-0.,-1.));
#1635 = ORIENTED_EDGE('',*,*,#1127,.T.);
#1636 = ORIENTED_EDGE('',*,*,#1630,.F.);
#1637 = CYLINDRICAL_SURFACE('',#1638,1.625);
#1638 = AXIS2_PLACEMENT_3D('',#1639,#1640,#1641);
#1639 = CARTESIAN_POINT('',(53.75,23.428571428571,126.63724610082));
#1640 = DIRECTION('',(0.,0.,1.));
#1641 = DIRECTION('',(1.,0.,0.));
#1642 = ADVANCED_FACE('',(#1643),#1662,.F.);
#1643 = FACE_BOUND('',#1644,.F.);
#1644 = EDGE_LOOP('',(#1645,#1654,#1660,#1661));
#1645 = ORIENTED_EDGE('',*,*,#1646,.F.);
#1646 = EDGE_CURVE('',#1647,#1647,#1649,.T.);
#1647 = VERTEX_POINT('',#1648);
#1648 = CARTESIAN_POINT('',(76.875,23.428571428571,-2.5));
#1649 = CIRCLE('',#1650,1.625);
#1650 = AXIS2_PLACEMENT_3D('',#1651,#1652,#1653);
#1651 = CARTESIAN_POINT('',(75.25,23.428571428571,-2.5));
#1652 = DIRECTION('',(0.,0.,1.));
#1653 = DIRECTION('',(1.,0.,0.));
#1654 = ORIENTED_EDGE('',*,*,#1655,.T.);
#1655 = EDGE_CURVE('',#1647,#1139,#1656,.T.);
#1656 = LINE('',#1657,#1658);
#1657 = CARTESIAN_POINT('',(76.875,23.428571428571,126.63724610082));
#1658 = VECTOR('',#1659,1.);
#1659 = DIRECTION('',(-0.,-0.,-1.));
#1660 = ORIENTED_EDGE('',*,*,#1138,.T.);
#1661 = ORIENTED_EDGE('',*,*,#1655,.F.);
#1662 = CYLINDRICAL_SURFACE('',#1663,1.625);
#1663 = AXIS2_PLACEMENT_3D('',#1664,#1665,#1666);
#1664 = CARTESIAN_POINT('',(75.25,23.428571428571,126.63724610082));
#1665 = DIRECTION('',(0.,0.,1.));
#1666 = DIRECTION('',(1.,0.,0.));
#1667 = ADVANCED_FACE('',(#1668),#1687,.F.);
#1668 = FACE_BOUND('',#1669,.F.);
#1669 = EDGE_LOOP('',(#1670,#1679,#1685,#1686));
#1670 = ORIENTED_EDGE('',*,*,#1671,.F.);
#1671 = EDGE_CURVE('',#1672,#1672,#1674,.T.);
#1672 = VERTEX_POINT('',#1673);
#1673 = CARTESIAN_POINT('',(12.375,58.571428571429,-2.5));
#1674 = CIRCLE('',#1675,1.625);
#1675 = AXIS2_PLACEMENT_3D('',#1676,#1677,#1678);
#1676 = CARTESIAN_POINT('',(10.75,58.571428571429,-2.5));
#1677 = DIRECTION('',(0.,0.,1.));
#1678 = DIRECTION('',(1.,0.,0.));
#1679 = ORIENTED_EDGE('',*,*,#1680,.T.);
#1680 = EDGE_CURVE('',#1672,#1150,#1681,.T.);
#1681 = LINE('',#1682,#1683);
#1682 = CARTESIAN_POINT('',(12.375,58.571428571429,126.63724610082));
#1683 = VECTOR('',#1684,1.);
#1684 = DIRECTION('',(-0.,-0.,-1.));
#1685 = ORIENTED_EDGE('',*,*,#1149,.T.);
#1686 = ORIENTED_EDGE('',*,*,#1680,.F.);
#1687 = CYLINDRICAL_SURFACE('',#1688,1.625);
#1688 = AXIS2_PLACEMENT_3D('',#1689,#1690,#1691);
#1689 = CARTESIAN_POINT('',(10.75,58.571428571429,126.63724610082));
#1690 = DIRECTION('',(0.,0.,1.));
#1691 = DIRECTION('',(1.,0.,0.));
#1692 = ADVANCED_FACE('',(#1693),#1712,.F.);
#1693 = FACE_BOUND('',#1694,.F.);
#1694 = EDGE_LOOP('',(#1695,#1704,#1710,#1711));
#1695 = ORIENTED_EDGE('',*,*,#1696,.F.);
#1696 = EDGE_CURVE('',#1697,#1697,#1699,.T.);
#1697 = VERTEX_POINT('',#1698);
#1698 = CARTESIAN_POINT('',(33.875,58.571428571429,-2.5));
#1699 = CIRCLE('',#1700,1.625);
#1700 = AXIS2_PLACEMENT_3D('',#1701,#1702,#1703);
#1701 = CARTESIAN_POINT('',(32.25,58.571428571429,-2.5));
#1702 = DIRECTION('',(0.,0.,1.));
#1703 = DIRECTION('',(1.,0.,0.));
#1704 = ORIENTED_EDGE('',*,*,#1705,.T.);
#1705 = EDGE_CURVE('',#1697,#1161,#1706,.T.);
#1706 = LINE('',#1707,#1708);
#1707 = CARTESIAN_POINT('',(33.875,58.571428571429,126.63724610082));
#1708 = VECTOR('',#1709,1.);
#1709 = DIRECTION('',(-0.,-0.,-1.));
#1710 = ORIENTED_EDGE('',*,*,#1160,.T.);
#1711 = ORIENTED_EDGE('',*,*,#1705,.F.);
#1712 = CYLINDRICAL_SURFACE('',#1713,1.625);
#1713 = AXIS2_PLACEMENT_3D('',#1714,#1715,#1716);
#1714 = CARTESIAN_POINT('',(32.25,58.571428571429,126.63724610082));
#1715 = DIRECTION('',(0.,0.,1.));
#1716 = DIRECTION('',(1.,0.,0.));
#1717 = ADVANCED_FACE('',(#1718),#1737,.F.);
#1718 = FACE_BOUND('',#1719,.F.);
#1719 = EDGE_LOOP('',(#1720,#1729,#1735,#1736));
#1720 = ORIENTED_EDGE('',*,*,#1721,.F.);
#1721 = EDGE_CURVE('',#1722,#1722,#1724,.T.);
#1722 = VERTEX_POINT('',#1723);
#1723 = CARTESIAN_POINT('',(55.375,58.571428571429,-2.5));
#1724 = CIRCLE('',#1725,1.625);
#1725 = AXIS2_PLACEMENT_3D('',#1726,#1727,#1728);
#1726 = CARTESIAN_POINT('',(53.75,58.571428571429,-2.5));
#1727 = DIRECTION('',(0.,0.,1.));
#1728 = DIRECTION('',(1.,0.,0.));
#1729 = ORIENTED_EDGE('',*,*,#1730,.T.);
#1730 = EDGE_CURVE('',#1722,#1172,#1731,.T.);
#1731 = LINE('',#1732,#1733);
#1732 = CARTESIAN_POINT('',(55.375,58.571428571429,126.63724610082));
#1733 = VECTOR('',#1734,1.);
#1734 = DIRECTION('',(-0.,-0.,-1.));
#1735 = ORIENTED_EDGE('',*,*,#1171,.T.);
#1736 = ORIENTED_EDGE('',*,*,#1730,.F.);
#1737 = CYLINDRICAL_SURFACE('',#1738,1.625);
#1738 = AXIS2_PLACEMENT_3D('',#1739,#1740,#1741);
#1739 = CARTESIAN_POINT('',(53.75,58.571428571429,126.63724610082));
#1740 = DIRECTION('',(0.,0.,1.));
#1741 = DIRECTION('',(1.,0.,0.));
#1742 = ADVANCED_FACE('',(#1743),#1762,.F.);
#1743 = FACE_BOUND('',#1744,.F.);
#1744 = EDGE_LOOP('',(#1745,#1754,#1760,#1761));
#1745 = ORIENTED_EDGE('',*,*,#1746,.F.);
#1746 = EDGE_CURVE('',#1747,#1747,#1749,.T.);
#1747 = VERTEX_POINT('',#1748);
#1748 = CARTESIAN_POINT('',(76.875,58.571428571429,-2.5));
#1749 = CIRCLE('',#1750,1.625);
#1750 = AXIS2_PLACEMENT_3D('',#1751,#1752,#1753);
#1751 = CARTESIAN_POINT('',(75.25,58.571428571429,-2.5));
#1752 = DIRECTION('',(0.,0.,1.));
#1753 = DIRECTION('',(1.,0.,0.));
#1754 = ORIENTED_EDGE('',*,*,#1755,.T.);
#1755 = EDGE_CURVE('',#1747,#1183,#1756,.T.);
#1756 = LINE('',#1757,#1758);
#1757 = CARTESIAN_POINT('',(76.875,58.571428571429,126.63724610082));
#1758 = VECTOR('',#1759,1.);
#1759 = DIRECTION('',(-0.,-0.,-1.));
#1760 = ORIENTED_EDGE('',*,*,#1182,.T.);
#1761 = ORIENTED_EDGE('',*,*,#1755,.F.);
#1762 = CYLINDRICAL_SURFACE('',#1763,1.625);
#1763 = AXIS2_PLACEMENT_3D('',#1764,#1765,#1766);
#1764 = CARTESIAN_POINT('',(75.25,58.571428571429,126.63724610082));
#1765 = DIRECTION('',(0.,0.,1.));
#1766 = DIRECTION('',(1.,0.,0.));
#1767 = ADVANCED_FACE('',(#1768),#1825,.T.);
#1768 = FACE_BOUND('',#1769,.T.);
#1769 = EDGE_LOOP('',(#1770,#1780,#1788,#1794,#1795,#1803,#1811,#1819));
#1770 = ORIENTED_EDGE('',*,*,#1771,.T.);
#1771 = EDGE_CURVE('',#1772,#1774,#1776,.T.);
#1772 = VERTEX_POINT('',#1773);
#1773 = CARTESIAN_POINT('',(86.,4.,5.375));
#1774 = VERTEX_POINT('',#1775);
#1775 = CARTESIAN_POINT('',(86.,4.,10.5));
#1776 = LINE('',#1777,#1778);
#1777 = CARTESIAN_POINT('',(86.,4.,0.));
#1778 = VECTOR('',#1779,1.);
#1779 = DIRECTION('',(0.,0.,1.));
#1780 = ORIENTED_EDGE('',*,*,#1781,.T.);
#1781 = EDGE_CURVE('',#1774,#1782,#1784,.T.);
#1782 = VERTEX_POINT('',#1783);
#1783 = CARTESIAN_POINT('',(86.,0.,10.5));
#1784 = LINE('',#1785,#1786);
#1785 = CARTESIAN_POINT('',(86.,4.,10.5));
#1786 = VECTOR('',#1787,1.);
#1787 = DIRECTION('',(0.,-1.,0.));
#1788 = ORIENTED_EDGE('',*,*,#1789,.T.);
#1789 = EDGE_CURVE('',#1782,#1256,#1790,.T.);
#1790 = LINE('',#1791,#1792);
#1791 = CARTESIAN_POINT('',(86.,0.,0.));
#1792 = VECTOR('',#1793,1.);
#1793 = DIRECTION('',(0.,0.,1.));
#1794 = ORIENTED_EDGE('',*,*,#1255,.T.);
#1795 = ORIENTED_EDGE('',*,*,#1796,.F.);
#1796 = EDGE_CURVE('',#1797,#1258,#1799,.T.);
#1797 = VERTEX_POINT('',#1798);
#1798 = CARTESIAN_POINT('',(86.,82.,10.5));
#1799 = LINE('',#1800,#1801);
#1800 = CARTESIAN_POINT('',(86.,82.,0.));
#1801 = VECTOR('',#1802,1.);
#1802 = DIRECTION('',(0.,0.,1.));
#1803 = ORIENTED_EDGE('',*,*,#1804,.F.);
#1804 = EDGE_CURVE('',#1805,#1797,#1807,.T.);
#1805 = VERTEX_POINT('',#1806);
#1806 = CARTESIAN_POINT('',(86.,78.,10.5));
#1807 = LINE('',#1808,#1809);
#1808 = CARTESIAN_POINT('',(86.,78.,10.5));
#1809 = VECTOR('',#1810,1.);
#1810 = DIRECTION('',(0.,1.,0.));
#1811 = ORIENTED_EDGE('',*,*,#1812,.F.);
#1812 = EDGE_CURVE('',#1813,#1805,#1815,.T.);
#1813 = VERTEX_POINT('',#1814);
#1814 = CARTESIAN_POINT('',(86.,78.,5.375));
#1815 = LINE('',#1816,#1817);
#1816 = CARTESIAN_POINT('',(86.,78.,0.));
#1817 = VECTOR('',#1818,1.);
#1818 = DIRECTION('',(0.,0.,1.));
#1819 = ORIENTED_EDGE('',*,*,#1820,.F.);
#1820 = EDGE_CURVE('',#1772,#1813,#1821,.T.);
#1821 = LINE('',#1822,#1823);
#1822 = CARTESIAN_POINT('',(86.,1.193489751472E-15,5.375));
#1823 = VECTOR('',#1824,1.);
#1824 = DIRECTION('',(0.,1.,-2.22044604925E-16));
#1825 = PLANE('',#1826);
#1826 = AXIS2_PLACEMENT_3D('',#1827,#1828,#1829);
#1827 = CARTESIAN_POINT('',(86.,0.,0.));
#1828 = DIRECTION('',(-1.,0.,0.));
#1829 = DIRECTION('',(0.,1.,0.));
#1830 = ADVANCED_FACE('',(#1831),#1888,.T.);
#1831 = FACE_BOUND('',#1832,.T.);
#1832 = EDGE_LOOP('',(#1833,#1843,#1851,#1859,#1867,#1873,#1874,#1882));
#1833 = ORIENTED_EDGE('',*,*,#1834,.F.);
#1834 = EDGE_CURVE('',#1835,#1837,#1839,.T.);
#1835 = VERTEX_POINT('',#1836);
#1836 = CARTESIAN_POINT('',(0.,4.,5.375));
#1837 = VERTEX_POINT('',#1838);
#1838 = CARTESIAN_POINT('',(0.,4.,10.5));
#1839 = LINE('',#1840,#1841);
#1840 = CARTESIAN_POINT('',(0.,4.,0.));
#1841 = VECTOR('',#1842,1.);
#1842 = DIRECTION('',(0.,0.,1.));
#1843 = ORIENTED_EDGE('',*,*,#1844,.T.);
#1844 = EDGE_CURVE('',#1835,#1845,#1847,.T.);
#1845 = VERTEX_POINT('',#1846);
#1846 = CARTESIAN_POINT('',(0.,78.,5.375));
#1847 = LINE('',#1848,#1849);
#1848 = CARTESIAN_POINT('',(0.,1.193489751472E-15,5.375));
#1849 = VECTOR('',#1850,1.);
#1850 = DIRECTION('',(0.,1.,-2.22044604925E-16));
#1851 = ORIENTED_EDGE('',*,*,#1852,.T.);
#1852 = EDGE_CURVE('',#1845,#1853,#1855,.T.);
#1853 = VERTEX_POINT('',#1854);
#1854 = CARTESIAN_POINT('',(0.,78.,10.5));
#1855 = LINE('',#1856,#1857);
#1856 = CARTESIAN_POINT('',(0.,78.,0.));
#1857 = VECTOR('',#1858,1.);
#1858 = DIRECTION('',(0.,0.,1.));
#1859 = ORIENTED_EDGE('',*,*,#1860,.F.);
#1860 = EDGE_CURVE('',#1861,#1853,#1863,.T.);
#1861 = VERTEX_POINT('',#1862);
#1862 = CARTESIAN_POINT('',(0.,82.,10.5));
#1863 = LINE('',#1864,#1865);
#1864 = CARTESIAN_POINT('',(0.,82.,10.5));
#1865 = VECTOR('',#1866,1.);
#1866 = DIRECTION('',(0.,-1.,0.));
#1867 = ORIENTED_EDGE('',*,*,#1868,.T.);
#1868 = EDGE_CURVE('',#1861,#1266,#1869,.T.);
#1869 = LINE('',#1870,#1871);
#1870 = CARTESIAN_POINT('',(0.,82.,0.));
#1871 = VECTOR('',#1872,1.);
#1872 = DIRECTION('',(0.,0.,1.));
#1873 = ORIENTED_EDGE('',*,*,#1273,.T.);
#1874 = ORIENTED_EDGE('',*,*,#1875,.F.);
#1875 = EDGE_CURVE('',#1876,#1274,#1878,.T.);
#1876 = VERTEX_POINT('',#1877);
#1877 = CARTESIAN_POINT('',(0.,0.,10.5));
#1878 = LINE('',#1879,#1880);
#1879 = CARTESIAN_POINT('',(0.,0.,0.));
#1880 = VECTOR('',#1881,1.);
#1881 = DIRECTION('',(0.,0.,1.));
#1882 = ORIENTED_EDGE('',*,*,#1883,.F.);
#1883 = EDGE_CURVE('',#1837,#1876,#1884,.T.);
#1884 = LINE('',#1885,#1886);
#1885 = CARTESIAN_POINT('',(0.,4.,10.5));
#1886 = VECTOR('',#1887,1.);
#1887 = DIRECTION('',(0.,-1.,0.));
#1888 = PLANE('',#1889);
#1889 = AXIS2_PLACEMENT_3D('',#1890,#1891,#1892);
#1890 = CARTESIAN_POINT('',(0.,82.,0.));
#1891 = DIRECTION('',(1.,0.,0.));
#1892 = DIRECTION('',(0.,-1.,0.));
#1893 = ADVANCED_FACE('',(#1894),#1912,.T.);
#1894 = FACE_BOUND('',#1895,.T.);
#1895 = EDGE_LOOP('',(#1896,#1897,#1905,#1911));
#1896 = ORIENTED_EDGE('',*,*,#1332,.F.);
#1897 = ORIENTED_EDGE('',*,*,#1898,.T.);
#1898 = EDGE_CURVE('',#1325,#1899,#1901,.T.);
#1899 = VERTEX_POINT('',#1900);
#1900 = CARTESIAN_POINT('',(14.25,5.329070518201E-15,0.));
#1901 = LINE('',#1902,#1903);
#1902 = CARTESIAN_POINT('',(7.25,5.329070518201E-15,0.));
#1903 = VECTOR('',#1904,1.);
#1904 = DIRECTION('',(1.,0.,0.));
#1905 = ORIENTED_EDGE('',*,*,#1906,.T.);
#1906 = EDGE_CURVE('',#1899,#1390,#1907,.T.);
#1907 = LINE('',#1908,#1909);
#1908 = CARTESIAN_POINT('',(14.25,5.329070518201E-15,0.));
#1909 = VECTOR('',#1910,1.);
#1910 = DIRECTION('',(0.,1.,0.));
#1911 = ORIENTED_EDGE('',*,*,#1389,.T.);
#1912 = PLANE('',#1913);
#1913 = AXIS2_PLACEMENT_3D('',#1914,#1915,#1916);
#1914 = CARTESIAN_POINT('',(10.75,41.,0.));
#1915 = DIRECTION('',(0.,0.,1.));
#1916 = DIRECTION('',(1.,0.,0.));
#1917 = ADVANCED_FACE('',(#1918),#1936,.T.);
#1918 = FACE_BOUND('',#1919,.T.);
#1919 = EDGE_LOOP('',(#1920,#1921,#1929,#1935));
#1920 = ORIENTED_EDGE('',*,*,#1906,.F.);
#1921 = ORIENTED_EDGE('',*,*,#1922,.T.);
#1922 = EDGE_CURVE('',#1899,#1923,#1925,.T.);
#1923 = VERTEX_POINT('',#1924);
#1924 = CARTESIAN_POINT('',(14.25,2.6645352591E-15,10.5));
#1925 = LINE('',#1926,#1927);
#1926 = CARTESIAN_POINT('',(14.25,5.329070518201E-15,0.));
#1927 = VECTOR('',#1928,1.);
#1928 = DIRECTION('',(0.,0.,1.));
#1929 = ORIENTED_EDGE('',*,*,#1930,.F.);
#1930 = EDGE_CURVE('',#1398,#1923,#1931,.T.);
#1931 = LINE('',#1932,#1933);
#1932 = CARTESIAN_POINT('',(14.25,20.5,10.5));
#1933 = VECTOR('',#1934,1.);
#1934 = DIRECTION('',(0.,-1.,0.));
#1935 = ORIENTED_EDGE('',*,*,#1397,.F.);
#1936 = PLANE('',#1937);
#1937 = AXIS2_PLACEMENT_3D('',#1938,#1939,#1940);
#1938 = CARTESIAN_POINT('',(14.25,5.329070518201E-15,0.));
#1939 = DIRECTION('',(-1.,0.,0.));
#1940 = DIRECTION('',(0.,1.,0.));
#1941 = ADVANCED_FACE('',(#1942),#1960,.T.);
#1942 = FACE_BOUND('',#1943,.T.);
#1943 = EDGE_LOOP('',(#1944,#1945,#1946,#1954));
#1944 = ORIENTED_EDGE('',*,*,#1355,.F.);
#1945 = ORIENTED_EDGE('',*,*,#1413,.T.);
#1946 = ORIENTED_EDGE('',*,*,#1947,.F.);
#1947 = EDGE_CURVE('',#1948,#1406,#1950,.T.);
#1948 = VERTEX_POINT('',#1949);
#1949 = CARTESIAN_POINT('',(7.25,2.6645352591E-15,10.5));
#1950 = LINE('',#1951,#1952);
#1951 = CARTESIAN_POINT('',(7.25,21.5,10.5));
#1952 = VECTOR('',#1953,1.);
#1953 = DIRECTION('',(0.,1.,0.));
#1954 = ORIENTED_EDGE('',*,*,#1955,.F.);
#1955 = EDGE_CURVE('',#1358,#1948,#1956,.T.);
#1956 = LINE('',#1957,#1958);
#1957 = CARTESIAN_POINT('',(7.25,5.329070518201E-15,0.));
#1958 = VECTOR('',#1959,1.);
#1959 = DIRECTION('',(0.,0.,1.));
#1960 = PLANE('',#1961);
#1961 = AXIS2_PLACEMENT_3D('',#1962,#1963,#1964);
#1962 = CARTESIAN_POINT('',(7.25,2.,0.));
#1963 = DIRECTION('',(1.,0.,0.));
#1964 = DIRECTION('',(0.,-1.,0.));
#1965 = ADVANCED_FACE('',(#1966),#1991,.F.);
#1966 = FACE_BOUND('',#1967,.T.);
#1967 = EDGE_LOOP('',(#1968,#1976,#1984,#1990));
#1968 = ORIENTED_EDGE('',*,*,#1969,.F.);
#1969 = EDGE_CURVE('',#1970,#1550,#1972,.T.);
#1970 = VERTEX_POINT('',#1971);
#1971 = CARTESIAN_POINT('',(10.25,84.,4.));
#1972 = LINE('',#1973,#1974);
#1973 = CARTESIAN_POINT('',(18.3125,84.,12.0625));
#1974 = VECTOR('',#1975,1.);
#1975 = DIRECTION('',(-0.707106781187,0.,-0.707106781187));
#1976 = ORIENTED_EDGE('',*,*,#1977,.T.);
#1977 = EDGE_CURVE('',#1970,#1978,#1980,.T.);
#1978 = VERTEX_POINT('',#1979);
#1979 = CARTESIAN_POINT('',(10.25,82.,4.));
#1980 = LINE('',#1981,#1982);
#1981 = CARTESIAN_POINT('',(10.25,84.,4.));
#1982 = VECTOR('',#1983,1.);
#1983 = DIRECTION('',(0.,-1.,2.22044604925E-16));
#1984 = ORIENTED_EDGE('',*,*,#1985,.T.);
#1985 = EDGE_CURVE('',#1978,#1532,#1986,.T.);
#1986 = LINE('',#1987,#1988);
#1987 = CARTESIAN_POINT('',(18.056894618834,82.,11.806894618834));
#1988 = VECTOR('',#1989,1.);
#1989 = DIRECTION('',(-0.707106781187,0.,-0.707106781187));
#1990 = ORIENTED_EDGE('',*,*,#1557,.F.);
#1991 = PLANE('',#1992);
#1992 = AXIS2_PLACEMENT_3D('',#1993,#1994,#1995);
#1993 = CARTESIAN_POINT('',(9.75,84.,3.5));
#1994 = DIRECTION('',(-0.707106781187,1.681905437983E-16,0.707106781187)
  );
#1995 = DIRECTION('',(7.906371588698E-18,1.,-2.299509765137E-16));
#1996 = ADVANCED_FACE('',(#1997),#2022,.T.);
#1997 = FACE_BOUND('',#1998,.T.);
#1998 = EDGE_LOOP('',(#1999,#2007,#2015,#2021));
#1999 = ORIENTED_EDGE('',*,*,#2000,.F.);
#2000 = EDGE_CURVE('',#2001,#1970,#2003,.T.);
#2001 = VERTEX_POINT('',#2002);
#2002 = CARTESIAN_POINT('',(11.25,84.,4.));
#2003 = LINE('',#2004,#2005);
#2004 = CARTESIAN_POINT('',(12.25,84.,4.));
#2005 = VECTOR('',#2006,1.);
#2006 = DIRECTION('',(-1.,0.,0.));
#2007 = ORIENTED_EDGE('',*,*,#2008,.T.);
#2008 = EDGE_CURVE('',#2001,#2009,#2011,.T.);
#2009 = VERTEX_POINT('',#2010);
#2010 = CARTESIAN_POINT('',(11.25,82.,4.));
#2011 = LINE('',#2012,#2013);
#2012 = CARTESIAN_POINT('',(11.25,84.,4.));
#2013 = VECTOR('',#2014,1.);
#2014 = DIRECTION('',(0.,-1.,2.22044604925E-16));
#2015 = ORIENTED_EDGE('',*,*,#2016,.T.);
#2016 = EDGE_CURVE('',#2009,#1978,#2017,.T.);
#2017 = LINE('',#2018,#2019);
#2018 = CARTESIAN_POINT('',(12.25,82.,4.));
#2019 = VECTOR('',#2020,1.);
#2020 = DIRECTION('',(-1.,0.,0.));
#2021 = ORIENTED_EDGE('',*,*,#1977,.F.);
#2022 = PLANE('',#2023);
#2023 = AXIS2_PLACEMENT_3D('',#2024,#2025,#2026);
#2024 = CARTESIAN_POINT('',(12.25,84.,4.));
#2025 = DIRECTION('',(-0.,-2.22044604925E-16,-1.));
#2026 = DIRECTION('',(-1.,0.,0.));
#2027 = ADVANCED_FACE('',(#2028),#2044,.F.);
#2028 = FACE_BOUND('',#2029,.F.);
#2029 = EDGE_LOOP('',(#2030,#2036,#2037,#2043));
#2030 = ORIENTED_EDGE('',*,*,#2031,.F.);
#2031 = EDGE_CURVE('',#2001,#1439,#2032,.T.);
#2032 = LINE('',#2033,#2034);
#2033 = CARTESIAN_POINT('',(19.3125,84.,-4.0625));
#2034 = VECTOR('',#2035,1.);
#2035 = DIRECTION('',(0.707106781187,0.,-0.707106781187));
#2036 = ORIENTED_EDGE('',*,*,#2008,.T.);
#2037 = ORIENTED_EDGE('',*,*,#2038,.T.);
#2038 = EDGE_CURVE('',#2009,#1431,#2039,.T.);
#2039 = LINE('',#2040,#2041);
#2040 = CARTESIAN_POINT('',(18.121917040359,82.,-2.871917040359));
#2041 = VECTOR('',#2042,1.);
#2042 = DIRECTION('',(0.707106781187,0.,-0.707106781187));
#2043 = ORIENTED_EDGE('',*,*,#1438,.F.);
#2044 = PLANE('',#2045);
#2045 = AXIS2_PLACEMENT_3D('',#2046,#2047,#2048);
#2046 = CARTESIAN_POINT('',(11.75,84.,3.5));
#2047 = DIRECTION('',(0.707106781187,1.401587864986E-16,0.707106781187)
  );
#2048 = DIRECTION('',(-1.19150740865E-17,-1.,2.101295308385E-16));
#2049 = ADVANCED_FACE('',(#2050),#2068,.T.);
#2050 = FACE_BOUND('',#2051,.T.);
#2051 = EDGE_LOOP('',(#2052,#2060,#2061,#2062));
#2052 = ORIENTED_EDGE('',*,*,#2053,.F.);
#2053 = EDGE_CURVE('',#1429,#2054,#2056,.T.);
#2054 = VERTEX_POINT('',#2055);
#2055 = CARTESIAN_POINT('',(14.25,82.,0.));
#2056 = LINE('',#2057,#2058);
#2057 = CARTESIAN_POINT('',(7.25,82.,0.));
#2058 = VECTOR('',#2059,1.);
#2059 = DIRECTION('',(1.,0.,0.));
#2060 = ORIENTED_EDGE('',*,*,#1461,.F.);
#2061 = ORIENTED_EDGE('',*,*,#1517,.T.);
#2062 = ORIENTED_EDGE('',*,*,#2063,.T.);
#2063 = EDGE_CURVE('',#1510,#2054,#2064,.T.);
#2064 = LINE('',#2065,#2066);
#2065 = CARTESIAN_POINT('',(14.25,80.,0.));
#2066 = VECTOR('',#2067,1.);
#2067 = DIRECTION('',(0.,1.,0.));
#2068 = PLANE('',#2069);
#2069 = AXIS2_PLACEMENT_3D('',#2070,#2071,#2072);
#2070 = CARTESIAN_POINT('',(10.75,41.,0.));
#2071 = DIRECTION('',(0.,0.,1.));
#2072 = DIRECTION('',(1.,0.,0.));
#2073 = ADVANCED_FACE('',(#2074),#2092,.T.);
#2074 = FACE_BOUND('',#2075,.T.);
#2075 = EDGE_LOOP('',(#2076,#2084,#2090,#2091));
#2076 = ORIENTED_EDGE('',*,*,#2077,.F.);
#2077 = EDGE_CURVE('',#2078,#1534,#2080,.T.);
#2078 = VERTEX_POINT('',#2079);
#2079 = CARTESIAN_POINT('',(7.25,82.,0.));
#2080 = LINE('',#2081,#2082);
#2081 = CARTESIAN_POINT('',(7.25,82.,0.));
#2082 = VECTOR('',#2083,1.);
#2083 = DIRECTION('',(1.,0.,0.));
#2084 = ORIENTED_EDGE('',*,*,#2085,.T.);
#2085 = EDGE_CURVE('',#2078,#1486,#2086,.T.);
#2086 = LINE('',#2087,#2088);
#2087 = CARTESIAN_POINT('',(7.25,82.,0.));
#2088 = VECTOR('',#2089,1.);
#2089 = DIRECTION('',(0.,-1.,0.));
#2090 = ORIENTED_EDGE('',*,*,#1485,.T.);
#2091 = ORIENTED_EDGE('',*,*,#1541,.F.);
#2092 = PLANE('',#2093);
#2093 = AXIS2_PLACEMENT_3D('',#2094,#2095,#2096);
#2094 = CARTESIAN_POINT('',(10.75,41.,0.));
#2095 = DIRECTION('',(0.,0.,1.));
#2096 = DIRECTION('',(1.,0.,0.));
#2097 = ADVANCED_FACE('',(#2098),#2116,.T.);
#2098 = FACE_BOUND('',#2099,.T.);
#2099 = EDGE_LOOP('',(#2100,#2101,#2109,#2115));
#2100 = ORIENTED_EDGE('',*,*,#2085,.F.);
#2101 = ORIENTED_EDGE('',*,*,#2102,.T.);
#2102 = EDGE_CURVE('',#2078,#2103,#2105,.T.);
#2103 = VERTEX_POINT('',#2104);
#2104 = CARTESIAN_POINT('',(7.25,82.,10.5));
#2105 = LINE('',#2106,#2107);
#2106 = CARTESIAN_POINT('',(7.25,82.,0.));
#2107 = VECTOR('',#2108,1.);
#2108 = DIRECTION('',(0.,0.,1.));
#2109 = ORIENTED_EDGE('',*,*,#2110,.F.);
#2110 = EDGE_CURVE('',#1494,#2103,#2111,.T.);
#2111 = LINE('',#2112,#2113);
#2112 = CARTESIAN_POINT('',(7.25,61.5,10.5));
#2113 = VECTOR('',#2114,1.);
#2114 = DIRECTION('',(0.,1.,0.));
#2115 = ORIENTED_EDGE('',*,*,#1493,.F.);
#2116 = PLANE('',#2117);
#2117 = AXIS2_PLACEMENT_3D('',#2118,#2119,#2120);
#2118 = CARTESIAN_POINT('',(7.25,82.,0.));
#2119 = DIRECTION('',(1.,0.,0.));
#2120 = DIRECTION('',(0.,-1.,0.));
#2121 = ADVANCED_FACE('',(#2122),#2140,.T.);
#2122 = FACE_BOUND('',#2123,.T.);
#2123 = EDGE_LOOP('',(#2124,#2125,#2126,#2134));
#2124 = ORIENTED_EDGE('',*,*,#2063,.F.);
#2125 = ORIENTED_EDGE('',*,*,#1509,.T.);
#2126 = ORIENTED_EDGE('',*,*,#2127,.F.);
#2127 = EDGE_CURVE('',#2128,#1502,#2130,.T.);
#2128 = VERTEX_POINT('',#2129);
#2129 = CARTESIAN_POINT('',(14.25,82.,10.5));
#2130 = LINE('',#2131,#2132);
#2131 = CARTESIAN_POINT('',(14.25,60.5,10.5));
#2132 = VECTOR('',#2133,1.);
#2133 = DIRECTION('',(0.,-1.,0.));
#2134 = ORIENTED_EDGE('',*,*,#2135,.F.);
#2135 = EDGE_CURVE('',#2054,#2128,#2136,.T.);
#2136 = LINE('',#2137,#2138);
#2137 = CARTESIAN_POINT('',(14.25,82.,0.));
#2138 = VECTOR('',#2139,1.);
#2139 = DIRECTION('',(0.,0.,1.));
#2140 = PLANE('',#2141);
#2141 = AXIS2_PLACEMENT_3D('',#2142,#2143,#2144);
#2142 = CARTESIAN_POINT('',(14.25,80.,0.));
#2143 = DIRECTION('',(-1.,0.,0.));
#2144 = DIRECTION('',(0.,1.,0.));
#2145 = ADVANCED_FACE('',(#2146),#2182,.F.);
#2146 = FACE_BOUND('',#2147,.F.);
#2147 = EDGE_LOOP('',(#2148,#2155,#2156,#2157,#2166,#2175));
#2148 = ORIENTED_EDGE('',*,*,#2149,.F.);
#2149 = EDGE_CURVE('',#1572,#2150,#2152,.T.);
#2150 = VERTEX_POINT('',#2151);
#2151 = CARTESIAN_POINT('',(13.875,23.428571428571,0.));
#2152 = B_SPLINE_CURVE_WITH_KNOTS('',1,(#2153,#2154),.UNSPECIFIED.,.F.,
  .F.,(2,2),(0.,1.),.PIECEWISE_BEZIER_KNOTS.);
#2153 = CARTESIAN_POINT('',(12.375,23.428571428571,-2.5));
#2154 = CARTESIAN_POINT('',(13.875,23.428571428571,0.));
#2155 = ORIENTED_EDGE('',*,*,#1571,.T.);
#2156 = ORIENTED_EDGE('',*,*,#2149,.T.);
#2157 = ORIENTED_EDGE('',*,*,#2158,.F.);
#2158 = EDGE_CURVE('',#2159,#2150,#2161,.T.);
#2159 = VERTEX_POINT('',#2160);
#2160 = CARTESIAN_POINT('',(10.749999685726,20.303571428571,0.));
#2161 = CIRCLE('',#2162,3.125);
#2162 = AXIS2_PLACEMENT_3D('',#2163,#2164,#2165);
#2163 = CARTESIAN_POINT('',(10.75,23.428571428571,0.));
#2164 = DIRECTION('',(0.,0.,1.));
#2165 = DIRECTION('',(1.,0.,0.));
#2166 = ORIENTED_EDGE('',*,*,#2167,.F.);
#2167 = EDGE_CURVE('',#2168,#2159,#2170,.T.);
#2168 = VERTEX_POINT('',#2169);
#2169 = CARTESIAN_POINT('',(10.75,26.553571428571,0.));
#2170 = CIRCLE('',#2171,3.125);
#2171 = AXIS2_PLACEMENT_3D('',#2172,#2173,#2174);
#2172 = CARTESIAN_POINT('',(10.75,23.428571428571,0.));
#2173 = DIRECTION('',(0.,0.,1.));
#2174 = DIRECTION('',(1.,0.,0.));
#2175 = ORIENTED_EDGE('',*,*,#2176,.F.);
#2176 = EDGE_CURVE('',#2150,#2168,#2177,.T.);
#2177 = CIRCLE('',#2178,3.125);
#2178 = AXIS2_PLACEMENT_3D('',#2179,#2180,#2181);
#2179 = CARTESIAN_POINT('',(10.75,23.428571428571,0.));
#2180 = DIRECTION('',(0.,0.,1.));
#2181 = DIRECTION('',(1.,0.,0.));
#2182 = CONICAL_SURFACE('',#2183,1.625,0.540419500271);
#2183 = AXIS2_PLACEMENT_3D('',#2184,#2185,#2186);
#2184 = CARTESIAN_POINT('',(10.75,23.428571428571,-2.5));
#2185 = DIRECTION('',(0.,0.,1.));
#2186 = DIRECTION('',(1.,0.,0.));
#2187 = ADVANCED_FACE('',(#2188),#2224,.F.);
#2188 = FACE_BOUND('',#2189,.F.);
#2189 = EDGE_LOOP('',(#2190,#2197,#2198,#2199,#2208,#2217));
#2190 = ORIENTED_EDGE('',*,*,#2191,.F.);
#2191 = EDGE_CURVE('',#1597,#2192,#2194,.T.);
#2192 = VERTEX_POINT('',#2193);
#2193 = CARTESIAN_POINT('',(35.375,23.428571428571,0.));
#2194 = B_SPLINE_CURVE_WITH_KNOTS('',1,(#2195,#2196),.UNSPECIFIED.,.F.,
  .F.,(2,2),(0.,1.),.PIECEWISE_BEZIER_KNOTS.);
#2195 = CARTESIAN_POINT('',(33.875,23.428571428571,-2.5));
#2196 = CARTESIAN_POINT('',(35.375,23.428571428571,0.));
#2197 = ORIENTED_EDGE('',*,*,#1596,.T.);
#2198 = ORIENTED_EDGE('',*,*,#2191,.T.);
#2199 = ORIENTED_EDGE('',*,*,#2200,.F.);
#2200 = EDGE_CURVE('',#2201,#2192,#2203,.T.);
#2201 = VERTEX_POINT('',#2202);
#2202 = CARTESIAN_POINT('',(32.25,20.303571428571,-2.254149248212E-15));
#2203 = CIRCLE('',#2204,3.125);
#2204 = AXIS2_PLACEMENT_3D('',#2205,#2206,#2207);
#2205 = CARTESIAN_POINT('',(32.25,23.428571428571,0.));
#2206 = DIRECTION('',(0.,0.,1.));
#2207 = DIRECTION('',(1.,0.,0.));
#2208 = ORIENTED_EDGE('',*,*,#2209,.F.);
#2209 = EDGE_CURVE('',#2210,#2201,#2212,.T.);
#2210 = VERTEX_POINT('',#2211);
#2211 = CARTESIAN_POINT('',(32.25,26.553571428571,-2.948038638603E-15));
#2212 = CIRCLE('',#2213,3.125);
#2213 = AXIS2_PLACEMENT_3D('',#2214,#2215,#2216);
#2214 = CARTESIAN_POINT('',(32.25,23.428571428571,0.));
#2215 = DIRECTION('',(0.,0.,1.));
#2216 = DIRECTION('',(1.,0.,0.));
#2217 = ORIENTED_EDGE('',*,*,#2218,.F.);
#2218 = EDGE_CURVE('',#2192,#2210,#2219,.T.);
#2219 = CIRCLE('',#2220,3.125);
#2220 = AXIS2_PLACEMENT_3D('',#2221,#2222,#2223);
#2221 = CARTESIAN_POINT('',(32.25,23.428571428571,0.));
#2222 = DIRECTION('',(0.,0.,1.));
#2223 = DIRECTION('',(1.,0.,0.));
#2224 = CONICAL_SURFACE('',#2225,1.625,0.540419500271);
#2225 = AXIS2_PLACEMENT_3D('',#2226,#2227,#2228);
#2226 = CARTESIAN_POINT('',(32.25,23.428571428571,-2.5));
#2227 = DIRECTION('',(0.,0.,1.));
#2228 = DIRECTION('',(1.,0.,0.));
#2229 = ADVANCED_FACE('',(#2230),#2266,.F.);
#2230 = FACE_BOUND('',#2231,.F.);
#2231 = EDGE_LOOP('',(#2232,#2239,#2240,#2241,#2250,#2259));
#2232 = ORIENTED_EDGE('',*,*,#2233,.F.);
#2233 = EDGE_CURVE('',#1622,#2234,#2236,.T.);
#2234 = VERTEX_POINT('',#2235);
#2235 = CARTESIAN_POINT('',(56.875,23.428571428571,0.));
#2236 = B_SPLINE_CURVE_WITH_KNOTS('',1,(#2237,#2238),.UNSPECIFIED.,.F.,
  .F.,(2,2),(0.,1.),.PIECEWISE_BEZIER_KNOTS.);
#2237 = CARTESIAN_POINT('',(55.375,23.428571428571,-2.5));
#2238 = CARTESIAN_POINT('',(56.875,23.428571428571,0.));
#2239 = ORIENTED_EDGE('',*,*,#1621,.T.);
#2240 = ORIENTED_EDGE('',*,*,#2233,.T.);
#2241 = ORIENTED_EDGE('',*,*,#2242,.F.);
#2242 = EDGE_CURVE('',#2243,#2234,#2245,.T.);
#2243 = VERTEX_POINT('',#2244);
#2244 = CARTESIAN_POINT('',(53.75,20.303571428571,-2.254149248212E-15));
#2245 = CIRCLE('',#2246,3.125);
#2246 = AXIS2_PLACEMENT_3D('',#2247,#2248,#2249);
#2247 = CARTESIAN_POINT('',(53.75,23.428571428571,0.));
#2248 = DIRECTION('',(0.,0.,1.));
#2249 = DIRECTION('',(1.,0.,0.));
#2250 = ORIENTED_EDGE('',*,*,#2251,.F.);
#2251 = EDGE_CURVE('',#2252,#2243,#2254,.T.);
#2252 = VERTEX_POINT('',#2253);
#2253 = CARTESIAN_POINT('',(53.75,26.553571428571,-2.948038638603E-15));
#2254 = CIRCLE('',#2255,3.125);
#2255 = AXIS2_PLACEMENT_3D('',#2256,#2257,#2258);
#2256 = CARTESIAN_POINT('',(53.75,23.428571428571,0.));
#2257 = DIRECTION('',(0.,0.,1.));
#2258 = DIRECTION('',(1.,0.,0.));
#2259 = ORIENTED_EDGE('',*,*,#2260,.F.);
#2260 = EDGE_CURVE('',#2234,#2252,#2261,.T.);
#2261 = CIRCLE('',#2262,3.125);
#2262 = AXIS2_PLACEMENT_3D('',#2263,#2264,#2265);
#2263 = CARTESIAN_POINT('',(53.75,23.428571428571,0.));
#2264 = DIRECTION('',(0.,0.,1.));
#2265 = DIRECTION('',(1.,0.,0.));
#2266 = CONICAL_SURFACE('',#2267,1.625,0.540419500271);
#2267 = AXIS2_PLACEMENT_3D('',#2268,#2269,#2270);
#2268 = CARTESIAN_POINT('',(53.75,23.428571428571,-2.5));
#2269 = DIRECTION('',(0.,0.,1.));
#2270 = DIRECTION('',(1.,0.,0.));
#2271 = ADVANCED_FACE('',(#2272),#2308,.F.);
#2272 = FACE_BOUND('',#2273,.F.);
#2273 = EDGE_LOOP('',(#2274,#2281,#2282,#2283,#2292,#2301));
#2274 = ORIENTED_EDGE('',*,*,#2275,.F.);
#2275 = EDGE_CURVE('',#1647,#2276,#2278,.T.);
#2276 = VERTEX_POINT('',#2277);
#2277 = CARTESIAN_POINT('',(78.375,23.428571428571,0.));
#2278 = B_SPLINE_CURVE_WITH_KNOTS('',1,(#2279,#2280),.UNSPECIFIED.,.F.,
  .F.,(2,2),(0.,1.),.PIECEWISE_BEZIER_KNOTS.);
#2279 = CARTESIAN_POINT('',(76.875,23.428571428571,-2.5));
#2280 = CARTESIAN_POINT('',(78.375,23.428571428571,0.));
#2281 = ORIENTED_EDGE('',*,*,#1646,.T.);
#2282 = ORIENTED_EDGE('',*,*,#2275,.T.);
#2283 = ORIENTED_EDGE('',*,*,#2284,.F.);
#2284 = EDGE_CURVE('',#2285,#2276,#2287,.T.);
#2285 = VERTEX_POINT('',#2286);
#2286 = CARTESIAN_POINT('',(75.25,20.303571428571,-2.254149248212E-15));
#2287 = CIRCLE('',#2288,3.125);
#2288 = AXIS2_PLACEMENT_3D('',#2289,#2290,#2291);
#2289 = CARTESIAN_POINT('',(75.25,23.428571428571,0.));
#2290 = DIRECTION('',(0.,0.,1.));
#2291 = DIRECTION('',(1.,0.,0.));
#2292 = ORIENTED_EDGE('',*,*,#2293,.F.);
#2293 = EDGE_CURVE('',#2294,#2285,#2296,.T.);
#2294 = VERTEX_POINT('',#2295);
#2295 = CARTESIAN_POINT('',(75.25,26.553571428571,-2.948038638603E-15));
#2296 = CIRCLE('',#2297,3.125);
#2297 = AXIS2_PLACEMENT_3D('',#2298,#2299,#2300);
#2298 = CARTESIAN_POINT('',(75.25,23.428571428571,0.));
#2299 = DIRECTION('',(0.,0.,1.));
#2300 = DIRECTION('',(1.,0.,0.));
#2301 = ORIENTED_EDGE('',*,*,#2302,.F.);
#2302 = EDGE_CURVE('',#2276,#2294,#2303,.T.);
#2303 = CIRCLE('',#2304,3.125);
#2304 = AXIS2_PLACEMENT_3D('',#2305,#2306,#2307);
#2305 = CARTESIAN_POINT('',(75.25,23.428571428571,0.));
#2306 = DIRECTION('',(0.,0.,1.));
#2307 = DIRECTION('',(1.,0.,0.));
#2308 = CONICAL_SURFACE('',#2309,1.625,0.540419500271);
#2309 = AXIS2_PLACEMENT_3D('',#2310,#2311,#2312);
#2310 = CARTESIAN_POINT('',(75.25,23.428571428571,-2.5));
#2311 = DIRECTION('',(0.,0.,1.));
#2312 = DIRECTION('',(1.,0.,0.));
#2313 = ADVANCED_FACE('',(#2314),#2350,.F.);
#2314 = FACE_BOUND('',#2315,.F.);
#2315 = EDGE_LOOP('',(#2316,#2323,#2324,#2325,#2334,#2343));
#2316 = ORIENTED_EDGE('',*,*,#2317,.F.);
#2317 = EDGE_CURVE('',#1672,#2318,#2320,.T.);
#2318 = VERTEX_POINT('',#2319);
#2319 = CARTESIAN_POINT('',(13.875,58.571428571429,0.));
#2320 = B_SPLINE_CURVE_WITH_KNOTS('',1,(#2321,#2322),.UNSPECIFIED.,.F.,
  .F.,(2,2),(0.,1.),.PIECEWISE_BEZIER_KNOTS.);
#2321 = CARTESIAN_POINT('',(12.375,58.571428571429,-2.5));
#2322 = CARTESIAN_POINT('',(13.875,58.571428571429,0.));
#2323 = ORIENTED_EDGE('',*,*,#1671,.T.);
#2324 = ORIENTED_EDGE('',*,*,#2317,.T.);
#2325 = ORIENTED_EDGE('',*,*,#2326,.F.);
#2326 = EDGE_CURVE('',#2327,#2318,#2329,.T.);
#2327 = VERTEX_POINT('',#2328);
#2328 = CARTESIAN_POINT('',(10.74999948106,55.446428571429,0.));
#2329 = CIRCLE('',#2330,3.125);
#2330 = AXIS2_PLACEMENT_3D('',#2331,#2332,#2333);
#2331 = CARTESIAN_POINT('',(10.75,58.571428571429,0.));
#2332 = DIRECTION('',(0.,0.,1.));
#2333 = DIRECTION('',(1.,0.,0.));
#2334 = ORIENTED_EDGE('',*,*,#2335,.F.);
#2335 = EDGE_CURVE('',#2336,#2327,#2338,.T.);
#2336 = VERTEX_POINT('',#2337);
#2337 = CARTESIAN_POINT('',(10.750000546933,61.696428571429,0.));
#2338 = CIRCLE('',#2339,3.125);
#2339 = AXIS2_PLACEMENT_3D('',#2340,#2341,#2342);
#2340 = CARTESIAN_POINT('',(10.75,58.571428571429,0.));
#2341 = DIRECTION('',(0.,0.,1.));
#2342 = DIRECTION('',(1.,0.,0.));
#2343 = ORIENTED_EDGE('',*,*,#2344,.F.);
#2344 = EDGE_CURVE('',#2318,#2336,#2345,.T.);
#2345 = CIRCLE('',#2346,3.125);
#2346 = AXIS2_PLACEMENT_3D('',#2347,#2348,#2349);
#2347 = CARTESIAN_POINT('',(10.75,58.571428571429,0.));
#2348 = DIRECTION('',(0.,0.,1.));
#2349 = DIRECTION('',(1.,0.,0.));
#2350 = CONICAL_SURFACE('',#2351,1.625,0.540419500271);
#2351 = AXIS2_PLACEMENT_3D('',#2352,#2353,#2354);
#2352 = CARTESIAN_POINT('',(10.75,58.571428571429,-2.5));
#2353 = DIRECTION('',(0.,0.,1.));
#2354 = DIRECTION('',(1.,0.,0.));
#2355 = ADVANCED_FACE('',(#2356),#2392,.F.);
#2356 = FACE_BOUND('',#2357,.F.);
#2357 = EDGE_LOOP('',(#2358,#2365,#2366,#2367,#2376,#2385));
#2358 = ORIENTED_EDGE('',*,*,#2359,.F.);
#2359 = EDGE_CURVE('',#1697,#2360,#2362,.T.);
#2360 = VERTEX_POINT('',#2361);
#2361 = CARTESIAN_POINT('',(35.375,58.571428571429,0.));
#2362 = B_SPLINE_CURVE_WITH_KNOTS('',1,(#2363,#2364),.UNSPECIFIED.,.F.,
  .F.,(2,2),(0.,1.),.PIECEWISE_BEZIER_KNOTS.);
#2363 = CARTESIAN_POINT('',(33.875,58.571428571429,-2.5));
#2364 = CARTESIAN_POINT('',(35.375,58.571428571429,0.));
#2365 = ORIENTED_EDGE('',*,*,#1696,.T.);
#2366 = ORIENTED_EDGE('',*,*,#2359,.T.);
#2367 = ORIENTED_EDGE('',*,*,#2368,.F.);
#2368 = EDGE_CURVE('',#2369,#2360,#2371,.T.);
#2369 = VERTEX_POINT('',#2370);
#2370 = CARTESIAN_POINT('',(32.25,55.446428571429,-6.155790163323E-15));
#2371 = CIRCLE('',#2372,3.125);
#2372 = AXIS2_PLACEMENT_3D('',#2373,#2374,#2375);
#2373 = CARTESIAN_POINT('',(32.25,58.571428571429,0.));
#2374 = DIRECTION('',(0.,0.,1.));
#2375 = DIRECTION('',(1.,0.,0.));
#2376 = ORIENTED_EDGE('',*,*,#2377,.F.);
#2377 = EDGE_CURVE('',#2378,#2369,#2380,.T.);
#2378 = VERTEX_POINT('',#2379);
#2379 = CARTESIAN_POINT('',(32.25,61.696428571429,-6.849679553714E-15));
#2380 = CIRCLE('',#2381,3.125);
#2381 = AXIS2_PLACEMENT_3D('',#2382,#2383,#2384);
#2382 = CARTESIAN_POINT('',(32.25,58.571428571429,0.));
#2383 = DIRECTION('',(0.,0.,1.));
#2384 = DIRECTION('',(1.,0.,0.));
#2385 = ORIENTED_EDGE('',*,*,#2386,.F.);
#2386 = EDGE_CURVE('',#2360,#2378,#2387,.T.);
#2387 = CIRCLE('',#2388,3.125);
#2388 = AXIS2_PLACEMENT_3D('',#2389,#2390,#2391);
#2389 = CARTESIAN_POINT('',(32.25,58.571428571429,0.));
#2390 = DIRECTION('',(0.,0.,1.));
#2391 = DIRECTION('',(1.,0.,0.));
#2392 = CONICAL_SURFACE('',#2393,1.625,0.540419500271);
#2393 = AXIS2_PLACEMENT_3D('',#2394,#2395,#2396);
#2394 = CARTESIAN_POINT('',(32.25,58.571428571429,-2.5));
#2395 = DIRECTION('',(0.,0.,1.));
#2396 = DIRECTION('',(1.,0.,0.));
#2397 = ADVANCED_FACE('',(#2398),#2434,.F.);
#2398 = FACE_BOUND('',#2399,.F.);
#2399 = EDGE_LOOP('',(#2400,#2407,#2408,#2409,#2418,#2427));
#2400 = ORIENTED_EDGE('',*,*,#2401,.F.);
#2401 = EDGE_CURVE('',#1722,#2402,#2404,.T.);
#2402 = VERTEX_POINT('',#2403);
#2403 = CARTESIAN_POINT('',(56.875,58.571428571429,0.));
#2404 = B_SPLINE_CURVE_WITH_KNOTS('',1,(#2405,#2406),.UNSPECIFIED.,.F.,
  .F.,(2,2),(0.,1.),.PIECEWISE_BEZIER_KNOTS.);
#2405 = CARTESIAN_POINT('',(55.375,58.571428571429,-2.5));
#2406 = CARTESIAN_POINT('',(56.875,58.571428571429,0.));
#2407 = ORIENTED_EDGE('',*,*,#1721,.T.);
#2408 = ORIENTED_EDGE('',*,*,#2401,.T.);
#2409 = ORIENTED_EDGE('',*,*,#2410,.F.);
#2410 = EDGE_CURVE('',#2411,#2402,#2413,.T.);
#2411 = VERTEX_POINT('',#2412);
#2412 = CARTESIAN_POINT('',(53.75,55.446428571429,-6.155790163323E-15));
#2413 = CIRCLE('',#2414,3.125);
#2414 = AXIS2_PLACEMENT_3D('',#2415,#2416,#2417);
#2415 = CARTESIAN_POINT('',(53.75,58.571428571429,0.));
#2416 = DIRECTION('',(0.,0.,1.));
#2417 = DIRECTION('',(1.,0.,0.));
#2418 = ORIENTED_EDGE('',*,*,#2419,.F.);
#2419 = EDGE_CURVE('',#2420,#2411,#2422,.T.);
#2420 = VERTEX_POINT('',#2421);
#2421 = CARTESIAN_POINT('',(53.75,61.696428571429,-6.849679553714E-15));
#2422 = CIRCLE('',#2423,3.125);
#2423 = AXIS2_PLACEMENT_3D('',#2424,#2425,#2426);
#2424 = CARTESIAN_POINT('',(53.75,58.571428571429,0.));
#2425 = DIRECTION('',(0.,0.,1.));
#2426 = DIRECTION('',(1.,0.,0.));
#2427 = ORIENTED_EDGE('',*,*,#2428,.F.);
#2428 = EDGE_CURVE('',#2402,#2420,#2429,.T.);
#2429 = CIRCLE('',#2430,3.125);
#2430 = AXIS2_PLACEMENT_3D('',#2431,#2432,#2433);
#2431 = CARTESIAN_POINT('',(53.75,58.571428571429,0.));
#2432 = DIRECTION('',(0.,0.,1.));
#2433 = DIRECTION('',(1.,0.,0.));
#2434 = CONICAL_SURFACE('',#2435,1.625,0.540419500271);
#2435 = AXIS2_PLACEMENT_3D('',#2436,#2437,#2438);
#2436 = CARTESIAN_POINT('',(53.75,58.571428571429,-2.5));
#2437 = DIRECTION('',(0.,0.,1.));
#2438 = DIRECTION('',(1.,0.,0.));
#2439 = ADVANCED_FACE('',(#2440),#2476,.F.);
#2440 = FACE_BOUND('',#2441,.F.);
#2441 = EDGE_LOOP('',(#2442,#2449,#2450,#2451,#2460,#2469));
#2442 = ORIENTED_EDGE('',*,*,#2443,.F.);
#2443 = EDGE_CURVE('',#1747,#2444,#2446,.T.);
#2444 = VERTEX_POINT('',#2445);
#2445 = CARTESIAN_POINT('',(78.375,58.571428571429,0.));
#2446 = B_SPLINE_CURVE_WITH_KNOTS('',1,(#2447,#2448),.UNSPECIFIED.,.F.,
  .F.,(2,2),(0.,1.),.PIECEWISE_BEZIER_KNOTS.);
#2447 = CARTESIAN_POINT('',(76.875,58.571428571429,-2.5));
#2448 = CARTESIAN_POINT('',(78.375,58.571428571429,0.));
#2449 = ORIENTED_EDGE('',*,*,#1746,.T.);
#2450 = ORIENTED_EDGE('',*,*,#2443,.T.);
#2451 = ORIENTED_EDGE('',*,*,#2452,.F.);
#2452 = EDGE_CURVE('',#2453,#2444,#2455,.T.);
#2453 = VERTEX_POINT('',#2454);
#2454 = CARTESIAN_POINT('',(75.25,55.446428571429,-6.155790163323E-15));
#2455 = CIRCLE('',#2456,3.125);
#2456 = AXIS2_PLACEMENT_3D('',#2457,#2458,#2459);
#2457 = CARTESIAN_POINT('',(75.25,58.571428571429,0.));
#2458 = DIRECTION('',(0.,0.,1.));
#2459 = DIRECTION('',(1.,0.,0.));
#2460 = ORIENTED_EDGE('',*,*,#2461,.F.);
#2461 = EDGE_CURVE('',#2462,#2453,#2464,.T.);
#2462 = VERTEX_POINT('',#2463);
#2463 = CARTESIAN_POINT('',(75.25,61.696428571429,-6.849679553714E-15));
#2464 = CIRCLE('',#2465,3.125);
#2465 = AXIS2_PLACEMENT_3D('',#2466,#2467,#2468);
#2466 = CARTESIAN_POINT('',(75.25,58.571428571429,0.));
#2467 = DIRECTION('',(0.,0.,1.));
#2468 = DIRECTION('',(1.,0.,0.));
#2469 = ORIENTED_EDGE('',*,*,#2470,.F.);
#2470 = EDGE_CURVE('',#2444,#2462,#2471,.T.);
#2471 = CIRCLE('',#2472,3.125);
#2472 = AXIS2_PLACEMENT_3D('',#2473,#2474,#2475);
#2473 = CARTESIAN_POINT('',(75.25,58.571428571429,0.));
#2474 = DIRECTION('',(0.,0.,1.));
#2475 = DIRECTION('',(1.,0.,0.));
#2476 = CONICAL_SURFACE('',#2477,1.625,0.540419500271);
#2477 = AXIS2_PLACEMENT_3D('',#2478,#2479,#2480);
#2478 = CARTESIAN_POINT('',(75.25,58.571428571429,-2.5));
#2479 = DIRECTION('',(0.,0.,1.));
#2480 = DIRECTION('',(1.,0.,0.));
#2481 = ADVANCED_FACE('',(#2482),#2507,.F.);
#2482 = FACE_BOUND('',#2483,.F.);
#2483 = EDGE_LOOP('',(#2484,#2492,#2500,#2506));
#2484 = ORIENTED_EDGE('',*,*,#2485,.T.);
#2485 = EDGE_CURVE('',#1772,#2486,#2488,.T.);
#2486 = VERTEX_POINT('',#2487);
#2487 = CARTESIAN_POINT('',(84.559773090683,4.,5.375));
#2488 = LINE('',#2489,#2490);
#2489 = CARTESIAN_POINT('',(74.529886545341,4.,5.375));
#2490 = VECTOR('',#2491,1.);
#2491 = DIRECTION('',(-1.,0.,0.));
#2492 = ORIENTED_EDGE('',*,*,#2493,.T.);
#2493 = EDGE_CURVE('',#2486,#2494,#2496,.T.);
#2494 = VERTEX_POINT('',#2495);
#2495 = CARTESIAN_POINT('',(84.559773090683,78.,5.375));
#2496 = LINE('',#2497,#2498);
#2497 = CARTESIAN_POINT('',(84.559773090683,1.193489751472E-15,5.375));
#2498 = VECTOR('',#2499,1.);
#2499 = DIRECTION('',(0.,1.,-2.22044604925E-16));
#2500 = ORIENTED_EDGE('',*,*,#2501,.F.);
#2501 = EDGE_CURVE('',#1813,#2494,#2502,.T.);
#2502 = LINE('',#2503,#2504);
#2503 = CARTESIAN_POINT('',(74.529886545341,78.,5.375));
#2504 = VECTOR('',#2505,1.);
#2505 = DIRECTION('',(-1.,0.,0.));
#2506 = ORIENTED_EDGE('',*,*,#1820,.F.);
#2507 = PLANE('',#2508);
#2508 = AXIS2_PLACEMENT_3D('',#2509,#2510,#2511);
#2509 = CARTESIAN_POINT('',(84.559773090683,1.193489751472E-15,5.375));
#2510 = DIRECTION('',(0.,-2.22044604925E-16,-1.));
#2511 = DIRECTION('',(1.,0.,0.));
#2512 = ADVANCED_FACE('',(#2513),#2538,.F.);
#2513 = FACE_BOUND('',#2514,.F.);
#2514 = EDGE_LOOP('',(#2515,#2523,#2524,#2532));
#2515 = ORIENTED_EDGE('',*,*,#2516,.F.);
#2516 = EDGE_CURVE('',#1835,#2517,#2519,.T.);
#2517 = VERTEX_POINT('',#2518);
#2518 = CARTESIAN_POINT('',(1.440226909317,4.,5.375));
#2519 = LINE('',#2520,#2521);
#2520 = CARTESIAN_POINT('',(0.,4.,5.375));
#2521 = VECTOR('',#2522,1.);
#2522 = DIRECTION('',(1.,0.,0.));
#2523 = ORIENTED_EDGE('',*,*,#1844,.T.);
#2524 = ORIENTED_EDGE('',*,*,#2525,.T.);
#2525 = EDGE_CURVE('',#1845,#2526,#2528,.T.);
#2526 = VERTEX_POINT('',#2527);
#2527 = CARTESIAN_POINT('',(1.440226909317,78.,5.375));
#2528 = LINE('',#2529,#2530);
#2529 = CARTESIAN_POINT('',(0.,78.,5.375));
#2530 = VECTOR('',#2531,1.);
#2531 = DIRECTION('',(1.,0.,0.));
#2532 = ORIENTED_EDGE('',*,*,#2533,.F.);
#2533 = EDGE_CURVE('',#2517,#2526,#2534,.T.);
#2534 = LINE('',#2535,#2536);
#2535 = CARTESIAN_POINT('',(1.440226909317,1.193489751472E-15,5.375));
#2536 = VECTOR('',#2537,1.);
#2537 = DIRECTION('',(0.,1.,-2.22044604925E-16));
#2538 = PLANE('',#2539);
#2539 = AXIS2_PLACEMENT_3D('',#2540,#2541,#2542);
#2540 = CARTESIAN_POINT('',(0.,1.193489751472E-15,5.375));
#2541 = DIRECTION('',(0.,-2.22044604925E-16,-1.));
#2542 = DIRECTION('',(1.,0.,0.));
#2543 = ADVANCED_FACE('',(#2544),#2686,.F.);
#2544 = FACE_BOUND('',#2545,.T.);
#2545 = EDGE_LOOP('',(#2546,#2616,#2617,#2618));
#2546 = ORIENTED_EDGE('',*,*,#2547,.T.);
#2547 = EDGE_CURVE('',#2548,#2168,#2550,.T.);
#2548 = VERTEX_POINT('',#2549);
#2549 = CARTESIAN_POINT('',(13.875,23.428571428571,0.464239211415));
#2550 = B_SPLINE_CURVE_WITH_KNOTS('',8,(#2551,#2552,#2553,#2554,#2555,
    #2556,#2557,#2558,#2559,#2560,#2561,#2562,#2563,#2564,#2565,#2566,
    #2567,#2568,#2569,#2570,#2571,#2572,#2573,#2574,#2575,#2576,#2577,
    #2578,#2579,#2580,#2581,#2582,#2583,#2584,#2585,#2586,#2587,#2588,
    #2589,#2590,#2591,#2592,#2593,#2594,#2595,#2596,#2597,#2598,#2599,
    #2600,#2601,#2602,#2603,#2604,#2605,#2606,#2607,#2608,#2609,#2610,
    #2611,#2612,#2613,#2614,#2615),.UNSPECIFIED.,.T.,.F.,(9,7,7,7,7,7,7,
    7,7,9),(0.,0.11163853824,0.213141586964,0.297895878843,
    0.399424082592,0.501342214492,0.606717947106,0.696827037873,
    0.797003918659,1.),.UNSPECIFIED.);
#2551 = CARTESIAN_POINT('',(13.875,23.428571428571,0.464239211415));
#2552 = CARTESIAN_POINT('',(13.875,23.678953479181,0.464239211415));
#2553 = CARTESIAN_POINT('',(13.852073249867,23.929085248431,
    0.457273639402));
#2554 = CARTESIAN_POINT('',(13.806298102997,24.177656262606,
    0.443366367615));
#2555 = CARTESIAN_POINT('',(13.737489620806,24.423300188934,
    0.422773616634));
#2556 = CARTESIAN_POINT('',(13.645238627011,24.664502020055,
    0.395991243135));
#2557 = CARTESIAN_POINT('',(13.528946977915,24.899482719323,
    0.363788883793));
#2558 = CARTESIAN_POINT('',(13.387869641473,25.126049839082,
    0.327261327689));
#2559 = CARTESIAN_POINT('',(13.069612736652,25.537203864072,
    0.252088340937));
#2560 = CARTESIAN_POINT('',(12.895525076622,25.725476899859,
    0.21361791854));
#2561 = CARTESIAN_POINT('',(12.698367650041,25.902863902193,
    0.173688581137));
#2562 = CARTESIAN_POINT('',(12.478011046328,26.065754875095,
    0.133913932723));
#2563 = CARTESIAN_POINT('',(12.234761180604,26.210272940132,
    9.62527071312E-02));
#2564 = CARTESIAN_POINT('',(11.969420508099,26.33223319061,
    6.292606027753E-02));
#2565 = CARTESIAN_POINT('',(11.683420657375,26.427054353243,
    3.626204913461E-02));
#2566 = CARTESIAN_POINT('',(11.124917212552,26.541829728831,
    3.523996994952E-03));
#2567 = CARTESIAN_POINT('',(10.86210020662,26.570707712435,
    -4.979537738433E-03));
#2568 = CARTESIAN_POINT('',(10.595343872007,26.573973387941,
    -6.027127200989E-03));
#2569 = CARTESIAN_POINT('',(10.329687607453,26.550936445881,
    8.007337362059E-04));
#2570 = CARTESIAN_POINT('',(10.070186591949,26.502398784912,
    1.509384668935E-02));
#2571 = CARTESIAN_POINT('',(9.821635070513,26.430639186979,
    3.566187162778E-02));
#2572 = CARTESIAN_POINT('',(9.588312843894,26.339449749326,
    6.076339057393E-02));
#2573 = CARTESIAN_POINT('',(9.116762712646,26.108143367129,
    0.121632843215));
#2574 = CARTESIAN_POINT('',(8.882775037017,25.95998772446,0.159035331958
    ));
#2575 = CARTESIAN_POINT('',(8.67188941065,25.794246141571,0.19848659599)
  );
#2576 = CARTESIAN_POINT('',(8.483703311487,25.614506829845,
    0.238105226665));
#2577 = CARTESIAN_POINT('',(8.317567246106,25.423639131155,0.27637455839
    ));
#2578 = CARTESIAN_POINT('',(8.172747633809,25.223931123348,
    0.312114028757));
#2579 = CARTESIAN_POINT('',(8.048540149743,25.01718717312,0.344412014189
    ));
#2580 = CARTESIAN_POINT('',(7.839781367878,24.591603451421,
    0.400852025501));
#2581 = CARTESIAN_POINT('',(7.753673540368,24.369232157119,
    0.425424420622));
#2582 = CARTESIAN_POINT('',(7.68703234939,24.139649884591,0.445242214077
    ));
#2583 = CARTESIAN_POINT('',(7.640546198215,23.904885251501,
    0.459441401264));
#2584 = CARTESIAN_POINT('',(7.614639831012,23.667000819561,
    0.467437729982));
#2585 = CARTESIAN_POINT('',(7.60949737528,23.428070155502,0.468977850315
    ));
#2586 = CARTESIAN_POINT('',(7.625065470993,23.190166011333,
    0.464150761679));
#2587 = CARTESIAN_POINT('',(7.69822782857,22.712587364999,0.442202257759
    ));
#2588 = CARTESIAN_POINT('',(7.757371799936,22.472196927052,
    0.424626606802));
#2589 = CARTESIAN_POINT('',(7.838602802608,22.2353366186,0.400937066264)
  );
#2590 = CARTESIAN_POINT('',(7.942336823666,22.003340648058,
    0.371639885243));
#2591 = CARTESIAN_POINT('',(8.069213971678,21.777826611696,
    0.337468921174));
#2592 = CARTESIAN_POINT('',(8.220036533838,21.560822963064,
    0.299447554191));
#2593 = CARTESIAN_POINT('',(8.395682984761,21.354939507882,
    0.258960752105));
#2594 = CARTESIAN_POINT('',(8.769110465614,20.999970218019,
    0.182623585463));
#2595 = CARTESIAN_POINT('',(8.955494204385,20.85125859926,0.14787186957)
  );
#2596 = CARTESIAN_POINT('',(9.154582507647,20.718952665467,
    0.114798565015));
#2597 = CARTESIAN_POINT('',(9.364661919484,20.604314521876,
    8.459931701509E-02));
#2598 = CARTESIAN_POINT('',(9.583891410193,20.508377041939,
    5.833231167076E-02));
#2599 = CARTESIAN_POINT('',(9.810334637448,20.431942602568,
    3.685186523778E-02));
#2600 = CARTESIAN_POINT('',(10.041985673055,20.375578338398,
    2.076633788301E-02));
#2601 = CARTESIAN_POINT('',(10.537824946182,20.29961855569,
    -1.081537490499E-03));
#2602 = CARTESIAN_POINT('',(10.804458244806,20.284573823566,
    -5.564562982596E-03));
#2603 = CARTESIAN_POINT('',(11.072084781686,20.295780216882,
    -2.313262161338E-03));
#2604 = CARTESIAN_POINT('',(11.335934906272,20.333152799812,
    8.721509616854E-03));
#2605 = CARTESIAN_POINT('',(11.591333947104,20.395284498874,
    2.68084783152E-02));
#2606 = CARTESIAN_POINT('',(11.833951649511,20.479455601596,
    5.053921285031E-02));
#2607 = CARTESIAN_POINT('',(12.06002861581,20.58159919146,
    7.80812381003E-02));
#2608 = CARTESIAN_POINT('',(12.685096478682,20.928540158539,
    0.167154248569));
#2609 = CARTESIAN_POINT('',(13.036796417331,21.219586159302,
    0.236465198318));
#2610 = CARTESIAN_POINT('',(13.322464452354,21.548866644215,
    0.305256973983));
#2611 = CARTESIAN_POINT('',(13.545833435839,21.903251322534,
    0.366029560334));
#2612 = CARTESIAN_POINT('',(13.710648227905,22.273720297136,
    0.414310086939));
#2613 = CARTESIAN_POINT('',(13.819871718669,22.654140013483,
    0.447489442962));
#2614 = CARTESIAN_POINT('',(13.875,23.040318452284,0.464239211415));
#2615 = CARTESIAN_POINT('',(13.875,23.428571428571,0.464239211415));
#2616 = ORIENTED_EDGE('',*,*,#2176,.F.);
#2617 = ORIENTED_EDGE('',*,*,#2158,.F.);
#2618 = ORIENTED_EDGE('',*,*,#2619,.T.);
#2619 = EDGE_CURVE('',#2159,#2548,#2620,.T.);
#2620 = B_SPLINE_CURVE_WITH_KNOTS('',8,(#2621,#2622,#2623,#2624,#2625,
    #2626,#2627,#2628,#2629,#2630,#2631,#2632,#2633,#2634,#2635,#2636,
    #2637,#2638,#2639,#2640,#2641,#2642,#2643,#2644,#2645,#2646,#2647,
    #2648,#2649,#2650,#2651,#2652,#2653,#2654,#2655,#2656,#2657,#2658,
    #2659,#2660,#2661,#2662,#2663,#2664,#2665,#2666,#2667,#2668,#2669,
    #2670,#2671,#2672,#2673,#2674,#2675,#2676,#2677,#2678,#2679,#2680,
    #2681,#2682,#2683,#2684,#2685),.UNSPECIFIED.,.T.,.F.,(9,7,7,7,7,7,7,
    7,7,9),(0.,0.11163853824,0.213141586964,0.297895878843,
    0.399424082592,0.501342214492,0.606717947106,0.696827037873,
    0.797003918659,1.),.UNSPECIFIED.);
#2621 = CARTESIAN_POINT('',(13.875,23.428571428571,0.464239211415));
#2622 = CARTESIAN_POINT('',(13.875,23.678953479181,0.464239211415));
#2623 = CARTESIAN_POINT('',(13.852073249867,23.929085248431,
    0.457273639402));
#2624 = CARTESIAN_POINT('',(13.806298102997,24.177656262606,
    0.443366367615));
#2625 = CARTESIAN_POINT('',(13.737489620806,24.423300188934,
    0.422773616634));
#2626 = CARTESIAN_POINT('',(13.645238627011,24.664502020055,
    0.395991243135));
#2627 = CARTESIAN_POINT('',(13.528946977915,24.899482719323,
    0.363788883793));
#2628 = CARTESIAN_POINT('',(13.387869641473,25.126049839082,
    0.327261327689));
#2629 = CARTESIAN_POINT('',(13.069612736652,25.537203864072,
    0.252088340937));
#2630 = CARTESIAN_POINT('',(12.895525076622,25.725476899859,
    0.21361791854));
#2631 = CARTESIAN_POINT('',(12.698367650041,25.902863902193,
    0.173688581137));
#2632 = CARTESIAN_POINT('',(12.478011046328,26.065754875095,
    0.133913932723));
#2633 = CARTESIAN_POINT('',(12.234761180604,26.210272940132,
    9.62527071312E-02));
#2634 = CARTESIAN_POINT('',(11.969420508099,26.33223319061,
    6.292606027753E-02));
#2635 = CARTESIAN_POINT('',(11.683420657375,26.427054353243,
    3.626204913461E-02));
#2636 = CARTESIAN_POINT('',(11.124917212552,26.541829728831,
    3.523996994952E-03));
#2637 = CARTESIAN_POINT('',(10.86210020662,26.570707712435,
    -4.979537738433E-03));
#2638 = CARTESIAN_POINT('',(10.595343872007,26.573973387941,
    -6.027127200989E-03));
#2639 = CARTESIAN_POINT('',(10.329687607453,26.550936445881,
    8.007337362059E-04));
#2640 = CARTESIAN_POINT('',(10.070186591949,26.502398784912,
    1.509384668935E-02));
#2641 = CARTESIAN_POINT('',(9.821635070513,26.430639186979,
    3.566187162778E-02));
#2642 = CARTESIAN_POINT('',(9.588312843894,26.339449749326,
    6.076339057393E-02));
#2643 = CARTESIAN_POINT('',(9.116762712646,26.108143367129,
    0.121632843215));
#2644 = CARTESIAN_POINT('',(8.882775037017,25.95998772446,0.159035331958
    ));
#2645 = CARTESIAN_POINT('',(8.67188941065,25.794246141571,0.19848659599)
  );
#2646 = CARTESIAN_POINT('',(8.483703311487,25.614506829845,
    0.238105226665));
#2647 = CARTESIAN_POINT('',(8.317567246106,25.423639131155,0.27637455839
    ));
#2648 = CARTESIAN_POINT('',(8.172747633809,25.223931123348,
    0.312114028757));
#2649 = CARTESIAN_POINT('',(8.048540149743,25.01718717312,0.344412014189
    ));
#2650 = CARTESIAN_POINT('',(7.839781367878,24.591603451421,
    0.400852025501));
#2651 = CARTESIAN_POINT('',(7.753673540368,24.369232157119,
    0.425424420622));
#2652 = CARTESIAN_POINT('',(7.68703234939,24.139649884591,0.445242214077
    ));
#2653 = CARTESIAN_POINT('',(7.640546198215,23.904885251501,
    0.459441401264));
#2654 = CARTESIAN_POINT('',(7.614639831012,23.667000819561,
    0.467437729982));
#2655 = CARTESIAN_POINT('',(7.60949737528,23.428070155502,0.468977850315
    ));
#2656 = CARTESIAN_POINT('',(7.625065470993,23.190166011333,
    0.464150761679));
#2657 = CARTESIAN_POINT('',(7.69822782857,22.712587364999,0.442202257759
    ));
#2658 = CARTESIAN_POINT('',(7.757371799936,22.472196927052,
    0.424626606802));
#2659 = CARTESIAN_POINT('',(7.838602802608,22.2353366186,0.400937066264)
  );
#2660 = CARTESIAN_POINT('',(7.942336823666,22.003340648058,
    0.371639885243));
#2661 = CARTESIAN_POINT('',(8.069213971678,21.777826611696,
    0.337468921174));
#2662 = CARTESIAN_POINT('',(8.220036533838,21.560822963064,
    0.299447554191));
#2663 = CARTESIAN_POINT('',(8.395682984761,21.354939507882,
    0.258960752105));
#2664 = CARTESIAN_POINT('',(8.769110465614,20.999970218019,
    0.182623585463));
#2665 = CARTESIAN_POINT('',(8.955494204385,20.85125859926,0.14787186957)
  );
#2666 = CARTESIAN_POINT('',(9.154582507647,20.718952665467,
    0.114798565015));
#2667 = CARTESIAN_POINT('',(9.364661919484,20.604314521876,
    8.459931701509E-02));
#2668 = CARTESIAN_POINT('',(9.583891410193,20.508377041939,
    5.833231167076E-02));
#2669 = CARTESIAN_POINT('',(9.810334637448,20.431942602568,
    3.685186523778E-02));
#2670 = CARTESIAN_POINT('',(10.041985673055,20.375578338398,
    2.076633788301E-02));
#2671 = CARTESIAN_POINT('',(10.537824946182,20.29961855569,
    -1.081537490499E-03));
#2672 = CARTESIAN_POINT('',(10.804458244806,20.284573823566,
    -5.564562982596E-03));
#2673 = CARTESIAN_POINT('',(11.072084781686,20.295780216882,
    -2.313262161338E-03));
#2674 = CARTESIAN_POINT('',(11.335934906272,20.333152799812,
    8.721509616854E-03));
#2675 = CARTESIAN_POINT('',(11.591333947104,20.395284498874,
    2.68084783152E-02));
#2676 = CARTESIAN_POINT('',(11.833951649511,20.479455601596,
    5.053921285031E-02));
#2677 = CARTESIAN_POINT('',(12.06002861581,20.58159919146,
    7.80812381003E-02));
#2678 = CARTESIAN_POINT('',(12.685096478682,20.928540158539,
    0.167154248569));
#2679 = CARTESIAN_POINT('',(13.036796417331,21.219586159302,
    0.236465198318));
#2680 = CARTESIAN_POINT('',(13.322464452354,21.548866644215,
    0.305256973983));
#2681 = CARTESIAN_POINT('',(13.545833435839,21.903251322534,
    0.366029560334));
#2682 = CARTESIAN_POINT('',(13.710648227905,22.273720297136,
    0.414310086939));
#2683 = CARTESIAN_POINT('',(13.819871718669,22.654140013483,
    0.447489442962));
#2684 = CARTESIAN_POINT('',(13.875,23.040318452284,0.464239211415));
#2685 = CARTESIAN_POINT('',(13.875,23.428571428571,0.464239211415));
#2686 = CYLINDRICAL_SURFACE('',#2687,3.125);
#2687 = AXIS2_PLACEMENT_3D('',#2688,#2689,#2690);
#2688 = CARTESIAN_POINT('',(10.75,23.428571428571,0.));
#2689 = DIRECTION('',(-0.,-0.,-1.));
#2690 = DIRECTION('',(1.,0.,0.));
#2691 = ADVANCED_FACE('',(#2692),#2763,.F.);
#2692 = FACE_BOUND('',#2693,.T.);
#2693 = EDGE_LOOP('',(#2694,#2695));
#2694 = ORIENTED_EDGE('',*,*,#2167,.F.);
#2695 = ORIENTED_EDGE('',*,*,#2696,.T.);
#2696 = EDGE_CURVE('',#2168,#2159,#2697,.T.);
#2697 = B_SPLINE_CURVE_WITH_KNOTS('',8,(#2698,#2699,#2700,#2701,#2702,
    #2703,#2704,#2705,#2706,#2707,#2708,#2709,#2710,#2711,#2712,#2713,
    #2714,#2715,#2716,#2717,#2718,#2719,#2720,#2721,#2722,#2723,#2724,
    #2725,#2726,#2727,#2728,#2729,#2730,#2731,#2732,#2733,#2734,#2735,
    #2736,#2737,#2738,#2739,#2740,#2741,#2742,#2743,#2744,#2745,#2746,
    #2747,#2748,#2749,#2750,#2751,#2752,#2753,#2754,#2755,#2756,#2757,
    #2758,#2759,#2760,#2761,#2762),.UNSPECIFIED.,.T.,.F.,(9,7,7,7,7,7,7,
    7,7,9),(0.,0.11163853824,0.213141586964,0.297895878843,
    0.399424082592,0.501342214492,0.606717947106,0.696827037873,
    0.797003918659,1.),.UNSPECIFIED.);
#2698 = CARTESIAN_POINT('',(13.875,23.428571428571,0.464239211415));
#2699 = CARTESIAN_POINT('',(13.875,23.678953479181,0.464239211415));
#2700 = CARTESIAN_POINT('',(13.852073249867,23.929085248431,
    0.457273639402));
#2701 = CARTESIAN_POINT('',(13.806298102997,24.177656262606,
    0.443366367615));
#2702 = CARTESIAN_POINT('',(13.737489620806,24.423300188934,
    0.422773616634));
#2703 = CARTESIAN_POINT('',(13.645238627011,24.664502020055,
    0.395991243135));
#2704 = CARTESIAN_POINT('',(13.528946977915,24.899482719323,
    0.363788883793));
#2705 = CARTESIAN_POINT('',(13.387869641473,25.126049839082,
    0.327261327689));
#2706 = CARTESIAN_POINT('',(13.069612736652,25.537203864072,
    0.252088340937));
#2707 = CARTESIAN_POINT('',(12.895525076622,25.725476899859,
    0.21361791854));
#2708 = CARTESIAN_POINT('',(12.698367650041,25.902863902193,
    0.173688581137));
#2709 = CARTESIAN_POINT('',(12.478011046328,26.065754875095,
    0.133913932723));
#2710 = CARTESIAN_POINT('',(12.234761180604,26.210272940132,
    9.62527071312E-02));
#2711 = CARTESIAN_POINT('',(11.969420508099,26.33223319061,
    6.292606027753E-02));
#2712 = CARTESIAN_POINT('',(11.683420657375,26.427054353243,
    3.626204913461E-02));
#2713 = CARTESIAN_POINT('',(11.124917212552,26.541829728831,
    3.523996994952E-03));
#2714 = CARTESIAN_POINT('',(10.86210020662,26.570707712435,
    -4.979537738433E-03));
#2715 = CARTESIAN_POINT('',(10.595343872007,26.573973387941,
    -6.027127200989E-03));
#2716 = CARTESIAN_POINT('',(10.329687607453,26.550936445881,
    8.007337362059E-04));
#2717 = CARTESIAN_POINT('',(10.070186591949,26.502398784912,
    1.509384668935E-02));
#2718 = CARTESIAN_POINT('',(9.821635070513,26.430639186979,
    3.566187162778E-02));
#2719 = CARTESIAN_POINT('',(9.588312843894,26.339449749326,
    6.076339057393E-02));
#2720 = CARTESIAN_POINT('',(9.116762712646,26.108143367129,
    0.121632843215));
#2721 = CARTESIAN_POINT('',(8.882775037017,25.95998772446,0.159035331958
    ));
#2722 = CARTESIAN_POINT('',(8.67188941065,25.794246141571,0.19848659599)
  );
#2723 = CARTESIAN_POINT('',(8.483703311487,25.614506829845,
    0.238105226665));
#2724 = CARTESIAN_POINT('',(8.317567246106,25.423639131155,0.27637455839
    ));
#2725 = CARTESIAN_POINT('',(8.172747633809,25.223931123348,
    0.312114028757));
#2726 = CARTESIAN_POINT('',(8.048540149743,25.01718717312,0.344412014189
    ));
#2727 = CARTESIAN_POINT('',(7.839781367878,24.591603451421,
    0.400852025501));
#2728 = CARTESIAN_POINT('',(7.753673540368,24.369232157119,
    0.425424420622));
#2729 = CARTESIAN_POINT('',(7.68703234939,24.139649884591,0.445242214077
    ));
#2730 = CARTESIAN_POINT('',(7.640546198215,23.904885251501,
    0.459441401264));
#2731 = CARTESIAN_POINT('',(7.614639831012,23.667000819561,
    0.467437729982));
#2732 = CARTESIAN_POINT('',(7.60949737528,23.428070155502,0.468977850315
    ));
#2733 = CARTESIAN_POINT('',(7.625065470993,23.190166011333,
    0.464150761679));
#2734 = CARTESIAN_POINT('',(7.69822782857,22.712587364999,0.442202257759
    ));
#2735 = CARTESIAN_POINT('',(7.757371799936,22.472196927052,
    0.424626606802));
#2736 = CARTESIAN_POINT('',(7.838602802608,22.2353366186,0.400937066264)
  );
#2737 = CARTESIAN_POINT('',(7.942336823666,22.003340648058,
    0.371639885243));
#2738 = CARTESIAN_POINT('',(8.069213971678,21.777826611696,
    0.337468921174));
#2739 = CARTESIAN_POINT('',(8.220036533838,21.560822963064,
    0.299447554191));
#2740 = CARTESIAN_POINT('',(8.395682984761,21.354939507882,
    0.258960752105));
#2741 = CARTESIAN_POINT('',(8.769110465614,20.999970218019,
    0.182623585463));
#2742 = CARTESIAN_POINT('',(8.955494204385,20.85125859926,0.14787186957)
  );
#2743 = CARTESIAN_POINT('',(9.154582507647,20.718952665467,
    0.114798565015));
#2744 = CARTESIAN_POINT('',(9.364661919484,20.604314521876,
    8.459931701509E-02));
#2745 = CARTESIAN_POINT('',(9.583891410193,20.508377041939,
    5.833231167076E-02));
#2746 = CARTESIAN_POINT('',(9.810334637448,20.431942602568,
    3.685186523778E-02));
#2747 = CARTESIAN_POINT('',(10.041985673055,20.375578338398,
    2.076633788301E-02));
#2748 = CARTESIAN_POINT('',(10.537824946182,20.29961855569,
    -1.081537490499E-03));
#2749 = CARTESIAN_POINT('',(10.804458244806,20.284573823566,
    -5.564562982596E-03));
#2750 = CARTESIAN_POINT('',(11.072084781686,20.295780216882,
    -2.313262161338E-03));
#2751 = CARTESIAN_POINT('',(11.335934906272,20.333152799812,
    8.721509616854E-03));
#2752 = CARTESIAN_POINT('',(11.591333947104,20.395284498874,
    2.68084783152E-02));
#2753 = CARTESIAN_POINT('',(11.833951649511,20.479455601596,
    5.053921285031E-02));
#2754 = CARTESIAN_POINT('',(12.06002861581,20.58159919146,
    7.80812381003E-02));
#2755 = CARTESIAN_POINT('',(12.685096478682,20.928540158539,
    0.167154248569));
#2756 = CARTESIAN_POINT('',(13.036796417331,21.219586159302,
    0.236465198318));
#2757 = CARTESIAN_POINT('',(13.322464452354,21.548866644215,
    0.305256973983));
#2758 = CARTESIAN_POINT('',(13.545833435839,21.903251322534,
    0.366029560334));
#2759 = CARTESIAN_POINT('',(13.710648227905,22.273720297136,
    0.414310086939));
#2760 = CARTESIAN_POINT('',(13.819871718669,22.654140013483,
    0.447489442962));
#2761 = CARTESIAN_POINT('',(13.875,23.040318452284,0.464239211415));
#2762 = CARTESIAN_POINT('',(13.875,23.428571428571,0.464239211415));
#2763 = CYLINDRICAL_SURFACE('',#2764,3.125);
#2764 = AXIS2_PLACEMENT_3D('',#2765,#2766,#2767);
#2765 = CARTESIAN_POINT('',(10.75,23.428571428571,0.));
#2766 = DIRECTION('',(-0.,-0.,-1.));
#2767 = DIRECTION('',(1.,0.,0.));
#2768 = ADVANCED_FACE('',(#2769),#2812,.F.);
#2769 = FACE_BOUND('',#2770,.T.);
#2770 = EDGE_LOOP('',(#2771,#2772));
#2771 = ORIENTED_EDGE('',*,*,#2209,.F.);
#2772 = ORIENTED_EDGE('',*,*,#2773,.T.);
#2773 = EDGE_CURVE('',#2210,#2201,#2774,.T.);
#2774 = B_SPLINE_CURVE_WITH_KNOTS('',8,(#2775,#2776,#2777,#2778,#2779,
    #2780,#2781,#2782,#2783,#2784,#2785,#2786,#2787,#2788,#2789,#2790,
    #2791,#2792,#2793,#2794,#2795,#2796,#2797,#2798,#2799,#2800,#2801,
    #2802,#2803,#2804,#2805,#2806,#2807,#2808,#2809,#2810,#2811),
  .UNSPECIFIED.,.F.,.F.,(9,7,7,7,7,9),(0.,0.14678450444,0.373213740169,
    0.501933920174,0.727858821668,1.),.UNSPECIFIED.);
#2775 = CARTESIAN_POINT('',(32.25,26.553571428571,-5.329070518201E-15));
#2776 = CARTESIAN_POINT('',(32.031933612156,26.553571428571,
    -5.329070518201E-15));
#2777 = CARTESIAN_POINT('',(31.815534700505,26.536180443125,
    5.055128426322E-03));
#2778 = CARTESIAN_POINT('',(31.602962660553,26.501864744149,
    1.50315836609E-02));
#2779 = CARTESIAN_POINT('',(31.396303927103,26.451505932812,
    2.952610640913E-02));
#2780 = CARTESIAN_POINT('',(31.197513194766,26.386394119955,
    4.789547425845E-02));
#2781 = CARTESIAN_POINT('',(31.008355180521,26.308227632095,
    6.93107811581E-02));
#2782 = CARTESIAN_POINT('',(30.83034692831,26.219119243005,
    9.283650182019E-02));
#2783 = CARTESIAN_POINT('',(30.409175325856,25.971189882706,
    0.155633136827));
#2784 = CARTESIAN_POINT('',(30.179889586698,25.79890715386,
    0.196993982135));
#2785 = CARTESIAN_POINT('',(29.976519246564,25.609639950536,
    0.239188626191));
#2786 = CARTESIAN_POINT('',(29.798302681363,25.40714804082,
    0.280220009769));
#2787 = CARTESIAN_POINT('',(29.64431551989,25.194336412692,
    0.318547893322));
#2788 = CARTESIAN_POINT('',(29.513653619105,24.973447413802,
    0.353017555566));
#2789 = CARTESIAN_POINT('',(29.405559146544,24.746200578021,
    0.382760618787));
#2790 = CARTESIAN_POINT('',(29.270615779173,24.381842626521,
    0.420994541291));
#2791 = CARTESIAN_POINT('',(29.228852210381,24.248195326158,
    0.433112982557));
#2792 = CARTESIAN_POINT('',(29.19415571198,24.113261056089,
    0.443370361881));
#2793 = CARTESIAN_POINT('',(29.166462597099,23.977319554483,
    0.45167061756));
#2794 = CARTESIAN_POINT('',(29.145724426771,23.840632971137,
    0.457942779797));
#2795 = CARTESIAN_POINT('',(29.131908776029,23.703451154407,
    0.462140105223));
#2796 = CARTESIAN_POINT('',(29.125,23.566016938134,0.464239211415));
#2797 = CARTESIAN_POINT('',(29.125,23.187332151188,0.464239211415));
#2798 = CARTESIAN_POINT('',(29.146283017946,22.946300370055,
    0.457773035345));
#2799 = CARTESIAN_POINT('',(29.188786394747,22.706662504598,
    0.444859784705));
#2800 = CARTESIAN_POINT('',(29.252667947991,22.469650509607,
    0.425720713202));
#2801 = CARTESIAN_POINT('',(29.338275478675,22.23661830255,
    0.400785237595));
#2802 = CARTESIAN_POINT('',(29.446119041121,22.009136794684,
    0.37071730083));
#2803 = CARTESIAN_POINT('',(29.576838847297,21.789115120168,
    0.336455529057));
#2804 = CARTESIAN_POINT('',(29.917053521124,21.325804971151,
    0.254456951945));
#2805 = CARTESIAN_POINT('',(30.14265334297,21.079528330867,
    0.204081114753));
#2806 = CARTESIAN_POINT('',(30.409139898335,20.850721934461,
    0.150771165453));
#2807 = CARTESIAN_POINT('',(30.715431629164,20.64944283579,
    9.862588319515E-02));
#2808 = CARTESIAN_POINT('',(31.058439701228,20.48519591306,
    5.27972441632E-02));
#2809 = CARTESIAN_POINT('',(31.433314685827,20.367017684435,
    1.8443787879E-02));
#2810 = CARTESIAN_POINT('',(31.833483062715,20.303571428571,
    -5.329070518201E-15));
#2811 = CARTESIAN_POINT('',(32.25,20.303571428571,-5.329070518201E-15));
#2812 = CYLINDRICAL_SURFACE('',#2813,3.125);
#2813 = AXIS2_PLACEMENT_3D('',#2814,#2815,#2816);
#2814 = CARTESIAN_POINT('',(32.25,23.428571428571,0.));
#2815 = DIRECTION('',(-0.,-0.,-1.));
#2816 = DIRECTION('',(1.,0.,0.));
#2817 = ADVANCED_FACE('',(#2818),#2861,.F.);
#2818 = FACE_BOUND('',#2819,.T.);
#2819 = EDGE_LOOP('',(#2820,#2821));
#2820 = ORIENTED_EDGE('',*,*,#2251,.F.);
#2821 = ORIENTED_EDGE('',*,*,#2822,.T.);
#2822 = EDGE_CURVE('',#2252,#2243,#2823,.T.);
#2823 = B_SPLINE_CURVE_WITH_KNOTS('',8,(#2824,#2825,#2826,#2827,#2828,
    #2829,#2830,#2831,#2832,#2833,#2834,#2835,#2836,#2837,#2838,#2839,
    #2840,#2841,#2842,#2843,#2844,#2845,#2846,#2847,#2848,#2849,#2850,
    #2851,#2852,#2853,#2854,#2855,#2856,#2857,#2858,#2859,#2860),
  .UNSPECIFIED.,.F.,.F.,(9,7,7,7,7,9),(0.,0.146784502942,0.37321373636,
    0.501933920642,0.727858821924,1.),.UNSPECIFIED.);
#2824 = CARTESIAN_POINT('',(53.75,26.553571428571,-5.329070518201E-15));
#2825 = CARTESIAN_POINT('',(53.531933612156,26.553571428571,
    -5.329070518201E-15));
#2826 = CARTESIAN_POINT('',(53.315534700505,26.536180443125,
    5.055128426322E-03));
#2827 = CARTESIAN_POINT('',(53.102962660553,26.501864744149,
    1.50315836609E-02));
#2828 = CARTESIAN_POINT('',(52.896303927103,26.451505932812,
    2.952610640913E-02));
#2829 = CARTESIAN_POINT('',(52.697513194766,26.386394119955,
    4.789547425845E-02));
#2830 = CARTESIAN_POINT('',(52.508355180521,26.308227632095,
    6.93107811581E-02));
#2831 = CARTESIAN_POINT('',(52.33034692831,26.219119243005,
    9.283650182019E-02));
#2832 = CARTESIAN_POINT('',(51.909175325856,25.971189882706,
    0.155633136827));
#2833 = CARTESIAN_POINT('',(51.679889586698,25.79890715386,
    0.196993982135));
#2834 = CARTESIAN_POINT('',(51.476519246564,25.609639950535,
    0.239188626191));
#2835 = CARTESIAN_POINT('',(51.298302681363,25.40714804082,
    0.280220009769));
#2836 = CARTESIAN_POINT('',(51.14431551989,25.194336412692,
    0.318547893322));
#2837 = CARTESIAN_POINT('',(51.013653619105,24.973447413802,
    0.353017555566));
#2838 = CARTESIAN_POINT('',(50.905559146544,24.746200578021,
    0.382760618787));
#2839 = CARTESIAN_POINT('',(50.770615777048,24.381842620785,
    0.420994541893));
#2840 = CARTESIAN_POINT('',(50.728852210536,24.248195329278,
    0.43311298251));
#2841 = CARTESIAN_POINT('',(50.694155713521,24.113261061871,
    0.443370361442));
#2842 = CARTESIAN_POINT('',(50.666462597994,23.977319554855,
    0.451670617306));
#2843 = CARTESIAN_POINT('',(50.645724426217,23.840632965727,
    0.457942779957));
#2844 = CARTESIAN_POINT('',(50.631908775,23.703451150806,0.462140105517)
  );
#2845 = CARTESIAN_POINT('',(50.625,23.566016942831,0.464239211415));
#2846 = CARTESIAN_POINT('',(50.625,23.187332151188,0.464239211415));
#2847 = CARTESIAN_POINT('',(50.646283017946,22.946300370055,
    0.457773035345));
#2848 = CARTESIAN_POINT('',(50.688786394746,22.706662504598,
    0.444859784705));
#2849 = CARTESIAN_POINT('',(50.752667947991,22.469650509607,
    0.425720713202));
#2850 = CARTESIAN_POINT('',(50.838275478675,22.23661830255,
    0.400785237595));
#2851 = CARTESIAN_POINT('',(50.946119041121,22.009136794684,
    0.37071730083));
#2852 = CARTESIAN_POINT('',(51.076838847297,21.789115120168,
    0.336455529057));
#2853 = CARTESIAN_POINT('',(51.417053521124,21.325804971152,
    0.254456951945));
#2854 = CARTESIAN_POINT('',(51.642653342971,21.079528330866,
    0.204081114752));
#2855 = CARTESIAN_POINT('',(51.909139898332,20.850721934464,
    0.150771165454));
#2856 = CARTESIAN_POINT('',(52.215431629167,20.649442835786,
    9.862588319446E-02));
#2857 = CARTESIAN_POINT('',(52.558439701228,20.485195913062,
    5.279724416359E-02));
#2858 = CARTESIAN_POINT('',(52.933314685827,20.367017684434,
    1.844378787891E-02));
#2859 = CARTESIAN_POINT('',(53.333483062716,20.303571428571,
    -5.329070518201E-15));
#2860 = CARTESIAN_POINT('',(53.75,20.303571428571,-5.329070518201E-15));
#2861 = CYLINDRICAL_SURFACE('',#2862,3.125);
#2862 = AXIS2_PLACEMENT_3D('',#2863,#2864,#2865);
#2863 = CARTESIAN_POINT('',(53.75,23.428571428571,0.));
#2864 = DIRECTION('',(-0.,-0.,-1.));
#2865 = DIRECTION('',(1.,0.,0.));
#2866 = ADVANCED_FACE('',(#2867),#2910,.F.);
#2867 = FACE_BOUND('',#2868,.T.);
#2868 = EDGE_LOOP('',(#2869,#2870));
#2869 = ORIENTED_EDGE('',*,*,#2293,.F.);
#2870 = ORIENTED_EDGE('',*,*,#2871,.T.);
#2871 = EDGE_CURVE('',#2294,#2285,#2872,.T.);
#2872 = B_SPLINE_CURVE_WITH_KNOTS('',8,(#2873,#2874,#2875,#2876,#2877,
    #2878,#2879,#2880,#2881,#2882,#2883,#2884,#2885,#2886,#2887,#2888,
    #2889,#2890,#2891,#2892,#2893,#2894,#2895,#2896,#2897,#2898,#2899,
    #2900,#2901,#2902,#2903,#2904,#2905,#2906,#2907,#2908,#2909),
  .UNSPECIFIED.,.F.,.F.,(9,7,7,7,7,9),(0.,0.14678450444,0.37321374017,
    0.501933920174,0.727858821669,1.),.UNSPECIFIED.);
#2873 = CARTESIAN_POINT('',(75.25,26.553571428571,-5.329070518201E-15));
#2874 = CARTESIAN_POINT('',(75.031933612156,26.553571428571,
    -5.329070518201E-15));
#2875 = CARTESIAN_POINT('',(74.815534700505,26.536180443125,
    5.05512842632E-03));
#2876 = CARTESIAN_POINT('',(74.602962660553,26.501864744149,
    1.50315836609E-02));
#2877 = CARTESIAN_POINT('',(74.396303927103,26.451505932812,
    2.952610640913E-02));
#2878 = CARTESIAN_POINT('',(74.197513194766,26.386394119955,
    4.789547425845E-02));
#2879 = CARTESIAN_POINT('',(74.008355180521,26.308227632095,
    6.93107811581E-02));
#2880 = CARTESIAN_POINT('',(73.83034692831,26.219119243005,
    9.283650182019E-02));
#2881 = CARTESIAN_POINT('',(73.409175325856,25.971189882706,
    0.155633136827));
#2882 = CARTESIAN_POINT('',(73.179889586698,25.798907153861,
    0.196993982135));
#2883 = CARTESIAN_POINT('',(72.976519246564,25.609639950535,
    0.239188626191));
#2884 = CARTESIAN_POINT('',(72.798302681363,25.40714804082,
    0.280220009769));
#2885 = CARTESIAN_POINT('',(72.64431551989,25.194336412692,
    0.318547893322));
#2886 = CARTESIAN_POINT('',(72.513653619105,24.973447413802,
    0.353017555566));
#2887 = CARTESIAN_POINT('',(72.405559146544,24.746200578022,
    0.382760618787));
#2888 = CARTESIAN_POINT('',(72.270615779173,24.381842626521,
    0.420994541291));
#2889 = CARTESIAN_POINT('',(72.228852210381,24.248195326158,
    0.433112982557));
#2890 = CARTESIAN_POINT('',(72.19415571198,24.113261056089,
    0.443370361881));
#2891 = CARTESIAN_POINT('',(72.166462597099,23.977319554483,
    0.45167061756));
#2892 = CARTESIAN_POINT('',(72.145724426771,23.840632971137,
    0.457942779797));
#2893 = CARTESIAN_POINT('',(72.131908776029,23.703451154407,
    0.462140105223));
#2894 = CARTESIAN_POINT('',(72.125,23.566016938134,0.464239211415));
#2895 = CARTESIAN_POINT('',(72.125,23.187332151188,0.464239211415));
#2896 = CARTESIAN_POINT('',(72.146283017946,22.946300370055,
    0.457773035345));
#2897 = CARTESIAN_POINT('',(72.188786394747,22.706662504598,
    0.444859784705));
#2898 = CARTESIAN_POINT('',(72.252667947991,22.469650509607,
    0.425720713202));
#2899 = CARTESIAN_POINT('',(72.338275478675,22.23661830255,
    0.400785237595));
#2900 = CARTESIAN_POINT('',(72.446119041121,22.009136794684,
    0.37071730083));
#2901 = CARTESIAN_POINT('',(72.576838847297,21.789115120168,
    0.336455529057));
#2902 = CARTESIAN_POINT('',(72.917053521124,21.325804971152,
    0.254456951945));
#2903 = CARTESIAN_POINT('',(73.142653342972,21.079528330865,
    0.204081114752));
#2904 = CARTESIAN_POINT('',(73.409139898329,20.850721934464,
    0.150771165454));
#2905 = CARTESIAN_POINT('',(73.71543162917,20.649442835786,
    9.862588319444E-02));
#2906 = CARTESIAN_POINT('',(74.058439701224,20.485195913062,
    5.279724416359E-02));
#2907 = CARTESIAN_POINT('',(74.433314685829,20.367017684434,
    1.844378787891E-02));
#2908 = CARTESIAN_POINT('',(74.833483062715,20.303571428571,
    -5.329070518201E-15));
#2909 = CARTESIAN_POINT('',(75.25,20.303571428571,-5.329070518201E-15));
#2910 = CYLINDRICAL_SURFACE('',#2911,3.125);
#2911 = AXIS2_PLACEMENT_3D('',#2912,#2913,#2914);
#2912 = CARTESIAN_POINT('',(75.25,23.428571428571,0.));
#2913 = DIRECTION('',(-0.,-0.,-1.));
#2914 = DIRECTION('',(1.,0.,0.));
#2915 = ADVANCED_FACE('',(#2916),#3058,.F.);
#2916 = FACE_BOUND('',#2917,.T.);
#2917 = EDGE_LOOP('',(#2918,#2988,#2989,#2990));
#2918 = ORIENTED_EDGE('',*,*,#2919,.T.);
#2919 = EDGE_CURVE('',#2920,#2336,#2922,.T.);
#2920 = VERTEX_POINT('',#2921);
#2921 = CARTESIAN_POINT('',(13.875,58.571428571429,0.464239211415));
#2922 = B_SPLINE_CURVE_WITH_KNOTS('',8,(#2923,#2924,#2925,#2926,#2927,
    #2928,#2929,#2930,#2931,#2932,#2933,#2934,#2935,#2936,#2937,#2938,
    #2939,#2940,#2941,#2942,#2943,#2944,#2945,#2946,#2947,#2948,#2949,
    #2950,#2951,#2952,#2953,#2954,#2955,#2956,#2957,#2958,#2959,#2960,
    #2961,#2962,#2963,#2964,#2965,#2966,#2967,#2968,#2969,#2970,#2971,
    #2972,#2973,#2974,#2975,#2976,#2977,#2978,#2979,#2980,#2981,#2982,
    #2983,#2984,#2985,#2986,#2987),.UNSPECIFIED.,.T.,.F.,(9,7,7,7,7,7,7,
    7,7,9),(0.,0.11163853473,0.213141583041,0.297895874578,
    0.399424077917,0.501342209405,0.606717941592,0.696827032864,
    0.797003915305,1.),.UNSPECIFIED.);
#2923 = CARTESIAN_POINT('',(13.875,58.571428571429,0.464239211415));
#2924 = CARTESIAN_POINT('',(13.875,58.82181062893,0.464239211415));
#2925 = CARTESIAN_POINT('',(13.852073248522,59.071942379221,
    0.457273639121));
#2926 = CARTESIAN_POINT('',(13.806298107559,59.320513406489,
    0.443366368675));
#2927 = CARTESIAN_POINT('',(13.737489617224,59.566157341975,
    0.42277361575));
#2928 = CARTESIAN_POINT('',(13.645238622475,59.807359161873,
    0.395991242066));
#2929 = CARTESIAN_POINT('',(13.528946986962,60.042339852414,
    0.36378888596));
#2930 = CARTESIAN_POINT('',(13.387869636911,60.268906987832,
    0.327261326611));
#2931 = CARTESIAN_POINT('',(13.069612736649,60.680061006933,
    0.252088340937));
#2932 = CARTESIAN_POINT('',(12.89552507662,60.868334042717,
    0.213617918539));
#2933 = CARTESIAN_POINT('',(12.698367650043,61.045721045048,
    0.173688581137));
#2934 = CARTESIAN_POINT('',(12.478011046331,61.208612017949,
    0.133913932724));
#2935 = CARTESIAN_POINT('',(12.234761180606,61.353130082989,
    9.625270713125E-02));
#2936 = CARTESIAN_POINT('',(11.969420508098,61.475090333468,
    6.292606027717E-02));
#2937 = CARTESIAN_POINT('',(11.683420657371,61.569911496101,
    3.626204913434E-02));
#2938 = CARTESIAN_POINT('',(11.124917212552,61.684686871689,
    3.523996994942E-03));
#2939 = CARTESIAN_POINT('',(10.862100206621,61.713564855293,
    -4.979537738438E-03));
#2940 = CARTESIAN_POINT('',(10.595343872007,61.716830530798,
    -6.027127200993E-03));
#2941 = CARTESIAN_POINT('',(10.329687607453,61.693793588738,
    8.007337361906E-04));
#2942 = CARTESIAN_POINT('',(10.070186591949,61.645255927769,
    1.509384668934E-02));
#2943 = CARTESIAN_POINT('',(9.821635070513,61.573496329836,
    3.566187162778E-02));
#2944 = CARTESIAN_POINT('',(9.588312843895,61.482306892183,
    6.076339057391E-02));
#2945 = CARTESIAN_POINT('',(9.116762712646,61.251000509986,
    0.121632843215));
#2946 = CARTESIAN_POINT('',(8.882775037017,61.102844867318,
    0.159035331958));
#2947 = CARTESIAN_POINT('',(8.67188941065,60.937103284428,0.19848659599)
  );
#2948 = CARTESIAN_POINT('',(8.483703311487,60.757363972702,
    0.238105226665));
#2949 = CARTESIAN_POINT('',(8.317567246106,60.566496274013,
    0.276374558389));
#2950 = CARTESIAN_POINT('',(8.172747633809,60.366788266205,
    0.312114028757));
#2951 = CARTESIAN_POINT('',(8.048540149743,60.160044315977,
    0.344412014189));
#2952 = CARTESIAN_POINT('',(7.839781367878,59.734460594278,
    0.400852025501));
#2953 = CARTESIAN_POINT('',(7.753673540368,59.512089299976,
    0.425424420622));
#2954 = CARTESIAN_POINT('',(7.68703234939,59.282507027448,0.445242214077
    ));
#2955 = CARTESIAN_POINT('',(7.640546198215,59.047742394358,
    0.459441401264));
#2956 = CARTESIAN_POINT('',(7.614639831012,58.809857962418,
    0.467437729981));
#2957 = CARTESIAN_POINT('',(7.60949737528,58.570927298359,0.468977850315
    ));
#2958 = CARTESIAN_POINT('',(7.625065470993,58.33302315419,0.464150761679
    ));
#2959 = CARTESIAN_POINT('',(7.69822782857,57.855444507856,0.442202257759
    ));
#2960 = CARTESIAN_POINT('',(7.757371799936,57.61505406991,0.424626606802
    ));
#2961 = CARTESIAN_POINT('',(7.838602802609,57.378193761457,
    0.400937066264));
#2962 = CARTESIAN_POINT('',(7.942336823666,57.146197790915,
    0.371639885243));
#2963 = CARTESIAN_POINT('',(8.069213971677,56.920683754554,
    0.337468921174));
#2964 = CARTESIAN_POINT('',(8.220036533838,56.703680105921,
    0.299447554191));
#2965 = CARTESIAN_POINT('',(8.395682984761,56.49779665074,0.258960752105
    ));
#2966 = CARTESIAN_POINT('',(8.769110467272,56.142827359299,
    0.182623585124));
#2967 = CARTESIAN_POINT('',(8.95549420089,55.994115744154,0.147871870039
    ));
#2968 = CARTESIAN_POINT('',(9.154582508074,55.861809808849,
    0.114798565112));
#2969 = CARTESIAN_POINT('',(9.364661922963,55.747171663085,
    8.459931662218E-02));
#2970 = CARTESIAN_POINT('',(9.583891409803,55.651234184244,
    5.833231156175E-02));
#2971 = CARTESIAN_POINT('',(9.810334633525,55.574799746893,
    3.685186559779E-02));
#2972 = CARTESIAN_POINT('',(10.041985675622,55.518435480862,
    2.076633776991E-02));
#2973 = CARTESIAN_POINT('',(10.537824946182,55.442475698548,
    -1.081537490512E-03));
#2974 = CARTESIAN_POINT('',(10.804458244806,55.427430966423,
    -5.564562982591E-03));
#2975 = CARTESIAN_POINT('',(11.072084781686,55.438637359739,
    -2.313262161352E-03));
#2976 = CARTESIAN_POINT('',(11.335934906272,55.476009942669,
    8.721509616842E-03));
#2977 = CARTESIAN_POINT('',(11.591333947104,55.538141641731,
    2.68084783152E-02));
#2978 = CARTESIAN_POINT('',(11.833951649511,55.622312744453,
    5.05392128503E-02));
#2979 = CARTESIAN_POINT('',(12.060028615809,55.724456334317,
    7.808123810029E-02));
#2980 = CARTESIAN_POINT('',(12.685096478682,56.071397301396,
    0.167154248569));
#2981 = CARTESIAN_POINT('',(13.036796417333,56.36244330216,
    0.236465198318));
#2982 = CARTESIAN_POINT('',(13.322464452349,56.69172378707,
    0.305256973982));
#2983 = CARTESIAN_POINT('',(13.545833435846,57.046108465395,
    0.366029560335));
#2984 = CARTESIAN_POINT('',(13.710648227901,57.416577439992,
    0.414310086938));
#2985 = CARTESIAN_POINT('',(13.81987171867,57.79699715634,0.447489442963
    ));
#2986 = CARTESIAN_POINT('',(13.875,58.183175595141,0.464239211415));
#2987 = CARTESIAN_POINT('',(13.875,58.571428571429,0.464239211415));
#2988 = ORIENTED_EDGE('',*,*,#2344,.F.);
#2989 = ORIENTED_EDGE('',*,*,#2326,.F.);
#2990 = ORIENTED_EDGE('',*,*,#2991,.T.);
#2991 = EDGE_CURVE('',#2327,#2920,#2992,.T.);
#2992 = B_SPLINE_CURVE_WITH_KNOTS('',8,(#2993,#2994,#2995,#2996,#2997,
    #2998,#2999,#3000,#3001,#3002,#3003,#3004,#3005,#3006,#3007,#3008,
    #3009,#3010,#3011,#3012,#3013,#3014,#3015,#3016,#3017,#3018,#3019,
    #3020,#3021,#3022,#3023,#3024,#3025,#3026,#3027,#3028,#3029,#3030,
    #3031,#3032,#3033,#3034,#3035,#3036,#3037,#3038,#3039,#3040,#3041,
    #3042,#3043,#3044,#3045,#3046,#3047,#3048,#3049,#3050,#3051,#3052,
    #3053,#3054,#3055,#3056,#3057),.UNSPECIFIED.,.T.,.F.,(9,7,7,7,7,7,7,
    7,7,9),(0.,0.11163853473,0.213141583041,0.297895874578,
    0.399424077917,0.501342209405,0.606717941592,0.696827032864,
    0.797003915305,1.),.UNSPECIFIED.);
#2993 = CARTESIAN_POINT('',(13.875,58.571428571429,0.464239211415));
#2994 = CARTESIAN_POINT('',(13.875,58.82181062893,0.464239211415));
#2995 = CARTESIAN_POINT('',(13.852073248522,59.071942379221,
    0.457273639121));
#2996 = CARTESIAN_POINT('',(13.806298107559,59.320513406489,
    0.443366368675));
#2997 = CARTESIAN_POINT('',(13.737489617224,59.566157341975,
    0.42277361575));
#2998 = CARTESIAN_POINT('',(13.645238622475,59.807359161873,
    0.395991242066));
#2999 = CARTESIAN_POINT('',(13.528946986962,60.042339852414,
    0.36378888596));
#3000 = CARTESIAN_POINT('',(13.387869636911,60.268906987832,
    0.327261326611));
#3001 = CARTESIAN_POINT('',(13.069612736649,60.680061006933,
    0.252088340937));
#3002 = CARTESIAN_POINT('',(12.89552507662,60.868334042717,
    0.213617918539));
#3003 = CARTESIAN_POINT('',(12.698367650043,61.045721045048,
    0.173688581137));
#3004 = CARTESIAN_POINT('',(12.478011046331,61.208612017949,
    0.133913932724));
#3005 = CARTESIAN_POINT('',(12.234761180606,61.353130082989,
    9.625270713125E-02));
#3006 = CARTESIAN_POINT('',(11.969420508098,61.475090333468,
    6.292606027717E-02));
#3007 = CARTESIAN_POINT('',(11.683420657371,61.569911496101,
    3.626204913434E-02));
#3008 = CARTESIAN_POINT('',(11.124917212552,61.684686871689,
    3.523996994942E-03));
#3009 = CARTESIAN_POINT('',(10.862100206621,61.713564855293,
    -4.979537738438E-03));
#3010 = CARTESIAN_POINT('',(10.595343872007,61.716830530798,
    -6.027127200993E-03));
#3011 = CARTESIAN_POINT('',(10.329687607453,61.693793588738,
    8.007337361906E-04));
#3012 = CARTESIAN_POINT('',(10.070186591949,61.645255927769,
    1.509384668934E-02));
#3013 = CARTESIAN_POINT('',(9.821635070513,61.573496329836,
    3.566187162778E-02));
#3014 = CARTESIAN_POINT('',(9.588312843895,61.482306892183,
    6.076339057391E-02));
#3015 = CARTESIAN_POINT('',(9.116762712646,61.251000509986,
    0.121632843215));
#3016 = CARTESIAN_POINT('',(8.882775037017,61.102844867318,
    0.159035331958));
#3017 = CARTESIAN_POINT('',(8.67188941065,60.937103284428,0.19848659599)
  );
#3018 = CARTESIAN_POINT('',(8.483703311487,60.757363972702,
    0.238105226665));
#3019 = CARTESIAN_POINT('',(8.317567246106,60.566496274013,
    0.276374558389));
#3020 = CARTESIAN_POINT('',(8.172747633809,60.366788266205,
    0.312114028757));
#3021 = CARTESIAN_POINT('',(8.048540149743,60.160044315977,
    0.344412014189));
#3022 = CARTESIAN_POINT('',(7.839781367878,59.734460594278,
    0.400852025501));
#3023 = CARTESIAN_POINT('',(7.753673540368,59.512089299976,
    0.425424420622));
#3024 = CARTESIAN_POINT('',(7.68703234939,59.282507027448,0.445242214077
    ));
#3025 = CARTESIAN_POINT('',(7.640546198215,59.047742394358,
    0.459441401264));
#3026 = CARTESIAN_POINT('',(7.614639831012,58.809857962418,
    0.467437729981));
#3027 = CARTESIAN_POINT('',(7.60949737528,58.570927298359,0.468977850315
    ));
#3028 = CARTESIAN_POINT('',(7.625065470993,58.33302315419,0.464150761679
    ));
#3029 = CARTESIAN_POINT('',(7.69822782857,57.855444507856,0.442202257759
    ));
#3030 = CARTESIAN_POINT('',(7.757371799936,57.61505406991,0.424626606802
    ));
#3031 = CARTESIAN_POINT('',(7.838602802609,57.378193761457,
    0.400937066264));
#3032 = CARTESIAN_POINT('',(7.942336823666,57.146197790915,
    0.371639885243));
#3033 = CARTESIAN_POINT('',(8.069213971677,56.920683754554,
    0.337468921174));
#3034 = CARTESIAN_POINT('',(8.220036533838,56.703680105921,
    0.299447554191));
#3035 = CARTESIAN_POINT('',(8.395682984761,56.49779665074,0.258960752105
    ));
#3036 = CARTESIAN_POINT('',(8.769110467272,56.142827359299,
    0.182623585124));
#3037 = CARTESIAN_POINT('',(8.95549420089,55.994115744154,0.147871870039
    ));
#3038 = CARTESIAN_POINT('',(9.154582508074,55.861809808849,
    0.114798565112));
#3039 = CARTESIAN_POINT('',(9.364661922963,55.747171663085,
    8.459931662218E-02));
#3040 = CARTESIAN_POINT('',(9.583891409803,55.651234184244,
    5.833231156175E-02));
#3041 = CARTESIAN_POINT('',(9.810334633525,55.574799746893,
    3.685186559779E-02));
#3042 = CARTESIAN_POINT('',(10.041985675622,55.518435480862,
    2.076633776991E-02));
#3043 = CARTESIAN_POINT('',(10.537824946182,55.442475698548,
    -1.081537490512E-03));
#3044 = CARTESIAN_POINT('',(10.804458244806,55.427430966423,
    -5.564562982591E-03));
#3045 = CARTESIAN_POINT('',(11.072084781686,55.438637359739,
    -2.313262161352E-03));
#3046 = CARTESIAN_POINT('',(11.335934906272,55.476009942669,
    8.721509616842E-03));
#3047 = CARTESIAN_POINT('',(11.591333947104,55.538141641731,
    2.68084783152E-02));
#3048 = CARTESIAN_POINT('',(11.833951649511,55.622312744453,
    5.05392128503E-02));
#3049 = CARTESIAN_POINT('',(12.060028615809,55.724456334317,
    7.808123810029E-02));
#3050 = CARTESIAN_POINT('',(12.685096478682,56.071397301396,
    0.167154248569));
#3051 = CARTESIAN_POINT('',(13.036796417333,56.36244330216,
    0.236465198318));
#3052 = CARTESIAN_POINT('',(13.322464452349,56.69172378707,
    0.305256973982));
#3053 = CARTESIAN_POINT('',(13.545833435846,57.046108465395,
    0.366029560335));
#3054 = CARTESIAN_POINT('',(13.710648227901,57.416577439992,
    0.414310086938));
#3055 = CARTESIAN_POINT('',(13.81987171867,57.79699715634,0.447489442963
    ));
#3056 = CARTESIAN_POINT('',(13.875,58.183175595141,0.464239211415));
#3057 = CARTESIAN_POINT('',(13.875,58.571428571429,0.464239211415));
#3058 = CYLINDRICAL_SURFACE('',#3059,3.125);
#3059 = AXIS2_PLACEMENT_3D('',#3060,#3061,#3062);
#3060 = CARTESIAN_POINT('',(10.75,58.571428571429,0.));
#3061 = DIRECTION('',(-0.,-0.,-1.));
#3062 = DIRECTION('',(1.,0.,0.));
#3063 = ADVANCED_FACE('',(#3064),#3135,.F.);
#3064 = FACE_BOUND('',#3065,.T.);
#3065 = EDGE_LOOP('',(#3066,#3067));
#3066 = ORIENTED_EDGE('',*,*,#2335,.F.);
#3067 = ORIENTED_EDGE('',*,*,#3068,.T.);
#3068 = EDGE_CURVE('',#2336,#2327,#3069,.T.);
#3069 = B_SPLINE_CURVE_WITH_KNOTS('',8,(#3070,#3071,#3072,#3073,#3074,
    #3075,#3076,#3077,#3078,#3079,#3080,#3081,#3082,#3083,#3084,#3085,
    #3086,#3087,#3088,#3089,#3090,#3091,#3092,#3093,#3094,#3095,#3096,
    #3097,#3098,#3099,#3100,#3101,#3102,#3103,#3104,#3105,#3106,#3107,
    #3108,#3109,#3110,#3111,#3112,#3113,#3114,#3115,#3116,#3117,#3118,
    #3119,#3120,#3121,#3122,#3123,#3124,#3125,#3126,#3127,#3128,#3129,
    #3130,#3131,#3132,#3133,#3134),.UNSPECIFIED.,.T.,.F.,(9,7,7,7,7,7,7,
    7,7,9),(0.,0.11163853473,0.213141583041,0.297895874578,
    0.399424077917,0.501342209405,0.606717941592,0.696827032864,
    0.797003915305,1.),.UNSPECIFIED.);
#3070 = CARTESIAN_POINT('',(13.875,58.571428571429,0.464239211415));
#3071 = CARTESIAN_POINT('',(13.875,58.82181062893,0.464239211415));
#3072 = CARTESIAN_POINT('',(13.852073248522,59.071942379221,
    0.457273639121));
#3073 = CARTESIAN_POINT('',(13.806298107559,59.320513406489,
    0.443366368675));
#3074 = CARTESIAN_POINT('',(13.737489617224,59.566157341975,
    0.42277361575));
#3075 = CARTESIAN_POINT('',(13.645238622475,59.807359161873,
    0.395991242066));
#3076 = CARTESIAN_POINT('',(13.528946986962,60.042339852414,
    0.36378888596));
#3077 = CARTESIAN_POINT('',(13.387869636911,60.268906987832,
    0.327261326611));
#3078 = CARTESIAN_POINT('',(13.069612736649,60.680061006933,
    0.252088340937));
#3079 = CARTESIAN_POINT('',(12.89552507662,60.868334042717,
    0.213617918539));
#3080 = CARTESIAN_POINT('',(12.698367650043,61.045721045048,
    0.173688581137));
#3081 = CARTESIAN_POINT('',(12.478011046331,61.208612017949,
    0.133913932724));
#3082 = CARTESIAN_POINT('',(12.234761180606,61.353130082989,
    9.625270713125E-02));
#3083 = CARTESIAN_POINT('',(11.969420508098,61.475090333468,
    6.292606027717E-02));
#3084 = CARTESIAN_POINT('',(11.683420657371,61.569911496101,
    3.626204913434E-02));
#3085 = CARTESIAN_POINT('',(11.124917212552,61.684686871689,
    3.523996994942E-03));
#3086 = CARTESIAN_POINT('',(10.862100206621,61.713564855293,
    -4.979537738438E-03));
#3087 = CARTESIAN_POINT('',(10.595343872007,61.716830530798,
    -6.027127200993E-03));
#3088 = CARTESIAN_POINT('',(10.329687607453,61.693793588738,
    8.007337361906E-04));
#3089 = CARTESIAN_POINT('',(10.070186591949,61.645255927769,
    1.509384668934E-02));
#3090 = CARTESIAN_POINT('',(9.821635070513,61.573496329836,
    3.566187162778E-02));
#3091 = CARTESIAN_POINT('',(9.588312843895,61.482306892183,
    6.076339057391E-02));
#3092 = CARTESIAN_POINT('',(9.116762712646,61.251000509986,
    0.121632843215));
#3093 = CARTESIAN_POINT('',(8.882775037017,61.102844867318,
    0.159035331958));
#3094 = CARTESIAN_POINT('',(8.67188941065,60.937103284428,0.19848659599)
  );
#3095 = CARTESIAN_POINT('',(8.483703311487,60.757363972702,
    0.238105226665));
#3096 = CARTESIAN_POINT('',(8.317567246106,60.566496274013,
    0.276374558389));
#3097 = CARTESIAN_POINT('',(8.172747633809,60.366788266205,
    0.312114028757));
#3098 = CARTESIAN_POINT('',(8.048540149743,60.160044315977,
    0.344412014189));
#3099 = CARTESIAN_POINT('',(7.839781367878,59.734460594278,
    0.400852025501));
#3100 = CARTESIAN_POINT('',(7.753673540368,59.512089299976,
    0.425424420622));
#3101 = CARTESIAN_POINT('',(7.68703234939,59.282507027448,0.445242214077
    ));
#3102 = CARTESIAN_POINT('',(7.640546198215,59.047742394358,
    0.459441401264));
#3103 = CARTESIAN_POINT('',(7.614639831012,58.809857962418,
    0.467437729981));
#3104 = CARTESIAN_POINT('',(7.60949737528,58.570927298359,0.468977850315
    ));
#3105 = CARTESIAN_POINT('',(7.625065470993,58.33302315419,0.464150761679
    ));
#3106 = CARTESIAN_POINT('',(7.69822782857,57.855444507856,0.442202257759
    ));
#3107 = CARTESIAN_POINT('',(7.757371799936,57.61505406991,0.424626606802
    ));
#3108 = CARTESIAN_POINT('',(7.838602802609,57.378193761457,
    0.400937066264));
#3109 = CARTESIAN_POINT('',(7.942336823666,57.146197790915,
    0.371639885243));
#3110 = CARTESIAN_POINT('',(8.069213971677,56.920683754554,
    0.337468921174));
#3111 = CARTESIAN_POINT('',(8.220036533838,56.703680105921,
    0.299447554191));
#3112 = CARTESIAN_POINT('',(8.395682984761,56.49779665074,0.258960752105
    ));
#3113 = CARTESIAN_POINT('',(8.769110467272,56.142827359299,
    0.182623585124));
#3114 = CARTESIAN_POINT('',(8.95549420089,55.994115744154,0.147871870039
    ));
#3115 = CARTESIAN_POINT('',(9.154582508074,55.861809808849,
    0.114798565112));
#3116 = CARTESIAN_POINT('',(9.364661922963,55.747171663085,
    8.459931662218E-02));
#3117 = CARTESIAN_POINT('',(9.583891409803,55.651234184244,
    5.833231156175E-02));
#3118 = CARTESIAN_POINT('',(9.810334633525,55.574799746893,
    3.685186559779E-02));
#3119 = CARTESIAN_POINT('',(10.041985675622,55.518435480862,
    2.076633776991E-02));
#3120 = CARTESIAN_POINT('',(10.537824946182,55.442475698548,
    -1.081537490512E-03));
#3121 = CARTESIAN_POINT('',(10.804458244806,55.427430966423,
    -5.564562982591E-03));
#3122 = CARTESIAN_POINT('',(11.072084781686,55.438637359739,
    -2.313262161352E-03));
#3123 = CARTESIAN_POINT('',(11.335934906272,55.476009942669,
    8.721509616842E-03));
#3124 = CARTESIAN_POINT('',(11.591333947104,55.538141641731,
    2.68084783152E-02));
#3125 = CARTESIAN_POINT('',(11.833951649511,55.622312744453,
    5.05392128503E-02));
#3126 = CARTESIAN_POINT('',(12.060028615809,55.724456334317,
    7.808123810029E-02));
#3127 = CARTESIAN_POINT('',(12.685096478682,56.071397301396,
    0.167154248569));
#3128 = CARTESIAN_POINT('',(13.036796417333,56.36244330216,
    0.236465198318));
#3129 = CARTESIAN_POINT('',(13.322464452349,56.69172378707,
    0.305256973982));
#3130 = CARTESIAN_POINT('',(13.545833435846,57.046108465395,
    0.366029560335));
#3131 = CARTESIAN_POINT('',(13.710648227901,57.416577439992,
    0.414310086938));
#3132 = CARTESIAN_POINT('',(13.81987171867,57.79699715634,0.447489442963
    ));
#3133 = CARTESIAN_POINT('',(13.875,58.183175595141,0.464239211415));
#3134 = CARTESIAN_POINT('',(13.875,58.571428571429,0.464239211415));
#3135 = CYLINDRICAL_SURFACE('',#3136,3.125);
#3136 = AXIS2_PLACEMENT_3D('',#3137,#3138,#3139);
#3137 = CARTESIAN_POINT('',(10.75,58.571428571429,0.));
#3138 = DIRECTION('',(-0.,-0.,-1.));
#3139 = DIRECTION('',(1.,0.,0.));
#3140 = ADVANCED_FACE('',(#3141),#3184,.F.);
#3141 = FACE_BOUND('',#3142,.T.);
#3142 = EDGE_LOOP('',(#3143,#3144));
#3143 = ORIENTED_EDGE('',*,*,#2377,.F.);
#3144 = ORIENTED_EDGE('',*,*,#3145,.T.);
#3145 = EDGE_CURVE('',#2378,#2369,#3146,.T.);
#3146 = B_SPLINE_CURVE_WITH_KNOTS('',8,(#3147,#3148,#3149,#3150,#3151,
    #3152,#3153,#3154,#3155,#3156,#3157,#3158,#3159,#3160,#3161,#3162,
    #3163,#3164,#3165,#3166,#3167,#3168,#3169,#3170,#3171,#3172,#3173,
    #3174,#3175,#3176,#3177,#3178,#3179,#3180,#3181,#3182,#3183),
  .UNSPECIFIED.,.F.,.F.,(9,7,7,7,7,9),(0.,0.146784500495,0.373213730108,
    0.501933912227,0.727858814627,1.),.UNSPECIFIED.);
#3147 = CARTESIAN_POINT('',(32.25,61.696428571429,-1.33226762955E-14));
#3148 = CARTESIAN_POINT('',(32.031933612181,61.696428571429,
    -1.33226762955E-14));
#3149 = CARTESIAN_POINT('',(31.815534700515,61.679037585986,
    5.055128425142E-03));
#3150 = CARTESIAN_POINT('',(31.602962660541,61.644721887007,
    1.503158366075E-02));
#3151 = CARTESIAN_POINT('',(31.396303927081,61.594363075663,
    2.952610641087E-02));
#3152 = CARTESIAN_POINT('',(31.197513194754,61.529251262805,
    4.789547426043E-02));
#3153 = CARTESIAN_POINT('',(31.008355180529,61.451084774953,
    6.931078115769E-02));
#3154 = CARTESIAN_POINT('',(30.830346928331,61.361976385875,
    9.2836501817E-02));
#3155 = CARTESIAN_POINT('',(30.409175325856,61.114047025563,
    0.155633136827));
#3156 = CARTESIAN_POINT('',(30.179889586698,60.941764296718,
    0.196993982135));
#3157 = CARTESIAN_POINT('',(29.976519246564,60.752497093392,
    0.239188626191));
#3158 = CARTESIAN_POINT('',(29.798302681363,60.550005183677,
    0.280220009769));
#3159 = CARTESIAN_POINT('',(29.64431551989,60.33719355555,0.318547893322
    ));
#3160 = CARTESIAN_POINT('',(29.513653619105,60.116304556659,
    0.353017555566));
#3161 = CARTESIAN_POINT('',(29.405559146544,59.889057720879,
    0.382760618787));
#3162 = CARTESIAN_POINT('',(29.270615777048,59.524699763642,
    0.420994541893));
#3163 = CARTESIAN_POINT('',(29.228852210536,59.391052472135,
    0.43311298251));
#3164 = CARTESIAN_POINT('',(29.194155713521,59.256118204729,
    0.443370361442));
#3165 = CARTESIAN_POINT('',(29.166462597994,59.120176697712,
    0.451670617306));
#3166 = CARTESIAN_POINT('',(29.145724426217,58.983490108584,
    0.457942779957));
#3167 = CARTESIAN_POINT('',(29.131908775,58.846308293663,0.462140105517)
  );
#3168 = CARTESIAN_POINT('',(29.125,58.708874085688,0.464239211415));
#3169 = CARTESIAN_POINT('',(29.125,58.330189288799,0.464239211415));
#3170 = CARTESIAN_POINT('',(29.146283018932,58.089157522183,
    0.457773035133));
#3171 = CARTESIAN_POINT('',(29.188786391365,57.849519646708,
    0.444859785508));
#3172 = CARTESIAN_POINT('',(29.252667950667,57.612507644538,
    0.42572071253));
#3173 = CARTESIAN_POINT('',(29.338275482047,57.379475446132,
    0.400785236784));
#3174 = CARTESIAN_POINT('',(29.446119034392,57.151993945231,
    0.370717302473));
#3175 = CARTESIAN_POINT('',(29.576838850672,56.931972258429,
    0.336455528244));
#3176 = CARTESIAN_POINT('',(29.917053521124,56.468662114009,
    0.254456951945));
#3177 = CARTESIAN_POINT('',(30.142653342971,56.222385473723,
    0.204081114752));
#3178 = CARTESIAN_POINT('',(30.409139898332,55.99357907732,
    0.150771165454));
#3179 = CARTESIAN_POINT('',(30.715431629168,55.792299978645,
    9.862588319484E-02));
#3180 = CARTESIAN_POINT('',(31.058439701226,55.628053055918,
    5.279724416336E-02));
#3181 = CARTESIAN_POINT('',(31.433314685828,55.509874827291,
    1.844378787895E-02));
#3182 = CARTESIAN_POINT('',(31.833483062715,55.446428571429,
    -1.24344978758E-14));
#3183 = CARTESIAN_POINT('',(32.25,55.446428571429,-1.24344978758E-14));
#3184 = CYLINDRICAL_SURFACE('',#3185,3.125);
#3185 = AXIS2_PLACEMENT_3D('',#3186,#3187,#3188);
#3186 = CARTESIAN_POINT('',(32.25,58.571428571429,0.));
#3187 = DIRECTION('',(-0.,-0.,-1.));
#3188 = DIRECTION('',(1.,0.,0.));
#3189 = ADVANCED_FACE('',(#3190),#3233,.F.);
#3190 = FACE_BOUND('',#3191,.T.);
#3191 = EDGE_LOOP('',(#3192,#3193));
#3192 = ORIENTED_EDGE('',*,*,#2419,.F.);
#3193 = ORIENTED_EDGE('',*,*,#3194,.T.);
#3194 = EDGE_CURVE('',#2420,#2411,#3195,.T.);
#3195 = B_SPLINE_CURVE_WITH_KNOTS('',8,(#3196,#3197,#3198,#3199,#3200,
    #3201,#3202,#3203,#3204,#3205,#3206,#3207,#3208,#3209,#3210,#3211,
    #3212,#3213,#3214,#3215,#3216,#3217,#3218,#3219,#3220,#3221,#3222,
    #3223,#3224,#3225,#3226,#3227,#3228,#3229,#3230,#3231,#3232),
  .UNSPECIFIED.,.F.,.F.,(9,7,7,7,7,9),(0.,0.146784500478,0.373213730096,
    0.501933912217,0.727858814621,1.),.UNSPECIFIED.);
#3196 = CARTESIAN_POINT('',(53.75,61.696428571429,-1.33226762955E-14));
#3197 = CARTESIAN_POINT('',(53.531933612156,61.696428571429,
    -1.33226762955E-14));
#3198 = CARTESIAN_POINT('',(53.315534700505,61.679037585982,
    5.055128426309E-03));
#3199 = CARTESIAN_POINT('',(53.102962660553,61.644721887006,
    1.503158366089E-02));
#3200 = CARTESIAN_POINT('',(52.896303927103,61.594363075669,
    2.952610640913E-02));
#3201 = CARTESIAN_POINT('',(52.697513194766,61.529251262813,
    4.789547425843E-02));
#3202 = CARTESIAN_POINT('',(52.508355180521,61.451084774952,
    6.931078115808E-02));
#3203 = CARTESIAN_POINT('',(52.33034692831,61.361976385862,
    9.283650182019E-02));
#3204 = CARTESIAN_POINT('',(51.909175325856,61.114047025563,
    0.155633136827));
#3205 = CARTESIAN_POINT('',(51.679889586698,60.941764296718,
    0.196993982135));
#3206 = CARTESIAN_POINT('',(51.476519246564,60.752497093392,
    0.239188626191));
#3207 = CARTESIAN_POINT('',(51.298302681363,60.550005183677,
    0.280220009769));
#3208 = CARTESIAN_POINT('',(51.14431551989,60.337193555549,
    0.318547893322));
#3209 = CARTESIAN_POINT('',(51.013653619105,60.116304556659,
    0.353017555566));
#3210 = CARTESIAN_POINT('',(50.905559146544,59.889057720879,
    0.382760618787));
#3211 = CARTESIAN_POINT('',(50.770615777048,59.524699763642,
    0.420994541893));
#3212 = CARTESIAN_POINT('',(50.728852210536,59.391052472135,
    0.43311298251));
#3213 = CARTESIAN_POINT('',(50.694155713521,59.256118204729,
    0.443370361442));
#3214 = CARTESIAN_POINT('',(50.666462597994,59.120176697712,
    0.451670617306));
#3215 = CARTESIAN_POINT('',(50.645724426217,58.983490108584,
    0.457942779957));
#3216 = CARTESIAN_POINT('',(50.631908775,58.846308293663,0.462140105517)
  );
#3217 = CARTESIAN_POINT('',(50.625,58.708874085688,0.464239211415));
#3218 = CARTESIAN_POINT('',(50.625,58.330189288799,0.464239211415));
#3219 = CARTESIAN_POINT('',(50.646283018932,58.089157522183,
    0.457773035133));
#3220 = CARTESIAN_POINT('',(50.688786391365,57.849519646707,
    0.444859785508));
#3221 = CARTESIAN_POINT('',(50.752667950667,57.612507644538,
    0.42572071253));
#3222 = CARTESIAN_POINT('',(50.838275482047,57.379475446133,
    0.400785236784));
#3223 = CARTESIAN_POINT('',(50.946119034392,57.151993945231,
    0.370717302473));
#3224 = CARTESIAN_POINT('',(51.076838850672,56.931972258429,
    0.336455528244));
#3225 = CARTESIAN_POINT('',(51.417053521125,56.468662114008,
    0.254456951945));
#3226 = CARTESIAN_POINT('',(51.642653342969,56.222385473726,
    0.204081114753));
#3227 = CARTESIAN_POINT('',(51.909139898336,55.993579077317,
    0.150771165453));
#3228 = CARTESIAN_POINT('',(52.215431629163,55.792299978647,
    9.862588319519E-02));
#3229 = CARTESIAN_POINT('',(52.55843970123,55.628053055917,
    5.279724416322E-02));
#3230 = CARTESIAN_POINT('',(52.933314685826,55.509874827292,
    1.844378787898E-02));
#3231 = CARTESIAN_POINT('',(53.333483062716,55.446428571429,
    -1.24344978758E-14));
#3232 = CARTESIAN_POINT('',(53.75,55.446428571429,-1.24344978758E-14));
#3233 = CYLINDRICAL_SURFACE('',#3234,3.125);
#3234 = AXIS2_PLACEMENT_3D('',#3235,#3236,#3237);
#3235 = CARTESIAN_POINT('',(53.75,58.571428571429,0.));
#3236 = DIRECTION('',(-0.,-0.,-1.));
#3237 = DIRECTION('',(1.,0.,0.));
#3238 = ADVANCED_FACE('',(#3239),#3282,.F.);
#3239 = FACE_BOUND('',#3240,.T.);
#3240 = EDGE_LOOP('',(#3241,#3242));
#3241 = ORIENTED_EDGE('',*,*,#2461,.F.);
#3242 = ORIENTED_EDGE('',*,*,#3243,.T.);
#3243 = EDGE_CURVE('',#2462,#2453,#3244,.T.);
#3244 = B_SPLINE_CURVE_WITH_KNOTS('',8,(#3245,#3246,#3247,#3248,#3249,
    #3250,#3251,#3252,#3253,#3254,#3255,#3256,#3257,#3258,#3259,#3260,
    #3261,#3262,#3263,#3264,#3265,#3266,#3267,#3268,#3269,#3270,#3271,
    #3272,#3273,#3274,#3275,#3276,#3277,#3278,#3279,#3280,#3281),
  .UNSPECIFIED.,.F.,.F.,(9,7,7,7,7,9),(0.,0.146784501993,0.373213733917,
    0.501933911759,0.72785881437,1.),.UNSPECIFIED.);
#3245 = CARTESIAN_POINT('',(75.25,61.696428571429,-1.33226762955E-14));
#3246 = CARTESIAN_POINT('',(75.031933612181,61.696428571429,
    -1.33226762955E-14));
#3247 = CARTESIAN_POINT('',(74.815534700515,61.679037585986,
    5.055128425143E-03));
#3248 = CARTESIAN_POINT('',(74.602962660541,61.644721887007,
    1.503158366075E-02));
#3249 = CARTESIAN_POINT('',(74.396303927081,61.594363075663,
    2.952610641087E-02));
#3250 = CARTESIAN_POINT('',(74.197513194754,61.529251262805,
    4.789547426044E-02));
#3251 = CARTESIAN_POINT('',(74.008355180529,61.451084774953,
    6.931078115769E-02));
#3252 = CARTESIAN_POINT('',(73.830346928331,61.361976385875,
    9.283650181699E-02));
#3253 = CARTESIAN_POINT('',(73.409175325856,61.114047025563,
    0.155633136827));
#3254 = CARTESIAN_POINT('',(73.179889586698,60.941764296718,
    0.196993982135));
#3255 = CARTESIAN_POINT('',(72.976519246564,60.752497093392,
    0.239188626191));
#3256 = CARTESIAN_POINT('',(72.798302681363,60.550005183677,
    0.280220009769));
#3257 = CARTESIAN_POINT('',(72.64431551989,60.33719355555,0.318547893322
    ));
#3258 = CARTESIAN_POINT('',(72.513653619105,60.116304556659,
    0.353017555566));
#3259 = CARTESIAN_POINT('',(72.405559146544,59.889057720879,
    0.382760618787));
#3260 = CARTESIAN_POINT('',(72.270615779173,59.524699769379,
    0.420994541291));
#3261 = CARTESIAN_POINT('',(72.228852210381,59.391052469016,
    0.433112982557));
#3262 = CARTESIAN_POINT('',(72.19415571198,59.256118198946,
    0.443370361881));
#3263 = CARTESIAN_POINT('',(72.166462597099,59.12017669734,0.45167061756
    ));
#3264 = CARTESIAN_POINT('',(72.145724426771,58.983490113994,
    0.457942779797));
#3265 = CARTESIAN_POINT('',(72.131908776029,58.846308297264,
    0.462140105223));
#3266 = CARTESIAN_POINT('',(72.125,58.708874080991,0.464239211415));
#3267 = CARTESIAN_POINT('',(72.125,58.330189288799,0.464239211415));
#3268 = CARTESIAN_POINT('',(72.146283018932,58.089157522183,
    0.457773035133));
#3269 = CARTESIAN_POINT('',(72.188786391365,57.849519646708,
    0.444859785508));
#3270 = CARTESIAN_POINT('',(72.252667950667,57.612507644538,
    0.42572071253));
#3271 = CARTESIAN_POINT('',(72.338275482047,57.379475446132,
    0.400785236784));
#3272 = CARTESIAN_POINT('',(72.446119034392,57.151993945231,
    0.370717302473));
#3273 = CARTESIAN_POINT('',(72.576838850672,56.931972258429,
    0.336455528244));
#3274 = CARTESIAN_POINT('',(72.917053521125,56.468662114008,
    0.254456951945));
#3275 = CARTESIAN_POINT('',(73.142653342968,56.222385473726,
    0.204081114753));
#3276 = CARTESIAN_POINT('',(73.409139898338,55.993579077316,
    0.150771165453));
#3277 = CARTESIAN_POINT('',(73.715431629159,55.792299978648,
    9.862588319544E-02));
#3278 = CARTESIAN_POINT('',(74.058439701233,55.628053055916,
    5.279724416306E-02));
#3279 = CARTESIAN_POINT('',(74.433314685825,55.509874827292,
    1.844378787903E-02));
#3280 = CARTESIAN_POINT('',(74.833483062716,55.446428571429,
    -1.24344978758E-14));
#3281 = CARTESIAN_POINT('',(75.25,55.446428571429,-1.24344978758E-14));
#3282 = CYLINDRICAL_SURFACE('',#3283,3.125);
#3283 = AXIS2_PLACEMENT_3D('',#3284,#3285,#3286);
#3284 = CARTESIAN_POINT('',(75.25,58.571428571429,0.));
#3285 = DIRECTION('',(-0.,-0.,-1.));
#3286 = DIRECTION('',(1.,0.,0.));
#3287 = ADVANCED_FACE('',(#3288,#3333,#3338),#3343,.F.);
#3288 = FACE_BOUND('',#3289,.F.);
#3289 = EDGE_LOOP('',(#3290,#3299,#3308,#3316,#3325,#3332));
#3290 = ORIENTED_EDGE('',*,*,#3291,.T.);
#3291 = EDGE_CURVE('',#2526,#3292,#3294,.T.);
#3292 = VERTEX_POINT('',#3293);
#3293 = CARTESIAN_POINT('',(10.75,78.,0.));
#3294 = CIRCLE('',#3295,10.75);
#3295 = AXIS2_PLACEMENT_3D('',#3296,#3297,#3298);
#3296 = CARTESIAN_POINT('',(10.75,78.,10.75));
#3297 = DIRECTION('',(0.,-1.,2.22044604925E-16));
#3298 = DIRECTION('',(1.,0.,0.));
#3299 = ORIENTED_EDGE('',*,*,#3300,.T.);
#3300 = EDGE_CURVE('',#3292,#3301,#3303,.T.);
#3301 = VERTEX_POINT('',#3302);
#3302 = CARTESIAN_POINT('',(20.059773090683,78.,5.375));
#3303 = CIRCLE('',#3304,10.75);
#3304 = AXIS2_PLACEMENT_3D('',#3305,#3306,#3307);
#3305 = CARTESIAN_POINT('',(10.75,78.,10.75));
#3306 = DIRECTION('',(0.,-1.,2.22044604925E-16));
#3307 = DIRECTION('',(1.,0.,0.));
#3308 = ORIENTED_EDGE('',*,*,#3309,.F.);
#3309 = EDGE_CURVE('',#3310,#3301,#3312,.T.);
#3310 = VERTEX_POINT('',#3311);
#3311 = CARTESIAN_POINT('',(20.059773090683,4.,5.375));
#3312 = LINE('',#3313,#3314);
#3313 = CARTESIAN_POINT('',(20.059773090683,1.193489751472E-15,5.375));
#3314 = VECTOR('',#3315,1.);
#3315 = DIRECTION('',(0.,1.,-2.22044604925E-16));
#3316 = ORIENTED_EDGE('',*,*,#3317,.F.);
#3317 = EDGE_CURVE('',#3318,#3310,#3320,.T.);
#3318 = VERTEX_POINT('',#3319);
#3319 = CARTESIAN_POINT('',(10.75,4.,0.));
#3320 = CIRCLE('',#3321,10.75);
#3321 = AXIS2_PLACEMENT_3D('',#3322,#3323,#3324);
#3322 = CARTESIAN_POINT('',(10.75,4.,10.75));
#3323 = DIRECTION('',(0.,-1.,2.22044604925E-16));
#3324 = DIRECTION('',(1.,0.,0.));
#3325 = ORIENTED_EDGE('',*,*,#3326,.F.);
#3326 = EDGE_CURVE('',#2517,#3318,#3327,.T.);
#3327 = CIRCLE('',#3328,10.75);
#3328 = AXIS2_PLACEMENT_3D('',#3329,#3330,#3331);
#3329 = CARTESIAN_POINT('',(10.75,4.,10.75));
#3330 = DIRECTION('',(0.,-1.,2.22044604925E-16));
#3331 = DIRECTION('',(1.,0.,0.));
#3332 = ORIENTED_EDGE('',*,*,#2533,.T.);
#3333 = FACE_BOUND('',#3334,.F.);
#3334 = EDGE_LOOP('',(#3335,#3336,#3337));
#3335 = ORIENTED_EDGE('',*,*,#2919,.T.);
#3336 = ORIENTED_EDGE('',*,*,#3068,.T.);
#3337 = ORIENTED_EDGE('',*,*,#2991,.T.);
#3338 = FACE_BOUND('',#3339,.F.);
#3339 = EDGE_LOOP('',(#3340,#3341,#3342));
#3340 = ORIENTED_EDGE('',*,*,#2547,.T.);
#3341 = ORIENTED_EDGE('',*,*,#2696,.T.);
#3342 = ORIENTED_EDGE('',*,*,#2619,.T.);
#3343 = CYLINDRICAL_SURFACE('',#3344,10.75);
#3344 = AXIS2_PLACEMENT_3D('',#3345,#3346,#3347);
#3345 = CARTESIAN_POINT('',(10.75,2.386979502944E-15,10.75));
#3346 = DIRECTION('',(0.,-1.,2.22044604925E-16));
#3347 = DIRECTION('',(1.,0.,0.));
#3348 = ADVANCED_FACE('',(#3349),#3457,.T.);
#3349 = FACE_BOUND('',#3350,.T.);
#3350 = EDGE_LOOP('',(#3351,#3352,#3353,#3354,#3362,#3370,#3378,#3384,
    #3385,#3386,#3394,#3402,#3410,#3416,#3417,#3418,#3426,#3434,#3442,
    #3448,#3449,#3450,#3451,#3452,#3453,#3454,#3455,#3456));
#3351 = ORIENTED_EDGE('',*,*,#747,.F.);
#3352 = ORIENTED_EDGE('',*,*,#1317,.F.);
#3353 = ORIENTED_EDGE('',*,*,#1035,.T.);
#3354 = ORIENTED_EDGE('',*,*,#3355,.F.);
#3355 = EDGE_CURVE('',#3356,#1036,#3358,.T.);
#3356 = VERTEX_POINT('',#3357);
#3357 = CARTESIAN_POINT('',(30.75,-2.,3.));
#3358 = LINE('',#3359,#3360);
#3359 = CARTESIAN_POINT('',(30.75,-2.,4.));
#3360 = VECTOR('',#3361,1.);
#3361 = DIRECTION('',(0.,-2.22044604925E-16,-1.));
#3362 = ORIENTED_EDGE('',*,*,#3363,.T.);
#3363 = EDGE_CURVE('',#3356,#3364,#3366,.T.);
#3364 = VERTEX_POINT('',#3365);
#3365 = CARTESIAN_POINT('',(31.75,-2.,4.));
#3366 = LINE('',#3367,#3368);
#3367 = CARTESIAN_POINT('',(39.8125,-2.,12.0625));
#3368 = VECTOR('',#3369,1.);
#3369 = DIRECTION('',(0.707106781187,0.,0.707106781187));
#3370 = ORIENTED_EDGE('',*,*,#3371,.F.);
#3371 = EDGE_CURVE('',#3372,#3364,#3374,.T.);
#3372 = VERTEX_POINT('',#3373);
#3373 = CARTESIAN_POINT('',(32.75,-2.,4.));
#3374 = LINE('',#3375,#3376);
#3375 = CARTESIAN_POINT('',(33.75,-2.,4.));
#3376 = VECTOR('',#3377,1.);
#3377 = DIRECTION('',(-1.,0.,0.));
#3378 = ORIENTED_EDGE('',*,*,#3379,.F.);
#3379 = EDGE_CURVE('',#228,#3372,#3380,.T.);
#3380 = LINE('',#3381,#3382);
#3381 = CARTESIAN_POINT('',(40.8125,-2.,-4.0625));
#3382 = VECTOR('',#3383,1.);
#3383 = DIRECTION('',(-0.707106781187,0.,0.707106781187));
#3384 = ORIENTED_EDGE('',*,*,#227,.F.);
#3385 = ORIENTED_EDGE('',*,*,#1058,.T.);
#3386 = ORIENTED_EDGE('',*,*,#3387,.F.);
#3387 = EDGE_CURVE('',#3388,#1059,#3390,.T.);
#3388 = VERTEX_POINT('',#3389);
#3389 = CARTESIAN_POINT('',(52.25,-2.,3.));
#3390 = LINE('',#3391,#3392);
#3391 = CARTESIAN_POINT('',(52.25,-2.,4.));
#3392 = VECTOR('',#3393,1.);
#3393 = DIRECTION('',(0.,-2.22044604925E-16,-1.));
#3394 = ORIENTED_EDGE('',*,*,#3395,.T.);
#3395 = EDGE_CURVE('',#3388,#3396,#3398,.T.);
#3396 = VERTEX_POINT('',#3397);
#3397 = CARTESIAN_POINT('',(53.25,-2.,4.));
#3398 = LINE('',#3399,#3400);
#3399 = CARTESIAN_POINT('',(61.3125,-2.,12.0625));
#3400 = VECTOR('',#3401,1.);
#3401 = DIRECTION('',(0.707106781187,0.,0.707106781187));
#3402 = ORIENTED_EDGE('',*,*,#3403,.F.);
#3403 = EDGE_CURVE('',#3404,#3396,#3406,.T.);
#3404 = VERTEX_POINT('',#3405);
#3405 = CARTESIAN_POINT('',(54.25,-2.,4.));
#3406 = LINE('',#3407,#3408);
#3407 = CARTESIAN_POINT('',(55.25,-2.,4.));
#3408 = VECTOR('',#3409,1.);
#3409 = DIRECTION('',(-1.,0.,0.));
#3410 = ORIENTED_EDGE('',*,*,#3411,.F.);
#3411 = EDGE_CURVE('',#464,#3404,#3412,.T.);
#3412 = LINE('',#3413,#3414);
#3413 = CARTESIAN_POINT('',(62.3125,-2.,-4.0625));
#3414 = VECTOR('',#3415,1.);
#3415 = DIRECTION('',(-0.707106781187,0.,0.707106781187));
#3416 = ORIENTED_EDGE('',*,*,#463,.F.);
#3417 = ORIENTED_EDGE('',*,*,#1081,.T.);
#3418 = ORIENTED_EDGE('',*,*,#3419,.F.);
#3419 = EDGE_CURVE('',#3420,#1082,#3422,.T.);
#3420 = VERTEX_POINT('',#3421);
#3421 = CARTESIAN_POINT('',(73.75,-2.,3.));
#3422 = LINE('',#3423,#3424);
#3423 = CARTESIAN_POINT('',(73.75,-2.,4.));
#3424 = VECTOR('',#3425,1.);
#3425 = DIRECTION('',(0.,-2.22044604925E-16,-1.));
#3426 = ORIENTED_EDGE('',*,*,#3427,.T.);
#3427 = EDGE_CURVE('',#3420,#3428,#3430,.T.);
#3428 = VERTEX_POINT('',#3429);
#3429 = CARTESIAN_POINT('',(74.75,-2.,4.));
#3430 = LINE('',#3431,#3432);
#3431 = CARTESIAN_POINT('',(82.8125,-2.,12.0625));
#3432 = VECTOR('',#3433,1.);
#3433 = DIRECTION('',(0.707106781187,0.,0.707106781187));
#3434 = ORIENTED_EDGE('',*,*,#3435,.F.);
#3435 = EDGE_CURVE('',#3436,#3428,#3438,.T.);
#3436 = VERTEX_POINT('',#3437);
#3437 = CARTESIAN_POINT('',(75.75,-2.,4.));
#3438 = LINE('',#3439,#3440);
#3439 = CARTESIAN_POINT('',(76.75,-2.,4.));
#3440 = VECTOR('',#3441,1.);
#3441 = DIRECTION('',(-1.,0.,0.));
#3442 = ORIENTED_EDGE('',*,*,#3443,.F.);
#3443 = EDGE_CURVE('',#700,#3436,#3444,.T.);
#3444 = LINE('',#3445,#3446);
#3445 = CARTESIAN_POINT('',(83.8125,-2.,-4.0625));
#3446 = VECTOR('',#3447,1.);
#3447 = DIRECTION('',(-0.707106781187,0.,0.707106781187));
#3448 = ORIENTED_EDGE('',*,*,#699,.F.);
#3449 = ORIENTED_EDGE('',*,*,#879,.T.);
#3450 = ORIENTED_EDGE('',*,*,#1295,.F.);
#3451 = ORIENTED_EDGE('',*,*,#1231,.F.);
#3452 = ORIENTED_EDGE('',*,*,#1200,.T.);
#3453 = ORIENTED_EDGE('',*,*,#1012,.T.);
#3454 = ORIENTED_EDGE('',*,*,#840,.F.);
#3455 = ORIENTED_EDGE('',*,*,#816,.T.);
#3456 = ORIENTED_EDGE('',*,*,#778,.F.);
#3457 = PLANE('',#3458);
#3458 = AXIS2_PLACEMENT_3D('',#3459,#3460,#3461);
#3459 = CARTESIAN_POINT('',(43.,-2.,3.966871794445));
#3460 = DIRECTION('',(-0.,-1.,-0.));
#3461 = DIRECTION('',(0.,0.,-1.));
#3462 = ADVANCED_FACE('',(#3463),#3488,.T.);
#3463 = FACE_BOUND('',#3464,.T.);
#3464 = EDGE_LOOP('',(#3465,#3475,#3481,#3482));
#3465 = ORIENTED_EDGE('',*,*,#3466,.F.);
#3466 = EDGE_CURVE('',#3467,#3469,#3471,.T.);
#3467 = VERTEX_POINT('',#3468);
#3468 = CARTESIAN_POINT('',(32.75,8.881784197001E-16,4.));
#3469 = VERTEX_POINT('',#3470);
#3470 = CARTESIAN_POINT('',(31.75,8.881784197001E-16,4.));
#3471 = LINE('',#3472,#3473);
#3472 = CARTESIAN_POINT('',(33.75,8.881784197001E-16,4.));
#3473 = VECTOR('',#3474,1.);
#3474 = DIRECTION('',(-1.,0.,0.));
#3475 = ORIENTED_EDGE('',*,*,#3476,.T.);
#3476 = EDGE_CURVE('',#3467,#3372,#3477,.T.);
#3477 = LINE('',#3478,#3479);
#3478 = CARTESIAN_POINT('',(32.75,8.881784197001E-16,4.));
#3479 = VECTOR('',#3480,1.);
#3480 = DIRECTION('',(0.,-1.,2.22044604925E-16));
#3481 = ORIENTED_EDGE('',*,*,#3371,.T.);
#3482 = ORIENTED_EDGE('',*,*,#3483,.F.);
#3483 = EDGE_CURVE('',#3469,#3364,#3484,.T.);
#3484 = LINE('',#3485,#3486);
#3485 = CARTESIAN_POINT('',(31.75,8.881784197001E-16,4.));
#3486 = VECTOR('',#3487,1.);
#3487 = DIRECTION('',(0.,-1.,2.22044604925E-16));
#3488 = PLANE('',#3489);
#3489 = AXIS2_PLACEMENT_3D('',#3490,#3491,#3492);
#3490 = CARTESIAN_POINT('',(33.75,8.881784197001E-16,4.));
#3491 = DIRECTION('',(-0.,-2.22044604925E-16,-1.));
#3492 = DIRECTION('',(-1.,0.,0.));
#3493 = ADVANCED_FACE('',(#3494),#3505,.F.);
#3494 = FACE_BOUND('',#3495,.T.);
#3495 = EDGE_LOOP('',(#3496,#3502,#3503,#3504));
#3496 = ORIENTED_EDGE('',*,*,#3497,.F.);
#3497 = EDGE_CURVE('',#236,#3467,#3498,.T.);
#3498 = LINE('',#3499,#3500);
#3499 = CARTESIAN_POINT('',(39.621917040359,6.523182591996E-16,
    -2.871917040359));
#3500 = VECTOR('',#3501,1.);
#3501 = DIRECTION('',(-0.707106781187,0.,0.707106781187));
#3502 = ORIENTED_EDGE('',*,*,#235,.T.);
#3503 = ORIENTED_EDGE('',*,*,#3379,.T.);
#3504 = ORIENTED_EDGE('',*,*,#3476,.F.);
#3505 = PLANE('',#3506);
#3506 = AXIS2_PLACEMENT_3D('',#3507,#3508,#3509);
#3507 = CARTESIAN_POINT('',(33.25,7.771561172376E-16,3.5));
#3508 = DIRECTION('',(0.707106781187,1.121270291989E-16,0.707106781187)
  );
#3509 = DIRECTION('',(3.173651976171E-17,1.,-1.903080851633E-16));
#3510 = ADVANCED_FACE('',(#3511),#3529,.F.);
#3511 = FACE_BOUND('',#3512,.F.);
#3512 = EDGE_LOOP('',(#3513,#3521,#3527,#3528));
#3513 = ORIENTED_EDGE('',*,*,#3514,.F.);
#3514 = EDGE_CURVE('',#3515,#3469,#3517,.T.);
#3515 = VERTEX_POINT('',#3516);
#3516 = CARTESIAN_POINT('',(30.75,6.661338147751E-16,3.));
#3517 = LINE('',#3518,#3519);
#3518 = CARTESIAN_POINT('',(39.556894618834,6.523182591996E-16,
    11.806894618834));
#3519 = VECTOR('',#3520,1.);
#3520 = DIRECTION('',(0.707106781187,0.,0.707106781187));
#3521 = ORIENTED_EDGE('',*,*,#3522,.T.);
#3522 = EDGE_CURVE('',#3515,#3356,#3523,.T.);
#3523 = LINE('',#3524,#3525);
#3524 = CARTESIAN_POINT('',(30.75,6.661338147751E-16,3.));
#3525 = VECTOR('',#3526,1.);
#3526 = DIRECTION('',(0.,-1.,2.22044604925E-16));
#3527 = ORIENTED_EDGE('',*,*,#3363,.T.);
#3528 = ORIENTED_EDGE('',*,*,#3483,.F.);
#3529 = PLANE('',#3530);
#3530 = AXIS2_PLACEMENT_3D('',#3531,#3532,#3533);
#3531 = CARTESIAN_POINT('',(31.25,7.771561172376E-16,3.5));
#3532 = DIRECTION('',(-0.707106781187,1.541746651484E-16,0.707106781187)
  );
#3533 = DIRECTION('',(2.004351248903E-18,-1.,2.200402536761E-16));
#3534 = ADVANCED_FACE('',(#3535),#3560,.T.);
#3535 = FACE_BOUND('',#3536,.T.);
#3536 = EDGE_LOOP('',(#3537,#3547,#3553,#3554));
#3537 = ORIENTED_EDGE('',*,*,#3538,.F.);
#3538 = EDGE_CURVE('',#3539,#3541,#3543,.T.);
#3539 = VERTEX_POINT('',#3540);
#3540 = CARTESIAN_POINT('',(54.25,8.881784197001E-16,4.));
#3541 = VERTEX_POINT('',#3542);
#3542 = CARTESIAN_POINT('',(53.25,8.881784197001E-16,4.));
#3543 = LINE('',#3544,#3545);
#3544 = CARTESIAN_POINT('',(55.25,8.881784197001E-16,4.));
#3545 = VECTOR('',#3546,1.);
#3546 = DIRECTION('',(-1.,0.,0.));
#3547 = ORIENTED_EDGE('',*,*,#3548,.T.);
#3548 = EDGE_CURVE('',#3539,#3404,#3549,.T.);
#3549 = LINE('',#3550,#3551);
#3550 = CARTESIAN_POINT('',(54.25,8.881784197001E-16,4.));
#3551 = VECTOR('',#3552,1.);
#3552 = DIRECTION('',(0.,-1.,2.22044604925E-16));
#3553 = ORIENTED_EDGE('',*,*,#3403,.T.);
#3554 = ORIENTED_EDGE('',*,*,#3555,.F.);
#3555 = EDGE_CURVE('',#3541,#3396,#3556,.T.);
#3556 = LINE('',#3557,#3558);
#3557 = CARTESIAN_POINT('',(53.25,8.881784197001E-16,4.));
#3558 = VECTOR('',#3559,1.);
#3559 = DIRECTION('',(0.,-1.,2.22044604925E-16));
#3560 = PLANE('',#3561);
#3561 = AXIS2_PLACEMENT_3D('',#3562,#3563,#3564);
#3562 = CARTESIAN_POINT('',(55.25,8.881784197001E-16,4.));
#3563 = DIRECTION('',(-0.,-2.22044604925E-16,-1.));
#3564 = DIRECTION('',(-1.,0.,0.));
#3565 = ADVANCED_FACE('',(#3566),#3577,.F.);
#3566 = FACE_BOUND('',#3567,.T.);
#3567 = EDGE_LOOP('',(#3568,#3574,#3575,#3576));
#3568 = ORIENTED_EDGE('',*,*,#3569,.F.);
#3569 = EDGE_CURVE('',#472,#3539,#3570,.T.);
#3570 = LINE('',#3571,#3572);
#3571 = CARTESIAN_POINT('',(61.121917040359,6.523182591996E-16,
    -2.871917040359));
#3572 = VECTOR('',#3573,1.);
#3573 = DIRECTION('',(-0.707106781187,0.,0.707106781187));
#3574 = ORIENTED_EDGE('',*,*,#471,.T.);
#3575 = ORIENTED_EDGE('',*,*,#3411,.T.);
#3576 = ORIENTED_EDGE('',*,*,#3548,.F.);
#3577 = PLANE('',#3578);
#3578 = AXIS2_PLACEMENT_3D('',#3579,#3580,#3581);
#3579 = CARTESIAN_POINT('',(54.75,7.771561172376E-16,3.5));
#3580 = DIRECTION('',(0.707106781187,1.121270291989E-16,0.707106781187)
  );
#3581 = DIRECTION('',(3.173651976171E-17,1.,-1.903080851633E-16));
#3582 = ADVANCED_FACE('',(#3583),#3601,.F.);
#3583 = FACE_BOUND('',#3584,.F.);
#3584 = EDGE_LOOP('',(#3585,#3593,#3599,#3600));
#3585 = ORIENTED_EDGE('',*,*,#3586,.F.);
#3586 = EDGE_CURVE('',#3587,#3541,#3589,.T.);
#3587 = VERTEX_POINT('',#3588);
#3588 = CARTESIAN_POINT('',(52.25,6.661338147751E-16,3.));
#3589 = LINE('',#3590,#3591);
#3590 = CARTESIAN_POINT('',(61.056894618834,6.523182591996E-16,
    11.806894618834));
#3591 = VECTOR('',#3592,1.);
#3592 = DIRECTION('',(0.707106781187,0.,0.707106781187));
#3593 = ORIENTED_EDGE('',*,*,#3594,.T.);
#3594 = EDGE_CURVE('',#3587,#3388,#3595,.T.);
#3595 = LINE('',#3596,#3597);
#3596 = CARTESIAN_POINT('',(52.25,6.661338147751E-16,3.));
#3597 = VECTOR('',#3598,1.);
#3598 = DIRECTION('',(0.,-1.,2.22044604925E-16));
#3599 = ORIENTED_EDGE('',*,*,#3395,.T.);
#3600 = ORIENTED_EDGE('',*,*,#3555,.F.);
#3601 = PLANE('',#3602);
#3602 = AXIS2_PLACEMENT_3D('',#3603,#3604,#3605);
#3603 = CARTESIAN_POINT('',(52.75,7.771561172376E-16,3.5));
#3604 = DIRECTION('',(-0.707106781187,1.541746651484E-16,0.707106781187)
  );
#3605 = DIRECTION('',(2.004351248903E-18,-1.,2.200402536761E-16));
#3606 = ADVANCED_FACE('',(#3607),#3632,.T.);
#3607 = FACE_BOUND('',#3608,.T.);
#3608 = EDGE_LOOP('',(#3609,#3619,#3625,#3626));
#3609 = ORIENTED_EDGE('',*,*,#3610,.F.);
#3610 = EDGE_CURVE('',#3611,#3613,#3615,.T.);
#3611 = VERTEX_POINT('',#3612);
#3612 = CARTESIAN_POINT('',(75.75,8.881784197001E-16,4.));
#3613 = VERTEX_POINT('',#3614);
#3614 = CARTESIAN_POINT('',(74.75,8.881784197001E-16,4.));
#3615 = LINE('',#3616,#3617);
#3616 = CARTESIAN_POINT('',(76.75,8.881784197001E-16,4.));
#3617 = VECTOR('',#3618,1.);
#3618 = DIRECTION('',(-1.,0.,0.));
#3619 = ORIENTED_EDGE('',*,*,#3620,.T.);
#3620 = EDGE_CURVE('',#3611,#3436,#3621,.T.);
#3621 = LINE('',#3622,#3623);
#3622 = CARTESIAN_POINT('',(75.75,8.881784197001E-16,4.));
#3623 = VECTOR('',#3624,1.);
#3624 = DIRECTION('',(0.,-1.,2.22044604925E-16));
#3625 = ORIENTED_EDGE('',*,*,#3435,.T.);
#3626 = ORIENTED_EDGE('',*,*,#3627,.F.);
#3627 = EDGE_CURVE('',#3613,#3428,#3628,.T.);
#3628 = LINE('',#3629,#3630);
#3629 = CARTESIAN_POINT('',(74.75,8.881784197001E-16,4.));
#3630 = VECTOR('',#3631,1.);
#3631 = DIRECTION('',(0.,-1.,2.22044604925E-16));
#3632 = PLANE('',#3633);
#3633 = AXIS2_PLACEMENT_3D('',#3634,#3635,#3636);
#3634 = CARTESIAN_POINT('',(76.75,8.881784197001E-16,4.));
#3635 = DIRECTION('',(-0.,-2.22044604925E-16,-1.));
#3636 = DIRECTION('',(-1.,0.,0.));
#3637 = ADVANCED_FACE('',(#3638),#3649,.F.);
#3638 = FACE_BOUND('',#3639,.T.);
#3639 = EDGE_LOOP('',(#3640,#3646,#3647,#3648));
#3640 = ORIENTED_EDGE('',*,*,#3641,.F.);
#3641 = EDGE_CURVE('',#708,#3611,#3642,.T.);
#3642 = LINE('',#3643,#3644);
#3643 = CARTESIAN_POINT('',(82.621917040359,6.523182591996E-16,
    -2.871917040359));
#3644 = VECTOR('',#3645,1.);
#3645 = DIRECTION('',(-0.707106781187,0.,0.707106781187));
#3646 = ORIENTED_EDGE('',*,*,#707,.T.);
#3647 = ORIENTED_EDGE('',*,*,#3443,.T.);
#3648 = ORIENTED_EDGE('',*,*,#3620,.F.);
#3649 = PLANE('',#3650);
#3650 = AXIS2_PLACEMENT_3D('',#3651,#3652,#3653);
#3651 = CARTESIAN_POINT('',(76.25,7.771561172376E-16,3.5));
#3652 = DIRECTION('',(0.707106781187,1.121270291989E-16,0.707106781187)
  );
#3653 = DIRECTION('',(3.173651976171E-17,1.,-1.903080851633E-16));
#3654 = ADVANCED_FACE('',(#3655),#3673,.F.);
#3655 = FACE_BOUND('',#3656,.F.);
#3656 = EDGE_LOOP('',(#3657,#3665,#3671,#3672));
#3657 = ORIENTED_EDGE('',*,*,#3658,.F.);
#3658 = EDGE_CURVE('',#3659,#3613,#3661,.T.);
#3659 = VERTEX_POINT('',#3660);
#3660 = CARTESIAN_POINT('',(73.75,6.661338147751E-16,3.));
#3661 = LINE('',#3662,#3663);
#3662 = CARTESIAN_POINT('',(82.556894618834,6.523182591996E-16,
    11.806894618834));
#3663 = VECTOR('',#3664,1.);
#3664 = DIRECTION('',(0.707106781187,0.,0.707106781187));
#3665 = ORIENTED_EDGE('',*,*,#3666,.T.);
#3666 = EDGE_CURVE('',#3659,#3420,#3667,.T.);
#3667 = LINE('',#3668,#3669);
#3668 = CARTESIAN_POINT('',(73.75,6.661338147751E-16,3.));
#3669 = VECTOR('',#3670,1.);
#3670 = DIRECTION('',(0.,-1.,2.22044604925E-16));
#3671 = ORIENTED_EDGE('',*,*,#3427,.T.);
#3672 = ORIENTED_EDGE('',*,*,#3627,.F.);
#3673 = PLANE('',#3674);
#3674 = AXIS2_PLACEMENT_3D('',#3675,#3676,#3677);
#3675 = CARTESIAN_POINT('',(74.25,7.771561172376E-16,3.5));
#3676 = DIRECTION('',(-0.707106781187,1.541746651484E-16,0.707106781187)
  );
#3677 = DIRECTION('',(2.004351248903E-18,-1.,2.200402536761E-16));
#3678 = ADVANCED_FACE('',(#3679),#3720,.T.);
#3679 = FACE_BOUND('',#3680,.T.);
#3680 = EDGE_LOOP('',(#3681,#3689,#3690,#3698,#3706,#3714));
#3681 = ORIENTED_EDGE('',*,*,#3682,.F.);
#3682 = EDGE_CURVE('',#896,#3683,#3685,.T.);
#3683 = VERTEX_POINT('',#3684);
#3684 = CARTESIAN_POINT('',(76.75,84.,3.));
#3685 = LINE('',#3686,#3687);
#3686 = CARTESIAN_POINT('',(76.75,84.,-3.));
#3687 = VECTOR('',#3688,1.);
#3688 = DIRECTION('',(0.,2.22044604925E-16,1.));
#3689 = ORIENTED_EDGE('',*,*,#903,.F.);
#3690 = ORIENTED_EDGE('',*,*,#3691,.F.);
#3691 = EDGE_CURVE('',#3692,#904,#3694,.T.);
#3692 = VERTEX_POINT('',#3693);
#3693 = CARTESIAN_POINT('',(76.75,80.000000000035,0.));
#3694 = LINE('',#3695,#3696);
#3695 = CARTESIAN_POINT('',(76.75,80.000000000035,126.63724610082));
#3696 = VECTOR('',#3697,1.);
#3697 = DIRECTION('',(-0.,-0.,-1.));
#3698 = ORIENTED_EDGE('',*,*,#3699,.T.);
#3699 = EDGE_CURVE('',#3692,#3700,#3702,.T.);
#3700 = VERTEX_POINT('',#3701);
#3701 = CARTESIAN_POINT('',(76.75,82.,0.));
#3702 = LINE('',#3703,#3704);
#3703 = CARTESIAN_POINT('',(76.75,60.500000000018,0.));
#3704 = VECTOR('',#3705,1.);
#3705 = DIRECTION('',(0.,1.,0.));
#3706 = ORIENTED_EDGE('',*,*,#3707,.T.);
#3707 = EDGE_CURVE('',#3700,#3708,#3710,.T.);
#3708 = VERTEX_POINT('',#3709);
#3709 = CARTESIAN_POINT('',(76.75,82.,3.));
#3710 = LINE('',#3711,#3712);
#3711 = CARTESIAN_POINT('',(76.75,82.,-3.));
#3712 = VECTOR('',#3713,1.);
#3713 = DIRECTION('',(0.,2.22044604925E-16,1.));
#3714 = ORIENTED_EDGE('',*,*,#3715,.F.);
#3715 = EDGE_CURVE('',#3683,#3708,#3716,.T.);
#3716 = LINE('',#3717,#3718);
#3717 = CARTESIAN_POINT('',(76.75,84.,3.));
#3718 = VECTOR('',#3719,1.);
#3719 = DIRECTION('',(0.,-1.,2.22044604925E-16));
#3720 = PLANE('',#3721);
#3721 = AXIS2_PLACEMENT_3D('',#3722,#3723,#3724);
#3722 = CARTESIAN_POINT('',(76.75,82.300000000013,-0.299999999996));
#3723 = DIRECTION('',(-1.,-0.,-0.));
#3724 = DIRECTION('',(0.,0.,-1.));
#3725 = ADVANCED_FACE('',(#3726),#3751,.T.);
#3726 = FACE_BOUND('',#3727,.T.);
#3727 = EDGE_LOOP('',(#3728,#3736,#3737,#3745));
#3728 = ORIENTED_EDGE('',*,*,#3729,.F.);
#3729 = EDGE_CURVE('',#3700,#3730,#3732,.T.);
#3730 = VERTEX_POINT('',#3731);
#3731 = CARTESIAN_POINT('',(78.75,82.,0.));
#3732 = LINE('',#3733,#3734);
#3733 = CARTESIAN_POINT('',(71.75,82.,0.));
#3734 = VECTOR('',#3735,1.);
#3735 = DIRECTION('',(1.,0.,0.));
#3736 = ORIENTED_EDGE('',*,*,#3699,.F.);
#3737 = ORIENTED_EDGE('',*,*,#3738,.T.);
#3738 = EDGE_CURVE('',#3692,#3739,#3741,.T.);
#3739 = VERTEX_POINT('',#3740);
#3740 = CARTESIAN_POINT('',(78.75,80.,0.));
#3741 = LINE('',#3742,#3743);
#3742 = CARTESIAN_POINT('',(71.75,80.,0.));
#3743 = VECTOR('',#3744,1.);
#3744 = DIRECTION('',(1.,0.,0.));
#3745 = ORIENTED_EDGE('',*,*,#3746,.T.);
#3746 = EDGE_CURVE('',#3739,#3730,#3747,.T.);
#3747 = LINE('',#3748,#3749);
#3748 = CARTESIAN_POINT('',(78.75,80.,0.));
#3749 = VECTOR('',#3750,1.);
#3750 = DIRECTION('',(0.,1.,0.));
#3751 = PLANE('',#3752);
#3752 = AXIS2_PLACEMENT_3D('',#3753,#3754,#3755);
#3753 = CARTESIAN_POINT('',(75.25,41.,0.));
#3754 = DIRECTION('',(0.,0.,1.));
#3755 = DIRECTION('',(1.,0.,0.));
#3756 = ADVANCED_FACE('',(#3757),#3782,.T.);
#3757 = FACE_BOUND('',#3758,.T.);
#3758 = EDGE_LOOP('',(#3759,#3760,#3768,#3776));
#3759 = ORIENTED_EDGE('',*,*,#3746,.F.);
#3760 = ORIENTED_EDGE('',*,*,#3761,.T.);
#3761 = EDGE_CURVE('',#3739,#3762,#3764,.T.);
#3762 = VERTEX_POINT('',#3763);
#3763 = CARTESIAN_POINT('',(78.75,80.,10.5));
#3764 = LINE('',#3765,#3766);
#3765 = CARTESIAN_POINT('',(78.75,80.,0.));
#3766 = VECTOR('',#3767,1.);
#3767 = DIRECTION('',(0.,0.,1.));
#3768 = ORIENTED_EDGE('',*,*,#3769,.F.);
#3769 = EDGE_CURVE('',#3770,#3762,#3772,.T.);
#3770 = VERTEX_POINT('',#3771);
#3771 = CARTESIAN_POINT('',(78.75,82.,10.5));
#3772 = LINE('',#3773,#3774);
#3773 = CARTESIAN_POINT('',(78.75,60.5,10.5));
#3774 = VECTOR('',#3775,1.);
#3775 = DIRECTION('',(0.,-1.,0.));
#3776 = ORIENTED_EDGE('',*,*,#3777,.F.);
#3777 = EDGE_CURVE('',#3730,#3770,#3778,.T.);
#3778 = LINE('',#3779,#3780);
#3779 = CARTESIAN_POINT('',(78.75,82.,0.));
#3780 = VECTOR('',#3781,1.);
#3781 = DIRECTION('',(0.,0.,1.));
#3782 = PLANE('',#3783);
#3783 = AXIS2_PLACEMENT_3D('',#3784,#3785,#3786);
#3784 = CARTESIAN_POINT('',(78.75,80.,0.));
#3785 = DIRECTION('',(-1.,0.,0.));
#3786 = DIRECTION('',(0.,1.,0.));
#3787 = ADVANCED_FACE('',(#3788),#3822,.T.);
#3788 = FACE_BOUND('',#3789,.T.);
#3789 = EDGE_LOOP('',(#3790,#3800,#3808,#3816));
#3790 = ORIENTED_EDGE('',*,*,#3791,.F.);
#3791 = EDGE_CURVE('',#3792,#3794,#3796,.T.);
#3792 = VERTEX_POINT('',#3793);
#3793 = CARTESIAN_POINT('',(75.75,84.,4.));
#3794 = VERTEX_POINT('',#3795);
#3795 = CARTESIAN_POINT('',(74.75,84.,4.));
#3796 = LINE('',#3797,#3798);
#3797 = CARTESIAN_POINT('',(76.75,84.,4.));
#3798 = VECTOR('',#3799,1.);
#3799 = DIRECTION('',(-1.,0.,0.));
#3800 = ORIENTED_EDGE('',*,*,#3801,.T.);
#3801 = EDGE_CURVE('',#3792,#3802,#3804,.T.);
#3802 = VERTEX_POINT('',#3803);
#3803 = CARTESIAN_POINT('',(75.75,82.,4.));
#3804 = LINE('',#3805,#3806);
#3805 = CARTESIAN_POINT('',(75.75,84.,4.));
#3806 = VECTOR('',#3807,1.);
#3807 = DIRECTION('',(0.,-1.,2.22044604925E-16));
#3808 = ORIENTED_EDGE('',*,*,#3809,.T.);
#3809 = EDGE_CURVE('',#3802,#3810,#3812,.T.);
#3810 = VERTEX_POINT('',#3811);
#3811 = CARTESIAN_POINT('',(74.75,82.,4.));
#3812 = LINE('',#3813,#3814);
#3813 = CARTESIAN_POINT('',(76.75,82.,4.));
#3814 = VECTOR('',#3815,1.);
#3815 = DIRECTION('',(-1.,0.,0.));
#3816 = ORIENTED_EDGE('',*,*,#3817,.F.);
#3817 = EDGE_CURVE('',#3794,#3810,#3818,.T.);
#3818 = LINE('',#3819,#3820);
#3819 = CARTESIAN_POINT('',(74.75,84.,4.));
#3820 = VECTOR('',#3821,1.);
#3821 = DIRECTION('',(0.,-1.,2.22044604925E-16));
#3822 = PLANE('',#3823);
#3823 = AXIS2_PLACEMENT_3D('',#3824,#3825,#3826);
#3824 = CARTESIAN_POINT('',(76.75,84.,4.));
#3825 = DIRECTION('',(-0.,-2.22044604925E-16,-1.));
#3826 = DIRECTION('',(-1.,0.,0.));
#3827 = ADVANCED_FACE('',(#3828),#3844,.F.);
#3828 = FACE_BOUND('',#3829,.F.);
#3829 = EDGE_LOOP('',(#3830,#3836,#3837,#3843));
#3830 = ORIENTED_EDGE('',*,*,#3831,.F.);
#3831 = EDGE_CURVE('',#3792,#3683,#3832,.T.);
#3832 = LINE('',#3833,#3834);
#3833 = CARTESIAN_POINT('',(83.8125,84.,-4.0625));
#3834 = VECTOR('',#3835,1.);
#3835 = DIRECTION('',(0.707106781187,0.,-0.707106781187));
#3836 = ORIENTED_EDGE('',*,*,#3801,.T.);
#3837 = ORIENTED_EDGE('',*,*,#3838,.T.);
#3838 = EDGE_CURVE('',#3802,#3708,#3839,.T.);
#3839 = LINE('',#3840,#3841);
#3840 = CARTESIAN_POINT('',(82.621917040359,82.,-2.871917040359));
#3841 = VECTOR('',#3842,1.);
#3842 = DIRECTION('',(0.707106781187,0.,-0.707106781187));
#3843 = ORIENTED_EDGE('',*,*,#3715,.F.);
#3844 = PLANE('',#3845);
#3845 = AXIS2_PLACEMENT_3D('',#3846,#3847,#3848);
#3846 = CARTESIAN_POINT('',(76.25,84.,3.5));
#3847 = DIRECTION('',(0.707106781187,1.401587864986E-16,0.707106781187)
  );
#3848 = DIRECTION('',(-1.19150740865E-17,-1.,2.101295308385E-16));
#3849 = ADVANCED_FACE('',(#3850),#3866,.F.);
#3850 = FACE_BOUND('',#3851,.T.);
#3851 = EDGE_LOOP('',(#3852,#3858,#3859,#3865));
#3852 = ORIENTED_EDGE('',*,*,#3853,.F.);
#3853 = EDGE_CURVE('',#3794,#582,#3854,.T.);
#3854 = LINE('',#3855,#3856);
#3855 = CARTESIAN_POINT('',(82.8125,84.,12.0625));
#3856 = VECTOR('',#3857,1.);
#3857 = DIRECTION('',(-0.707106781187,0.,-0.707106781187));
#3858 = ORIENTED_EDGE('',*,*,#3817,.T.);
#3859 = ORIENTED_EDGE('',*,*,#3860,.T.);
#3860 = EDGE_CURVE('',#3810,#590,#3861,.T.);
#3861 = LINE('',#3862,#3863);
#3862 = CARTESIAN_POINT('',(82.556894618834,82.,11.806894618834));
#3863 = VECTOR('',#3864,1.);
#3864 = DIRECTION('',(-0.707106781187,0.,-0.707106781187));
#3865 = ORIENTED_EDGE('',*,*,#589,.F.);
#3866 = PLANE('',#3867);
#3867 = AXIS2_PLACEMENT_3D('',#3868,#3869,#3870);
#3868 = CARTESIAN_POINT('',(74.25,84.,3.5));
#3869 = DIRECTION('',(-0.707106781187,1.681905437983E-16,0.707106781187)
  );
#3870 = DIRECTION('',(7.906371588698E-18,1.,-2.299509765137E-16));
#3871 = ADVANCED_FACE('',(#3872),#3899,.T.);
#3872 = FACE_BOUND('',#3873,.T.);
#3873 = EDGE_LOOP('',(#3874,#3875,#3876,#3877,#3885,#3893));
#3874 = ORIENTED_EDGE('',*,*,#3666,.T.);
#3875 = ORIENTED_EDGE('',*,*,#3419,.T.);
#3876 = ORIENTED_EDGE('',*,*,#1089,.F.);
#3877 = ORIENTED_EDGE('',*,*,#3878,.F.);
#3878 = EDGE_CURVE('',#3879,#1090,#3881,.T.);
#3879 = VERTEX_POINT('',#3880);
#3880 = CARTESIAN_POINT('',(73.75,2.,0.));
#3881 = LINE('',#3882,#3883);
#3882 = CARTESIAN_POINT('',(73.75,2.,126.63724610082));
#3883 = VECTOR('',#3884,1.);
#3884 = DIRECTION('',(-0.,-0.,-1.));
#3885 = ORIENTED_EDGE('',*,*,#3886,.T.);
#3886 = EDGE_CURVE('',#3879,#3887,#3889,.T.);
#3887 = VERTEX_POINT('',#3888);
#3888 = CARTESIAN_POINT('',(73.75,0.,0.));
#3889 = LINE('',#3890,#3891);
#3890 = CARTESIAN_POINT('',(73.75,21.5,0.));
#3891 = VECTOR('',#3892,1.);
#3892 = DIRECTION('',(0.,-1.,0.));
#3893 = ORIENTED_EDGE('',*,*,#3894,.F.);
#3894 = EDGE_CURVE('',#3659,#3887,#3895,.T.);
#3895 = LINE('',#3896,#3897);
#3896 = CARTESIAN_POINT('',(73.75,8.881784197001E-16,4.));
#3897 = VECTOR('',#3898,1.);
#3898 = DIRECTION('',(0.,-2.22044604925E-16,-1.));
#3899 = PLANE('',#3900);
#3900 = AXIS2_PLACEMENT_3D('',#3901,#3902,#3903);
#3901 = CARTESIAN_POINT('',(73.75,-0.3,-0.3));
#3902 = DIRECTION('',(1.,0.,0.));
#3903 = DIRECTION('',(0.,0.,1.));
#3904 = ADVANCED_FACE('',(#3905),#3930,.T.);
#3905 = FACE_BOUND('',#3906,.T.);
#3906 = EDGE_LOOP('',(#3907,#3917,#3923,#3924));
#3907 = ORIENTED_EDGE('',*,*,#3908,.T.);
#3908 = EDGE_CURVE('',#3909,#3911,#3913,.T.);
#3909 = VERTEX_POINT('',#3910);
#3910 = CARTESIAN_POINT('',(71.75,2.,0.));
#3911 = VERTEX_POINT('',#3912);
#3912 = CARTESIAN_POINT('',(71.75,5.329070518201E-15,0.));
#3913 = LINE('',#3914,#3915);
#3914 = CARTESIAN_POINT('',(71.75,2.,0.));
#3915 = VECTOR('',#3916,1.);
#3916 = DIRECTION('',(0.,-1.,0.));
#3917 = ORIENTED_EDGE('',*,*,#3918,.T.);
#3918 = EDGE_CURVE('',#3911,#3887,#3919,.T.);
#3919 = LINE('',#3920,#3921);
#3920 = CARTESIAN_POINT('',(71.75,5.329070518201E-15,0.));
#3921 = VECTOR('',#3922,1.);
#3922 = DIRECTION('',(1.,0.,0.));
#3923 = ORIENTED_EDGE('',*,*,#3886,.F.);
#3924 = ORIENTED_EDGE('',*,*,#3925,.T.);
#3925 = EDGE_CURVE('',#3879,#3909,#3926,.T.);
#3926 = LINE('',#3927,#3928);
#3927 = CARTESIAN_POINT('',(78.75,2.,0.));
#3928 = VECTOR('',#3929,1.);
#3929 = DIRECTION('',(-1.,0.,0.));
#3930 = PLANE('',#3931);
#3931 = AXIS2_PLACEMENT_3D('',#3932,#3933,#3934);
#3932 = CARTESIAN_POINT('',(75.25,41.,0.));
#3933 = DIRECTION('',(0.,0.,1.));
#3934 = DIRECTION('',(1.,0.,0.));
#3935 = ADVANCED_FACE('',(#3936),#3961,.T.);
#3936 = FACE_BOUND('',#3937,.T.);
#3937 = EDGE_LOOP('',(#3938,#3939,#3947,#3955));
#3938 = ORIENTED_EDGE('',*,*,#3908,.F.);
#3939 = ORIENTED_EDGE('',*,*,#3940,.T.);
#3940 = EDGE_CURVE('',#3909,#3941,#3943,.T.);
#3941 = VERTEX_POINT('',#3942);
#3942 = CARTESIAN_POINT('',(71.75,2.,10.5));
#3943 = LINE('',#3944,#3945);
#3944 = CARTESIAN_POINT('',(71.75,2.,0.));
#3945 = VECTOR('',#3946,1.);
#3946 = DIRECTION('',(0.,0.,1.));
#3947 = ORIENTED_EDGE('',*,*,#3948,.F.);
#3948 = EDGE_CURVE('',#3949,#3941,#3951,.T.);
#3949 = VERTEX_POINT('',#3950);
#3950 = CARTESIAN_POINT('',(71.75,2.6645352591E-15,10.5));
#3951 = LINE('',#3952,#3953);
#3952 = CARTESIAN_POINT('',(71.75,21.5,10.5));
#3953 = VECTOR('',#3954,1.);
#3954 = DIRECTION('',(0.,1.,0.));
#3955 = ORIENTED_EDGE('',*,*,#3956,.F.);
#3956 = EDGE_CURVE('',#3911,#3949,#3957,.T.);
#3957 = LINE('',#3958,#3959);
#3958 = CARTESIAN_POINT('',(71.75,5.329070518201E-15,0.));
#3959 = VECTOR('',#3960,1.);
#3960 = DIRECTION('',(0.,0.,1.));
#3961 = PLANE('',#3962);
#3962 = AXIS2_PLACEMENT_3D('',#3963,#3964,#3965);
#3963 = CARTESIAN_POINT('',(71.75,2.,0.));
#3964 = DIRECTION('',(1.,0.,0.));
#3965 = DIRECTION('',(0.,-1.,0.));
#3966 = ADVANCED_FACE('',(#3967),#4008,.T.);
#3967 = FACE_BOUND('',#3968,.T.);
#3968 = EDGE_LOOP('',(#3969,#3977,#3978,#3986,#3994,#4002));
#3969 = ORIENTED_EDGE('',*,*,#3970,.F.);
#3970 = EDGE_CURVE('',#919,#3971,#3973,.T.);
#3971 = VERTEX_POINT('',#3972);
#3972 = CARTESIAN_POINT('',(55.25,84.,3.));
#3973 = LINE('',#3974,#3975);
#3974 = CARTESIAN_POINT('',(55.25,84.,-3.));
#3975 = VECTOR('',#3976,1.);
#3976 = DIRECTION('',(0.,2.22044604925E-16,1.));
#3977 = ORIENTED_EDGE('',*,*,#926,.F.);
#3978 = ORIENTED_EDGE('',*,*,#3979,.F.);
#3979 = EDGE_CURVE('',#3980,#927,#3982,.T.);
#3980 = VERTEX_POINT('',#3981);
#3981 = CARTESIAN_POINT('',(55.25,80.000000000035,0.));
#3982 = LINE('',#3983,#3984);
#3983 = CARTESIAN_POINT('',(55.25,80.000000000035,126.63724610082));
#3984 = VECTOR('',#3985,1.);
#3985 = DIRECTION('',(-0.,-0.,-1.));
#3986 = ORIENTED_EDGE('',*,*,#3987,.T.);
#3987 = EDGE_CURVE('',#3980,#3988,#3990,.T.);
#3988 = VERTEX_POINT('',#3989);
#3989 = CARTESIAN_POINT('',(55.25,82.,0.));
#3990 = LINE('',#3991,#3992);
#3991 = CARTESIAN_POINT('',(55.25,60.500000000018,0.));
#3992 = VECTOR('',#3993,1.);
#3993 = DIRECTION('',(0.,1.,0.));
#3994 = ORIENTED_EDGE('',*,*,#3995,.T.);
#3995 = EDGE_CURVE('',#3988,#3996,#3998,.T.);
#3996 = VERTEX_POINT('',#3997);
#3997 = CARTESIAN_POINT('',(55.25,82.,3.));
#3998 = LINE('',#3999,#4000);
#3999 = CARTESIAN_POINT('',(55.25,82.,-3.));
#4000 = VECTOR('',#4001,1.);
#4001 = DIRECTION('',(0.,2.22044604925E-16,1.));
#4002 = ORIENTED_EDGE('',*,*,#4003,.F.);
#4003 = EDGE_CURVE('',#3971,#3996,#4004,.T.);
#4004 = LINE('',#4005,#4006);
#4005 = CARTESIAN_POINT('',(55.25,84.,3.));
#4006 = VECTOR('',#4007,1.);
#4007 = DIRECTION('',(0.,-1.,2.22044604925E-16));
#4008 = PLANE('',#4009);
#4009 = AXIS2_PLACEMENT_3D('',#4010,#4011,#4012);
#4010 = CARTESIAN_POINT('',(55.25,82.300000000013,-0.299999999996));
#4011 = DIRECTION('',(-1.,-0.,-0.));
#4012 = DIRECTION('',(0.,0.,-1.));
#4013 = ADVANCED_FACE('',(#4014),#4039,.T.);
#4014 = FACE_BOUND('',#4015,.T.);
#4015 = EDGE_LOOP('',(#4016,#4024,#4025,#4033));
#4016 = ORIENTED_EDGE('',*,*,#4017,.F.);
#4017 = EDGE_CURVE('',#3988,#4018,#4020,.T.);
#4018 = VERTEX_POINT('',#4019);
#4019 = CARTESIAN_POINT('',(57.25,82.,0.));
#4020 = LINE('',#4021,#4022);
#4021 = CARTESIAN_POINT('',(50.25,82.,0.));
#4022 = VECTOR('',#4023,1.);
#4023 = DIRECTION('',(1.,0.,0.));
#4024 = ORIENTED_EDGE('',*,*,#3987,.F.);
#4025 = ORIENTED_EDGE('',*,*,#4026,.T.);
#4026 = EDGE_CURVE('',#3980,#4027,#4029,.T.);
#4027 = VERTEX_POINT('',#4028);
#4028 = CARTESIAN_POINT('',(57.25,80.,0.));
#4029 = LINE('',#4030,#4031);
#4030 = CARTESIAN_POINT('',(50.25,80.,0.));
#4031 = VECTOR('',#4032,1.);
#4032 = DIRECTION('',(1.,0.,0.));
#4033 = ORIENTED_EDGE('',*,*,#4034,.T.);
#4034 = EDGE_CURVE('',#4027,#4018,#4035,.T.);
#4035 = LINE('',#4036,#4037);
#4036 = CARTESIAN_POINT('',(57.25,80.,0.));
#4037 = VECTOR('',#4038,1.);
#4038 = DIRECTION('',(0.,1.,0.));
#4039 = PLANE('',#4040);
#4040 = AXIS2_PLACEMENT_3D('',#4041,#4042,#4043);
#4041 = CARTESIAN_POINT('',(53.75,41.,0.));
#4042 = DIRECTION('',(0.,0.,1.));
#4043 = DIRECTION('',(1.,0.,0.));
#4044 = ADVANCED_FACE('',(#4045),#4070,.T.);
#4045 = FACE_BOUND('',#4046,.T.);
#4046 = EDGE_LOOP('',(#4047,#4048,#4056,#4064));
#4047 = ORIENTED_EDGE('',*,*,#4034,.F.);
#4048 = ORIENTED_EDGE('',*,*,#4049,.T.);
#4049 = EDGE_CURVE('',#4027,#4050,#4052,.T.);
#4050 = VERTEX_POINT('',#4051);
#4051 = CARTESIAN_POINT('',(57.25,80.,10.5));
#4052 = LINE('',#4053,#4054);
#4053 = CARTESIAN_POINT('',(57.25,80.,0.));
#4054 = VECTOR('',#4055,1.);
#4055 = DIRECTION('',(0.,0.,1.));
#4056 = ORIENTED_EDGE('',*,*,#4057,.F.);
#4057 = EDGE_CURVE('',#4058,#4050,#4060,.T.);
#4058 = VERTEX_POINT('',#4059);
#4059 = CARTESIAN_POINT('',(57.25,82.,10.5));
#4060 = LINE('',#4061,#4062);
#4061 = CARTESIAN_POINT('',(57.25,60.5,10.5));
#4062 = VECTOR('',#4063,1.);
#4063 = DIRECTION('',(0.,-1.,0.));
#4064 = ORIENTED_EDGE('',*,*,#4065,.F.);
#4065 = EDGE_CURVE('',#4018,#4058,#4066,.T.);
#4066 = LINE('',#4067,#4068);
#4067 = CARTESIAN_POINT('',(57.25,82.,0.));
#4068 = VECTOR('',#4069,1.);
#4069 = DIRECTION('',(0.,0.,1.));
#4070 = PLANE('',#4071);
#4071 = AXIS2_PLACEMENT_3D('',#4072,#4073,#4074);
#4072 = CARTESIAN_POINT('',(57.25,80.,0.));
#4073 = DIRECTION('',(-1.,0.,0.));
#4074 = DIRECTION('',(0.,1.,0.));
#4075 = ADVANCED_FACE('',(#4076),#4110,.T.);
#4076 = FACE_BOUND('',#4077,.T.);
#4077 = EDGE_LOOP('',(#4078,#4088,#4096,#4104));
#4078 = ORIENTED_EDGE('',*,*,#4079,.F.);
#4079 = EDGE_CURVE('',#4080,#4082,#4084,.T.);
#4080 = VERTEX_POINT('',#4081);
#4081 = CARTESIAN_POINT('',(54.25,84.,4.));
#4082 = VERTEX_POINT('',#4083);
#4083 = CARTESIAN_POINT('',(53.25,84.,4.));
#4084 = LINE('',#4085,#4086);
#4085 = CARTESIAN_POINT('',(55.25,84.,4.));
#4086 = VECTOR('',#4087,1.);
#4087 = DIRECTION('',(-1.,0.,0.));
#4088 = ORIENTED_EDGE('',*,*,#4089,.T.);
#4089 = EDGE_CURVE('',#4080,#4090,#4092,.T.);
#4090 = VERTEX_POINT('',#4091);
#4091 = CARTESIAN_POINT('',(54.25,82.,4.));
#4092 = LINE('',#4093,#4094);
#4093 = CARTESIAN_POINT('',(54.25,84.,4.));
#4094 = VECTOR('',#4095,1.);
#4095 = DIRECTION('',(0.,-1.,2.22044604925E-16));
#4096 = ORIENTED_EDGE('',*,*,#4097,.T.);
#4097 = EDGE_CURVE('',#4090,#4098,#4100,.T.);
#4098 = VERTEX_POINT('',#4099);
#4099 = CARTESIAN_POINT('',(53.25,82.,4.));
#4100 = LINE('',#4101,#4102);
#4101 = CARTESIAN_POINT('',(55.25,82.,4.));
#4102 = VECTOR('',#4103,1.);
#4103 = DIRECTION('',(-1.,0.,0.));
#4104 = ORIENTED_EDGE('',*,*,#4105,.F.);
#4105 = EDGE_CURVE('',#4082,#4098,#4106,.T.);
#4106 = LINE('',#4107,#4108);
#4107 = CARTESIAN_POINT('',(53.25,84.,4.));
#4108 = VECTOR('',#4109,1.);
#4109 = DIRECTION('',(0.,-1.,2.22044604925E-16));
#4110 = PLANE('',#4111);
#4111 = AXIS2_PLACEMENT_3D('',#4112,#4113,#4114);
#4112 = CARTESIAN_POINT('',(55.25,84.,4.));
#4113 = DIRECTION('',(-0.,-2.22044604925E-16,-1.));
#4114 = DIRECTION('',(-1.,0.,0.));
#4115 = ADVANCED_FACE('',(#4116),#4132,.F.);
#4116 = FACE_BOUND('',#4117,.F.);
#4117 = EDGE_LOOP('',(#4118,#4124,#4125,#4131));
#4118 = ORIENTED_EDGE('',*,*,#4119,.F.);
#4119 = EDGE_CURVE('',#4080,#3971,#4120,.T.);
#4120 = LINE('',#4121,#4122);
#4121 = CARTESIAN_POINT('',(62.3125,84.,-4.0625));
#4122 = VECTOR('',#4123,1.);
#4123 = DIRECTION('',(0.707106781187,0.,-0.707106781187));
#4124 = ORIENTED_EDGE('',*,*,#4089,.T.);
#4125 = ORIENTED_EDGE('',*,*,#4126,.T.);
#4126 = EDGE_CURVE('',#4090,#3996,#4127,.T.);
#4127 = LINE('',#4128,#4129);
#4128 = CARTESIAN_POINT('',(61.121917040359,82.,-2.871917040359));
#4129 = VECTOR('',#4130,1.);
#4130 = DIRECTION('',(0.707106781187,0.,-0.707106781187));
#4131 = ORIENTED_EDGE('',*,*,#4003,.F.);
#4132 = PLANE('',#4133);
#4133 = AXIS2_PLACEMENT_3D('',#4134,#4135,#4136);
#4134 = CARTESIAN_POINT('',(54.75,84.,3.5));
#4135 = DIRECTION('',(0.707106781187,1.401587864986E-16,0.707106781187)
  );
#4136 = DIRECTION('',(-1.19150740865E-17,-1.,2.101295308385E-16));
#4137 = ADVANCED_FACE('',(#4138),#4154,.F.);
#4138 = FACE_BOUND('',#4139,.T.);
#4139 = EDGE_LOOP('',(#4140,#4146,#4147,#4153));
#4140 = ORIENTED_EDGE('',*,*,#4141,.F.);
#4141 = EDGE_CURVE('',#4082,#346,#4142,.T.);
#4142 = LINE('',#4143,#4144);
#4143 = CARTESIAN_POINT('',(61.3125,84.,12.0625));
#4144 = VECTOR('',#4145,1.);
#4145 = DIRECTION('',(-0.707106781187,0.,-0.707106781187));
#4146 = ORIENTED_EDGE('',*,*,#4105,.T.);
#4147 = ORIENTED_EDGE('',*,*,#4148,.T.);
#4148 = EDGE_CURVE('',#4098,#354,#4149,.T.);
#4149 = LINE('',#4150,#4151);
#4150 = CARTESIAN_POINT('',(61.056894618834,82.,11.806894618834));
#4151 = VECTOR('',#4152,1.);
#4152 = DIRECTION('',(-0.707106781187,0.,-0.707106781187));
#4153 = ORIENTED_EDGE('',*,*,#353,.F.);
#4154 = PLANE('',#4155);
#4155 = AXIS2_PLACEMENT_3D('',#4156,#4157,#4158);
#4156 = CARTESIAN_POINT('',(52.75,84.,3.5));
#4157 = DIRECTION('',(-0.707106781187,1.681905437983E-16,0.707106781187)
  );
#4158 = DIRECTION('',(7.906371588698E-18,1.,-2.299509765137E-16));
#4159 = ADVANCED_FACE('',(#4160),#4187,.T.);
#4160 = FACE_BOUND('',#4161,.T.);
#4161 = EDGE_LOOP('',(#4162,#4163,#4164,#4165,#4173,#4181));
#4162 = ORIENTED_EDGE('',*,*,#3594,.T.);
#4163 = ORIENTED_EDGE('',*,*,#3387,.T.);
#4164 = ORIENTED_EDGE('',*,*,#1066,.F.);
#4165 = ORIENTED_EDGE('',*,*,#4166,.F.);
#4166 = EDGE_CURVE('',#4167,#1067,#4169,.T.);
#4167 = VERTEX_POINT('',#4168);
#4168 = CARTESIAN_POINT('',(52.25,2.,0.));
#4169 = LINE('',#4170,#4171);
#4170 = CARTESIAN_POINT('',(52.25,2.,126.63724610082));
#4171 = VECTOR('',#4172,1.);
#4172 = DIRECTION('',(-0.,-0.,-1.));
#4173 = ORIENTED_EDGE('',*,*,#4174,.T.);
#4174 = EDGE_CURVE('',#4167,#4175,#4177,.T.);
#4175 = VERTEX_POINT('',#4176);
#4176 = CARTESIAN_POINT('',(52.25,0.,0.));
#4177 = LINE('',#4178,#4179);
#4178 = CARTESIAN_POINT('',(52.25,21.5,0.));
#4179 = VECTOR('',#4180,1.);
#4180 = DIRECTION('',(0.,-1.,0.));
#4181 = ORIENTED_EDGE('',*,*,#4182,.F.);
#4182 = EDGE_CURVE('',#3587,#4175,#4183,.T.);
#4183 = LINE('',#4184,#4185);
#4184 = CARTESIAN_POINT('',(52.25,8.881784197001E-16,4.));
#4185 = VECTOR('',#4186,1.);
#4186 = DIRECTION('',(0.,-2.22044604925E-16,-1.));
#4187 = PLANE('',#4188);
#4188 = AXIS2_PLACEMENT_3D('',#4189,#4190,#4191);
#4189 = CARTESIAN_POINT('',(52.25,-0.3,-0.3));
#4190 = DIRECTION('',(1.,0.,0.));
#4191 = DIRECTION('',(0.,0.,1.));
#4192 = ADVANCED_FACE('',(#4193),#4218,.T.);
#4193 = FACE_BOUND('',#4194,.T.);
#4194 = EDGE_LOOP('',(#4195,#4205,#4211,#4212));
#4195 = ORIENTED_EDGE('',*,*,#4196,.T.);
#4196 = EDGE_CURVE('',#4197,#4199,#4201,.T.);
#4197 = VERTEX_POINT('',#4198);
#4198 = CARTESIAN_POINT('',(50.25,2.,0.));
#4199 = VERTEX_POINT('',#4200);
#4200 = CARTESIAN_POINT('',(50.25,5.329070518201E-15,0.));
#4201 = LINE('',#4202,#4203);
#4202 = CARTESIAN_POINT('',(50.25,2.,0.));
#4203 = VECTOR('',#4204,1.);
#4204 = DIRECTION('',(0.,-1.,0.));
#4205 = ORIENTED_EDGE('',*,*,#4206,.T.);
#4206 = EDGE_CURVE('',#4199,#4175,#4207,.T.);
#4207 = LINE('',#4208,#4209);
#4208 = CARTESIAN_POINT('',(50.25,5.329070518201E-15,0.));
#4209 = VECTOR('',#4210,1.);
#4210 = DIRECTION('',(1.,0.,0.));
#4211 = ORIENTED_EDGE('',*,*,#4174,.F.);
#4212 = ORIENTED_EDGE('',*,*,#4213,.T.);
#4213 = EDGE_CURVE('',#4167,#4197,#4214,.T.);
#4214 = LINE('',#4215,#4216);
#4215 = CARTESIAN_POINT('',(57.25,2.,0.));
#4216 = VECTOR('',#4217,1.);
#4217 = DIRECTION('',(-1.,0.,0.));
#4218 = PLANE('',#4219);
#4219 = AXIS2_PLACEMENT_3D('',#4220,#4221,#4222);
#4220 = CARTESIAN_POINT('',(53.75,41.,0.));
#4221 = DIRECTION('',(0.,0.,1.));
#4222 = DIRECTION('',(1.,0.,0.));
#4223 = ADVANCED_FACE('',(#4224),#4249,.T.);
#4224 = FACE_BOUND('',#4225,.T.);
#4225 = EDGE_LOOP('',(#4226,#4227,#4235,#4243));
#4226 = ORIENTED_EDGE('',*,*,#4196,.F.);
#4227 = ORIENTED_EDGE('',*,*,#4228,.T.);
#4228 = EDGE_CURVE('',#4197,#4229,#4231,.T.);
#4229 = VERTEX_POINT('',#4230);
#4230 = CARTESIAN_POINT('',(50.25,2.,10.5));
#4231 = LINE('',#4232,#4233);
#4232 = CARTESIAN_POINT('',(50.25,2.,0.));
#4233 = VECTOR('',#4234,1.);
#4234 = DIRECTION('',(0.,0.,1.));
#4235 = ORIENTED_EDGE('',*,*,#4236,.F.);
#4236 = EDGE_CURVE('',#4237,#4229,#4239,.T.);
#4237 = VERTEX_POINT('',#4238);
#4238 = CARTESIAN_POINT('',(50.25,2.6645352591E-15,10.5));
#4239 = LINE('',#4240,#4241);
#4240 = CARTESIAN_POINT('',(50.25,21.5,10.5));
#4241 = VECTOR('',#4242,1.);
#4242 = DIRECTION('',(0.,1.,0.));
#4243 = ORIENTED_EDGE('',*,*,#4244,.F.);
#4244 = EDGE_CURVE('',#4199,#4237,#4245,.T.);
#4245 = LINE('',#4246,#4247);
#4246 = CARTESIAN_POINT('',(50.25,5.329070518201E-15,0.));
#4247 = VECTOR('',#4248,1.);
#4248 = DIRECTION('',(0.,0.,1.));
#4249 = PLANE('',#4250);
#4250 = AXIS2_PLACEMENT_3D('',#4251,#4252,#4253);
#4251 = CARTESIAN_POINT('',(50.25,2.,0.));
#4252 = DIRECTION('',(1.,0.,0.));
#4253 = DIRECTION('',(0.,-1.,0.));
#4254 = ADVANCED_FACE('',(#4255),#4296,.T.);
#4255 = FACE_BOUND('',#4256,.T.);
#4256 = EDGE_LOOP('',(#4257,#4265,#4266,#4274,#4282,#4290));
#4257 = ORIENTED_EDGE('',*,*,#4258,.F.);
#4258 = EDGE_CURVE('',#942,#4259,#4261,.T.);
#4259 = VERTEX_POINT('',#4260);
#4260 = CARTESIAN_POINT('',(33.75,84.,3.));
#4261 = LINE('',#4262,#4263);
#4262 = CARTESIAN_POINT('',(33.75,84.,-3.));
#4263 = VECTOR('',#4264,1.);
#4264 = DIRECTION('',(0.,2.22044604925E-16,1.));
#4265 = ORIENTED_EDGE('',*,*,#949,.F.);
#4266 = ORIENTED_EDGE('',*,*,#4267,.F.);
#4267 = EDGE_CURVE('',#4268,#950,#4270,.T.);
#4268 = VERTEX_POINT('',#4269);
#4269 = CARTESIAN_POINT('',(33.75,80.000000000035,0.));
#4270 = LINE('',#4271,#4272);
#4271 = CARTESIAN_POINT('',(33.75,80.000000000035,126.63724610082));
#4272 = VECTOR('',#4273,1.);
#4273 = DIRECTION('',(-0.,-0.,-1.));
#4274 = ORIENTED_EDGE('',*,*,#4275,.T.);
#4275 = EDGE_CURVE('',#4268,#4276,#4278,.T.);
#4276 = VERTEX_POINT('',#4277);
#4277 = CARTESIAN_POINT('',(33.75,82.,0.));
#4278 = LINE('',#4279,#4280);
#4279 = CARTESIAN_POINT('',(33.75,60.500000000018,0.));
#4280 = VECTOR('',#4281,1.);
#4281 = DIRECTION('',(0.,1.,0.));
#4282 = ORIENTED_EDGE('',*,*,#4283,.T.);
#4283 = EDGE_CURVE('',#4276,#4284,#4286,.T.);
#4284 = VERTEX_POINT('',#4285);
#4285 = CARTESIAN_POINT('',(33.75,82.,3.));
#4286 = LINE('',#4287,#4288);
#4287 = CARTESIAN_POINT('',(33.75,82.,-3.));
#4288 = VECTOR('',#4289,1.);
#4289 = DIRECTION('',(0.,2.22044604925E-16,1.));
#4290 = ORIENTED_EDGE('',*,*,#4291,.F.);
#4291 = EDGE_CURVE('',#4259,#4284,#4292,.T.);
#4292 = LINE('',#4293,#4294);
#4293 = CARTESIAN_POINT('',(33.75,84.,3.));
#4294 = VECTOR('',#4295,1.);
#4295 = DIRECTION('',(0.,-1.,2.22044604925E-16));
#4296 = PLANE('',#4297);
#4297 = AXIS2_PLACEMENT_3D('',#4298,#4299,#4300);
#4298 = CARTESIAN_POINT('',(33.75,82.300000000013,-0.299999999996));
#4299 = DIRECTION('',(-1.,-0.,-0.));
#4300 = DIRECTION('',(0.,0.,-1.));
#4301 = ADVANCED_FACE('',(#4302),#4327,.T.);
#4302 = FACE_BOUND('',#4303,.T.);
#4303 = EDGE_LOOP('',(#4304,#4312,#4313,#4321));
#4304 = ORIENTED_EDGE('',*,*,#4305,.F.);
#4305 = EDGE_CURVE('',#4276,#4306,#4308,.T.);
#4306 = VERTEX_POINT('',#4307);
#4307 = CARTESIAN_POINT('',(35.75,82.,0.));
#4308 = LINE('',#4309,#4310);
#4309 = CARTESIAN_POINT('',(28.75,82.,0.));
#4310 = VECTOR('',#4311,1.);
#4311 = DIRECTION('',(1.,0.,0.));
#4312 = ORIENTED_EDGE('',*,*,#4275,.F.);
#4313 = ORIENTED_EDGE('',*,*,#4314,.T.);
#4314 = EDGE_CURVE('',#4268,#4315,#4317,.T.);
#4315 = VERTEX_POINT('',#4316);
#4316 = CARTESIAN_POINT('',(35.75,80.,0.));
#4317 = LINE('',#4318,#4319);
#4318 = CARTESIAN_POINT('',(28.75,80.,0.));
#4319 = VECTOR('',#4320,1.);
#4320 = DIRECTION('',(1.,0.,0.));
#4321 = ORIENTED_EDGE('',*,*,#4322,.T.);
#4322 = EDGE_CURVE('',#4315,#4306,#4323,.T.);
#4323 = LINE('',#4324,#4325);
#4324 = CARTESIAN_POINT('',(35.75,80.,0.));
#4325 = VECTOR('',#4326,1.);
#4326 = DIRECTION('',(0.,1.,0.));
#4327 = PLANE('',#4328);
#4328 = AXIS2_PLACEMENT_3D('',#4329,#4330,#4331);
#4329 = CARTESIAN_POINT('',(32.25,41.,0.));
#4330 = DIRECTION('',(0.,0.,1.));
#4331 = DIRECTION('',(1.,0.,0.));
#4332 = ADVANCED_FACE('',(#4333),#4358,.T.);
#4333 = FACE_BOUND('',#4334,.T.);
#4334 = EDGE_LOOP('',(#4335,#4336,#4344,#4352));
#4335 = ORIENTED_EDGE('',*,*,#4322,.F.);
#4336 = ORIENTED_EDGE('',*,*,#4337,.T.);
#4337 = EDGE_CURVE('',#4315,#4338,#4340,.T.);
#4338 = VERTEX_POINT('',#4339);
#4339 = CARTESIAN_POINT('',(35.75,80.,10.5));
#4340 = LINE('',#4341,#4342);
#4341 = CARTESIAN_POINT('',(35.75,80.,0.));
#4342 = VECTOR('',#4343,1.);
#4343 = DIRECTION('',(0.,0.,1.));
#4344 = ORIENTED_EDGE('',*,*,#4345,.F.);
#4345 = EDGE_CURVE('',#4346,#4338,#4348,.T.);
#4346 = VERTEX_POINT('',#4347);
#4347 = CARTESIAN_POINT('',(35.75,82.,10.5));
#4348 = LINE('',#4349,#4350);
#4349 = CARTESIAN_POINT('',(35.75,60.5,10.5));
#4350 = VECTOR('',#4351,1.);
#4351 = DIRECTION('',(0.,-1.,0.));
#4352 = ORIENTED_EDGE('',*,*,#4353,.F.);
#4353 = EDGE_CURVE('',#4306,#4346,#4354,.T.);
#4354 = LINE('',#4355,#4356);
#4355 = CARTESIAN_POINT('',(35.75,82.,0.));
#4356 = VECTOR('',#4357,1.);
#4357 = DIRECTION('',(0.,0.,1.));
#4358 = PLANE('',#4359);
#4359 = AXIS2_PLACEMENT_3D('',#4360,#4361,#4362);
#4360 = CARTESIAN_POINT('',(35.75,80.,0.));
#4361 = DIRECTION('',(-1.,0.,0.));
#4362 = DIRECTION('',(0.,1.,0.));
#4363 = ADVANCED_FACE('',(#4364),#4398,.T.);
#4364 = FACE_BOUND('',#4365,.T.);
#4365 = EDGE_LOOP('',(#4366,#4376,#4384,#4392));
#4366 = ORIENTED_EDGE('',*,*,#4367,.F.);
#4367 = EDGE_CURVE('',#4368,#4370,#4372,.T.);
#4368 = VERTEX_POINT('',#4369);
#4369 = CARTESIAN_POINT('',(32.75,84.,4.));
#4370 = VERTEX_POINT('',#4371);
#4371 = CARTESIAN_POINT('',(31.75,84.,4.));
#4372 = LINE('',#4373,#4374);
#4373 = CARTESIAN_POINT('',(33.75,84.,4.));
#4374 = VECTOR('',#4375,1.);
#4375 = DIRECTION('',(-1.,0.,0.));
#4376 = ORIENTED_EDGE('',*,*,#4377,.T.);
#4377 = EDGE_CURVE('',#4368,#4378,#4380,.T.);
#4378 = VERTEX_POINT('',#4379);
#4379 = CARTESIAN_POINT('',(32.75,82.,4.));
#4380 = LINE('',#4381,#4382);
#4381 = CARTESIAN_POINT('',(32.75,84.,4.));
#4382 = VECTOR('',#4383,1.);
#4383 = DIRECTION('',(0.,-1.,2.22044604925E-16));
#4384 = ORIENTED_EDGE('',*,*,#4385,.T.);
#4385 = EDGE_CURVE('',#4378,#4386,#4388,.T.);
#4386 = VERTEX_POINT('',#4387);
#4387 = CARTESIAN_POINT('',(31.75,82.,4.));
#4388 = LINE('',#4389,#4390);
#4389 = CARTESIAN_POINT('',(33.75,82.,4.));
#4390 = VECTOR('',#4391,1.);
#4391 = DIRECTION('',(-1.,0.,0.));
#4392 = ORIENTED_EDGE('',*,*,#4393,.F.);
#4393 = EDGE_CURVE('',#4370,#4386,#4394,.T.);
#4394 = LINE('',#4395,#4396);
#4395 = CARTESIAN_POINT('',(31.75,84.,4.));
#4396 = VECTOR('',#4397,1.);
#4397 = DIRECTION('',(0.,-1.,2.22044604925E-16));
#4398 = PLANE('',#4399);
#4399 = AXIS2_PLACEMENT_3D('',#4400,#4401,#4402);
#4400 = CARTESIAN_POINT('',(33.75,84.,4.));
#4401 = DIRECTION('',(-0.,-2.22044604925E-16,-1.));
#4402 = DIRECTION('',(-1.,0.,0.));
#4403 = ADVANCED_FACE('',(#4404),#4420,.F.);
#4404 = FACE_BOUND('',#4405,.F.);
#4405 = EDGE_LOOP('',(#4406,#4412,#4413,#4419));
#4406 = ORIENTED_EDGE('',*,*,#4407,.F.);
#4407 = EDGE_CURVE('',#4368,#4259,#4408,.T.);
#4408 = LINE('',#4409,#4410);
#4409 = CARTESIAN_POINT('',(40.8125,84.,-4.0625));
#4410 = VECTOR('',#4411,1.);
#4411 = DIRECTION('',(0.707106781187,0.,-0.707106781187));
#4412 = ORIENTED_EDGE('',*,*,#4377,.T.);
#4413 = ORIENTED_EDGE('',*,*,#4414,.T.);
#4414 = EDGE_CURVE('',#4378,#4284,#4415,.T.);
#4415 = LINE('',#4416,#4417);
#4416 = CARTESIAN_POINT('',(39.621917040359,82.,-2.871917040359));
#4417 = VECTOR('',#4418,1.);
#4418 = DIRECTION('',(0.707106781187,0.,-0.707106781187));
#4419 = ORIENTED_EDGE('',*,*,#4291,.F.);
#4420 = PLANE('',#4421);
#4421 = AXIS2_PLACEMENT_3D('',#4422,#4423,#4424);
#4422 = CARTESIAN_POINT('',(33.25,84.,3.5));
#4423 = DIRECTION('',(0.707106781187,1.401587864986E-16,0.707106781187)
  );
#4424 = DIRECTION('',(-1.19150740865E-17,-1.,2.101295308385E-16));
#4425 = ADVANCED_FACE('',(#4426),#4442,.F.);
#4426 = FACE_BOUND('',#4427,.T.);
#4427 = EDGE_LOOP('',(#4428,#4434,#4435,#4441));
#4428 = ORIENTED_EDGE('',*,*,#4429,.F.);
#4429 = EDGE_CURVE('',#4370,#110,#4430,.T.);
#4430 = LINE('',#4431,#4432);
#4431 = CARTESIAN_POINT('',(39.8125,84.,12.0625));
#4432 = VECTOR('',#4433,1.);
#4433 = DIRECTION('',(-0.707106781187,0.,-0.707106781187));
#4434 = ORIENTED_EDGE('',*,*,#4393,.T.);
#4435 = ORIENTED_EDGE('',*,*,#4436,.T.);
#4436 = EDGE_CURVE('',#4386,#118,#4437,.T.);
#4437 = LINE('',#4438,#4439);
#4438 = CARTESIAN_POINT('',(39.556894618834,82.,11.806894618834));
#4439 = VECTOR('',#4440,1.);
#4440 = DIRECTION('',(-0.707106781187,0.,-0.707106781187));
#4441 = ORIENTED_EDGE('',*,*,#117,.F.);
#4442 = PLANE('',#4443);
#4443 = AXIS2_PLACEMENT_3D('',#4444,#4445,#4446);
#4444 = CARTESIAN_POINT('',(31.25,84.,3.5));
#4445 = DIRECTION('',(-0.707106781187,1.681905437983E-16,0.707106781187)
  );
#4446 = DIRECTION('',(7.906371588698E-18,1.,-2.299509765137E-16));
#4447 = ADVANCED_FACE('',(#4448),#4475,.T.);
#4448 = FACE_BOUND('',#4449,.T.);
#4449 = EDGE_LOOP('',(#4450,#4451,#4452,#4453,#4461,#4469));
#4450 = ORIENTED_EDGE('',*,*,#3522,.T.);
#4451 = ORIENTED_EDGE('',*,*,#3355,.T.);
#4452 = ORIENTED_EDGE('',*,*,#1043,.F.);
#4453 = ORIENTED_EDGE('',*,*,#4454,.F.);
#4454 = EDGE_CURVE('',#4455,#1044,#4457,.T.);
#4455 = VERTEX_POINT('',#4456);
#4456 = CARTESIAN_POINT('',(30.75,2.,0.));
#4457 = LINE('',#4458,#4459);
#4458 = CARTESIAN_POINT('',(30.75,2.,126.63724610082));
#4459 = VECTOR('',#4460,1.);
#4460 = DIRECTION('',(-0.,-0.,-1.));
#4461 = ORIENTED_EDGE('',*,*,#4462,.T.);
#4462 = EDGE_CURVE('',#4455,#4463,#4465,.T.);
#4463 = VERTEX_POINT('',#4464);
#4464 = CARTESIAN_POINT('',(30.75,0.,0.));
#4465 = LINE('',#4466,#4467);
#4466 = CARTESIAN_POINT('',(30.75,21.5,0.));
#4467 = VECTOR('',#4468,1.);
#4468 = DIRECTION('',(0.,-1.,0.));
#4469 = ORIENTED_EDGE('',*,*,#4470,.F.);
#4470 = EDGE_CURVE('',#3515,#4463,#4471,.T.);
#4471 = LINE('',#4472,#4473);
#4472 = CARTESIAN_POINT('',(30.75,8.881784197001E-16,4.));
#4473 = VECTOR('',#4474,1.);
#4474 = DIRECTION('',(0.,-2.22044604925E-16,-1.));
#4475 = PLANE('',#4476);
#4476 = AXIS2_PLACEMENT_3D('',#4477,#4478,#4479);
#4477 = CARTESIAN_POINT('',(30.75,-0.3,-0.3));
#4478 = DIRECTION('',(1.,0.,0.));
#4479 = DIRECTION('',(0.,0.,1.));
#4480 = ADVANCED_FACE('',(#4481),#4506,.T.);
#4481 = FACE_BOUND('',#4482,.T.);
#4482 = EDGE_LOOP('',(#4483,#4493,#4499,#4500));
#4483 = ORIENTED_EDGE('',*,*,#4484,.T.);
#4484 = EDGE_CURVE('',#4485,#4487,#4489,.T.);
#4485 = VERTEX_POINT('',#4486);
#4486 = CARTESIAN_POINT('',(28.75,2.,0.));
#4487 = VERTEX_POINT('',#4488);
#4488 = CARTESIAN_POINT('',(28.75,5.329070518201E-15,0.));
#4489 = LINE('',#4490,#4491);
#4490 = CARTESIAN_POINT('',(28.75,2.,0.));
#4491 = VECTOR('',#4492,1.);
#4492 = DIRECTION('',(0.,-1.,0.));
#4493 = ORIENTED_EDGE('',*,*,#4494,.T.);
#4494 = EDGE_CURVE('',#4487,#4463,#4495,.T.);
#4495 = LINE('',#4496,#4497);
#4496 = CARTESIAN_POINT('',(28.75,5.329070518201E-15,0.));
#4497 = VECTOR('',#4498,1.);
#4498 = DIRECTION('',(1.,0.,0.));
#4499 = ORIENTED_EDGE('',*,*,#4462,.F.);
#4500 = ORIENTED_EDGE('',*,*,#4501,.T.);
#4501 = EDGE_CURVE('',#4455,#4485,#4502,.T.);
#4502 = LINE('',#4503,#4504);
#4503 = CARTESIAN_POINT('',(35.75,2.,0.));
#4504 = VECTOR('',#4505,1.);
#4505 = DIRECTION('',(-1.,0.,0.));
#4506 = PLANE('',#4507);
#4507 = AXIS2_PLACEMENT_3D('',#4508,#4509,#4510);
#4508 = CARTESIAN_POINT('',(32.25,41.,0.));
#4509 = DIRECTION('',(0.,0.,1.));
#4510 = DIRECTION('',(1.,0.,0.));
#4511 = ADVANCED_FACE('',(#4512),#4537,.T.);
#4512 = FACE_BOUND('',#4513,.T.);
#4513 = EDGE_LOOP('',(#4514,#4515,#4523,#4531));
#4514 = ORIENTED_EDGE('',*,*,#4484,.F.);
#4515 = ORIENTED_EDGE('',*,*,#4516,.T.);
#4516 = EDGE_CURVE('',#4485,#4517,#4519,.T.);
#4517 = VERTEX_POINT('',#4518);
#4518 = CARTESIAN_POINT('',(28.75,2.,10.5));
#4519 = LINE('',#4520,#4521);
#4520 = CARTESIAN_POINT('',(28.75,2.,0.));
#4521 = VECTOR('',#4522,1.);
#4522 = DIRECTION('',(0.,0.,1.));
#4523 = ORIENTED_EDGE('',*,*,#4524,.F.);
#4524 = EDGE_CURVE('',#4525,#4517,#4527,.T.);
#4525 = VERTEX_POINT('',#4526);
#4526 = CARTESIAN_POINT('',(28.75,2.6645352591E-15,10.5));
#4527 = LINE('',#4528,#4529);
#4528 = CARTESIAN_POINT('',(28.75,21.5,10.5));
#4529 = VECTOR('',#4530,1.);
#4530 = DIRECTION('',(0.,1.,0.));
#4531 = ORIENTED_EDGE('',*,*,#4532,.F.);
#4532 = EDGE_CURVE('',#4487,#4525,#4533,.T.);
#4533 = LINE('',#4534,#4535);
#4534 = CARTESIAN_POINT('',(28.75,5.329070518201E-15,0.));
#4535 = VECTOR('',#4536,1.);
#4536 = DIRECTION('',(0.,0.,1.));
#4537 = PLANE('',#4538);
#4538 = AXIS2_PLACEMENT_3D('',#4539,#4540,#4541);
#4539 = CARTESIAN_POINT('',(28.75,2.,0.));
#4540 = DIRECTION('',(1.,0.,0.));
#4541 = DIRECTION('',(0.,-1.,0.));
#4542 = ADVANCED_FACE('',(#4543),#4614,.T.);
#4543 = FACE_BOUND('',#4544,.T.);
#4544 = EDGE_LOOP('',(#4545,#4546,#4547,#4548,#4549,#4555,#4556,#4557,
    #4558,#4564,#4565,#4566,#4567,#4568,#4569,#4570,#4571,#4572,#4573,
    #4579,#4580,#4581,#4582,#4583,#4584,#4585,#4586,#4587,#4588,#4594,
    #4595,#4596,#4597,#4598,#4599,#4600,#4601,#4602,#4603,#4609,#4610,
    #4611,#4612,#4613));
#4545 = ORIENTED_EDGE('',*,*,#800,.F.);
#4546 = ORIENTED_EDGE('',*,*,#831,.T.);
#4547 = ORIENTED_EDGE('',*,*,#1365,.F.);
#4548 = ORIENTED_EDGE('',*,*,#1955,.T.);
#4549 = ORIENTED_EDGE('',*,*,#4550,.T.);
#4550 = EDGE_CURVE('',#1948,#1876,#4551,.T.);
#4551 = LINE('',#4552,#4553);
#4552 = CARTESIAN_POINT('',(21.5,0.,10.5));
#4553 = VECTOR('',#4554,1.);
#4554 = DIRECTION('',(-1.,0.,0.));
#4555 = ORIENTED_EDGE('',*,*,#1875,.T.);
#4556 = ORIENTED_EDGE('',*,*,#1281,.T.);
#4557 = ORIENTED_EDGE('',*,*,#1789,.F.);
#4558 = ORIENTED_EDGE('',*,*,#4559,.T.);
#4559 = EDGE_CURVE('',#1782,#653,#4560,.T.);
#4560 = LINE('',#4561,#4562);
#4561 = CARTESIAN_POINT('',(86.,0.,10.5));
#4562 = VECTOR('',#4563,1.);
#4563 = DIRECTION('',(-1.,0.,0.));
#4564 = ORIENTED_EDGE('',*,*,#652,.F.);
#4565 = ORIENTED_EDGE('',*,*,#621,.F.);
#4566 = ORIENTED_EDGE('',*,*,#715,.T.);
#4567 = ORIENTED_EDGE('',*,*,#3641,.T.);
#4568 = ORIENTED_EDGE('',*,*,#3610,.T.);
#4569 = ORIENTED_EDGE('',*,*,#3658,.F.);
#4570 = ORIENTED_EDGE('',*,*,#3894,.T.);
#4571 = ORIENTED_EDGE('',*,*,#3918,.F.);
#4572 = ORIENTED_EDGE('',*,*,#3956,.T.);
#4573 = ORIENTED_EDGE('',*,*,#4574,.T.);
#4574 = EDGE_CURVE('',#3949,#417,#4575,.T.);
#4575 = LINE('',#4576,#4577);
#4576 = CARTESIAN_POINT('',(86.,0.,10.5));
#4577 = VECTOR('',#4578,1.);
#4578 = DIRECTION('',(-1.,0.,0.));
#4579 = ORIENTED_EDGE('',*,*,#416,.F.);
#4580 = ORIENTED_EDGE('',*,*,#385,.F.);
#4581 = ORIENTED_EDGE('',*,*,#479,.T.);
#4582 = ORIENTED_EDGE('',*,*,#3569,.T.);
#4583 = ORIENTED_EDGE('',*,*,#3538,.T.);
#4584 = ORIENTED_EDGE('',*,*,#3586,.F.);
#4585 = ORIENTED_EDGE('',*,*,#4182,.T.);
#4586 = ORIENTED_EDGE('',*,*,#4206,.F.);
#4587 = ORIENTED_EDGE('',*,*,#4244,.T.);
#4588 = ORIENTED_EDGE('',*,*,#4589,.T.);
#4589 = EDGE_CURVE('',#4237,#181,#4590,.T.);
#4590 = LINE('',#4591,#4592);
#4591 = CARTESIAN_POINT('',(64.5,0.,10.5));
#4592 = VECTOR('',#4593,1.);
#4593 = DIRECTION('',(-1.,0.,0.));
#4594 = ORIENTED_EDGE('',*,*,#180,.F.);
#4595 = ORIENTED_EDGE('',*,*,#149,.F.);
#4596 = ORIENTED_EDGE('',*,*,#243,.T.);
#4597 = ORIENTED_EDGE('',*,*,#3497,.T.);
#4598 = ORIENTED_EDGE('',*,*,#3466,.T.);
#4599 = ORIENTED_EDGE('',*,*,#3514,.F.);
#4600 = ORIENTED_EDGE('',*,*,#4470,.T.);
#4601 = ORIENTED_EDGE('',*,*,#4494,.F.);
#4602 = ORIENTED_EDGE('',*,*,#4532,.T.);
#4603 = ORIENTED_EDGE('',*,*,#4604,.T.);
#4604 = EDGE_CURVE('',#4525,#1923,#4605,.T.);
#4605 = LINE('',#4606,#4607);
#4606 = CARTESIAN_POINT('',(43.,0.,10.5));
#4607 = VECTOR('',#4608,1.);
#4608 = DIRECTION('',(-1.,0.,0.));
#4609 = ORIENTED_EDGE('',*,*,#1922,.F.);
#4610 = ORIENTED_EDGE('',*,*,#1898,.F.);
#4611 = ORIENTED_EDGE('',*,*,#1324,.T.);
#4612 = ORIENTED_EDGE('',*,*,#729,.T.);
#4613 = ORIENTED_EDGE('',*,*,#769,.T.);
#4614 = PLANE('',#4615);
#4615 = AXIS2_PLACEMENT_3D('',#4616,#4617,#4618);
#4616 = CARTESIAN_POINT('',(43.,1.927373693709E-15,7.709543463073));
#4617 = DIRECTION('',(0.,1.,2.598819268124E-16));
#4618 = DIRECTION('',(0.,-2.598819268124E-16,1.));
#4619 = ADVANCED_FACE('',(#4620),#4635,.T.);
#4620 = FACE_BOUND('',#4621,.T.);
#4621 = EDGE_LOOP('',(#4622,#4623,#4624,#4625,#4626,#4627,#4633,#4634));
#4622 = ORIENTED_EDGE('',*,*,#3878,.T.);
#4623 = ORIENTED_EDGE('',*,*,#1097,.F.);
#4624 = ORIENTED_EDGE('',*,*,#683,.F.);
#4625 = ORIENTED_EDGE('',*,*,#637,.F.);
#4626 = ORIENTED_EDGE('',*,*,#668,.T.);
#4627 = ORIENTED_EDGE('',*,*,#4628,.F.);
#4628 = EDGE_CURVE('',#3941,#661,#4629,.T.);
#4629 = LINE('',#4630,#4631);
#4630 = CARTESIAN_POINT('',(77.,2.,10.5));
#4631 = VECTOR('',#4632,1.);
#4632 = DIRECTION('',(1.,0.,0.));
#4633 = ORIENTED_EDGE('',*,*,#3940,.F.);
#4634 = ORIENTED_EDGE('',*,*,#3925,.F.);
#4635 = PLANE('',#4636);
#4636 = AXIS2_PLACEMENT_3D('',#4637,#4638,#4639);
#4637 = CARTESIAN_POINT('',(75.25,2.,4.042682926829));
#4638 = DIRECTION('',(0.,-1.,5.112233436264E-16));
#4639 = DIRECTION('',(0.,-5.112233436264E-16,-1.));
#4640 = ADVANCED_FACE('',(#4641),#4656,.T.);
#4641 = FACE_BOUND('',#4642,.T.);
#4642 = EDGE_LOOP('',(#4643,#4644,#4645,#4646,#4647,#4648,#4654,#4655));
#4643 = ORIENTED_EDGE('',*,*,#4166,.T.);
#4644 = ORIENTED_EDGE('',*,*,#1074,.F.);
#4645 = ORIENTED_EDGE('',*,*,#447,.F.);
#4646 = ORIENTED_EDGE('',*,*,#401,.F.);
#4647 = ORIENTED_EDGE('',*,*,#432,.T.);
#4648 = ORIENTED_EDGE('',*,*,#4649,.F.);
#4649 = EDGE_CURVE('',#4229,#425,#4650,.T.);
#4650 = LINE('',#4651,#4652);
#4651 = CARTESIAN_POINT('',(55.5,2.,10.5));
#4652 = VECTOR('',#4653,1.);
#4653 = DIRECTION('',(1.,0.,0.));
#4654 = ORIENTED_EDGE('',*,*,#4228,.F.);
#4655 = ORIENTED_EDGE('',*,*,#4213,.F.);
#4656 = PLANE('',#4657);
#4657 = AXIS2_PLACEMENT_3D('',#4658,#4659,#4660);
#4658 = CARTESIAN_POINT('',(53.75,2.,4.042682926829));
#4659 = DIRECTION('',(0.,-1.,5.112233436264E-16));
#4660 = DIRECTION('',(0.,-5.112233436264E-16,-1.));
#4661 = ADVANCED_FACE('',(#4662),#4677,.T.);
#4662 = FACE_BOUND('',#4663,.T.);
#4663 = EDGE_LOOP('',(#4664,#4665,#4666,#4667,#4668,#4669,#4675,#4676));
#4664 = ORIENTED_EDGE('',*,*,#4454,.T.);
#4665 = ORIENTED_EDGE('',*,*,#1051,.F.);
#4666 = ORIENTED_EDGE('',*,*,#211,.F.);
#4667 = ORIENTED_EDGE('',*,*,#165,.F.);
#4668 = ORIENTED_EDGE('',*,*,#196,.T.);
#4669 = ORIENTED_EDGE('',*,*,#4670,.F.);
#4670 = EDGE_CURVE('',#4517,#189,#4671,.T.);
#4671 = LINE('',#4672,#4673);
#4672 = CARTESIAN_POINT('',(34.,2.,10.5));
#4673 = VECTOR('',#4674,1.);
#4674 = DIRECTION('',(1.,0.,0.));
#4675 = ORIENTED_EDGE('',*,*,#4516,.F.);
#4676 = ORIENTED_EDGE('',*,*,#4501,.F.);
#4677 = PLANE('',#4678);
#4678 = AXIS2_PLACEMENT_3D('',#4679,#4680,#4681);
#4679 = CARTESIAN_POINT('',(32.25,2.,4.042682926829));
#4680 = DIRECTION('',(0.,-1.,5.112233436264E-16));
#4681 = DIRECTION('',(0.,-5.112233436264E-16,-1.));
#4682 = ADVANCED_FACE('',(#4683),#4713,.T.);
#4683 = FACE_BOUND('',#4684,.T.);
#4684 = EDGE_LOOP('',(#4685,#4686,#4687,#4688,#4689,#4690,#4691,#4692,
    #4693,#4694,#4695,#4696,#4697,#4698,#4699,#4700,#4701,#4702,#4703,
    #4704,#4705,#4706,#4707,#4708,#4709,#4710,#4711,#4712));
#4685 = ORIENTED_EDGE('',*,*,#1969,.T.);
#4686 = ORIENTED_EDGE('',*,*,#1549,.T.);
#4687 = ORIENTED_EDGE('',*,*,#996,.T.);
#4688 = ORIENTED_EDGE('',*,*,#1216,.T.);
#4689 = ORIENTED_EDGE('',*,*,#1247,.F.);
#4690 = ORIENTED_EDGE('',*,*,#1302,.F.);
#4691 = ORIENTED_EDGE('',*,*,#895,.T.);
#4692 = ORIENTED_EDGE('',*,*,#3682,.T.);
#4693 = ORIENTED_EDGE('',*,*,#3831,.F.);
#4694 = ORIENTED_EDGE('',*,*,#3791,.T.);
#4695 = ORIENTED_EDGE('',*,*,#3853,.T.);
#4696 = ORIENTED_EDGE('',*,*,#581,.T.);
#4697 = ORIENTED_EDGE('',*,*,#918,.T.);
#4698 = ORIENTED_EDGE('',*,*,#3970,.T.);
#4699 = ORIENTED_EDGE('',*,*,#4119,.F.);
#4700 = ORIENTED_EDGE('',*,*,#4079,.T.);
#4701 = ORIENTED_EDGE('',*,*,#4141,.T.);
#4702 = ORIENTED_EDGE('',*,*,#345,.T.);
#4703 = ORIENTED_EDGE('',*,*,#941,.T.);
#4704 = ORIENTED_EDGE('',*,*,#4258,.T.);
#4705 = ORIENTED_EDGE('',*,*,#4407,.F.);
#4706 = ORIENTED_EDGE('',*,*,#4367,.T.);
#4707 = ORIENTED_EDGE('',*,*,#4429,.T.);
#4708 = ORIENTED_EDGE('',*,*,#109,.T.);
#4709 = ORIENTED_EDGE('',*,*,#964,.T.);
#4710 = ORIENTED_EDGE('',*,*,#1446,.T.);
#4711 = ORIENTED_EDGE('',*,*,#2031,.F.);
#4712 = ORIENTED_EDGE('',*,*,#2000,.T.);
#4713 = PLANE('',#4714);
#4714 = AXIS2_PLACEMENT_3D('',#4715,#4716,#4717);
#4715 = CARTESIAN_POINT('',(43.,84.,3.966871794445));
#4716 = DIRECTION('',(0.,1.,0.));
#4717 = DIRECTION('',(0.,0.,1.));
#4718 = ADVANCED_FACE('',(#4719),#4734,.T.);
#4719 = FACE_BOUND('',#4720,.T.);
#4720 = EDGE_LOOP('',(#4721,#4722,#4723,#4724,#4725,#4726,#4732,#4733));
#4721 = ORIENTED_EDGE('',*,*,#3691,.T.);
#4722 = ORIENTED_EDGE('',*,*,#911,.F.);
#4723 = ORIENTED_EDGE('',*,*,#565,.F.);
#4724 = ORIENTED_EDGE('',*,*,#511,.F.);
#4725 = ORIENTED_EDGE('',*,*,#550,.T.);
#4726 = ORIENTED_EDGE('',*,*,#4727,.F.);
#4727 = EDGE_CURVE('',#3762,#543,#4728,.T.);
#4728 = LINE('',#4729,#4730);
#4729 = CARTESIAN_POINT('',(73.5,80.,10.5));
#4730 = VECTOR('',#4731,1.);
#4731 = DIRECTION('',(-1.,0.,0.));
#4732 = ORIENTED_EDGE('',*,*,#3761,.F.);
#4733 = ORIENTED_EDGE('',*,*,#3738,.F.);
#4734 = PLANE('',#4735);
#4735 = AXIS2_PLACEMENT_3D('',#4736,#4737,#4738);
#4736 = CARTESIAN_POINT('',(75.25,80.000000000008,4.042682926829));
#4737 = DIRECTION('',(0.,1.,1.464127326096E-12));
#4738 = DIRECTION('',(0.,-1.464127326096E-12,1.));
#4739 = ADVANCED_FACE('',(#4740),#4755,.T.);
#4740 = FACE_BOUND('',#4741,.T.);
#4741 = EDGE_LOOP('',(#4742,#4743,#4744,#4745,#4746,#4747,#4753,#4754));
#4742 = ORIENTED_EDGE('',*,*,#3979,.T.);
#4743 = ORIENTED_EDGE('',*,*,#934,.F.);
#4744 = ORIENTED_EDGE('',*,*,#329,.F.);
#4745 = ORIENTED_EDGE('',*,*,#275,.F.);
#4746 = ORIENTED_EDGE('',*,*,#314,.T.);
#4747 = ORIENTED_EDGE('',*,*,#4748,.F.);
#4748 = EDGE_CURVE('',#4050,#307,#4749,.T.);
#4749 = LINE('',#4750,#4751);
#4750 = CARTESIAN_POINT('',(52.,80.,10.5));
#4751 = VECTOR('',#4752,1.);
#4752 = DIRECTION('',(-1.,0.,0.));
#4753 = ORIENTED_EDGE('',*,*,#4049,.F.);
#4754 = ORIENTED_EDGE('',*,*,#4026,.F.);
#4755 = PLANE('',#4756);
#4756 = AXIS2_PLACEMENT_3D('',#4757,#4758,#4759);
#4757 = CARTESIAN_POINT('',(53.75,80.000000000008,4.042682926829));
#4758 = DIRECTION('',(0.,1.,1.464127326096E-12));
#4759 = DIRECTION('',(0.,-1.464127326096E-12,1.));
#4760 = ADVANCED_FACE('',(#4761),#4776,.T.);
#4761 = FACE_BOUND('',#4762,.T.);
#4762 = EDGE_LOOP('',(#4763,#4764,#4765,#4766,#4767,#4768,#4774,#4775));
#4763 = ORIENTED_EDGE('',*,*,#4267,.T.);
#4764 = ORIENTED_EDGE('',*,*,#957,.F.);
#4765 = ORIENTED_EDGE('',*,*,#93,.F.);
#4766 = ORIENTED_EDGE('',*,*,#39,.F.);
#4767 = ORIENTED_EDGE('',*,*,#78,.T.);
#4768 = ORIENTED_EDGE('',*,*,#4769,.F.);
#4769 = EDGE_CURVE('',#4338,#71,#4770,.T.);
#4770 = LINE('',#4771,#4772);
#4771 = CARTESIAN_POINT('',(30.5,80.,10.5));
#4772 = VECTOR('',#4773,1.);
#4773 = DIRECTION('',(-1.,0.,0.));
#4774 = ORIENTED_EDGE('',*,*,#4337,.F.);
#4775 = ORIENTED_EDGE('',*,*,#4314,.F.);
#4776 = PLANE('',#4777);
#4777 = AXIS2_PLACEMENT_3D('',#4778,#4779,#4780);
#4778 = CARTESIAN_POINT('',(32.25,80.000000000008,4.042682926829));
#4779 = DIRECTION('',(0.,1.,1.464127326096E-12));
#4780 = DIRECTION('',(0.,-1.464127326096E-12,1.));
#4781 = ADVANCED_FACE('',(#4782),#4853,.T.);
#4782 = FACE_BOUND('',#4783,.T.);
#4783 = EDGE_LOOP('',(#4784,#4785,#4786,#4787,#4793,#4794,#4795,#4796,
    #4797,#4798,#4799,#4800,#4801,#4802,#4808,#4809,#4810,#4811,#4812,
    #4813,#4814,#4815,#4816,#4817,#4823,#4824,#4825,#4826,#4827,#4828,
    #4829,#4830,#4831,#4832,#4838,#4839,#4840,#4841,#4842,#4843,#4844,
    #4845,#4846,#4847));
#4784 = ORIENTED_EDGE('',*,*,#1796,.T.);
#4785 = ORIENTED_EDGE('',*,*,#1265,.T.);
#4786 = ORIENTED_EDGE('',*,*,#1868,.F.);
#4787 = ORIENTED_EDGE('',*,*,#4788,.F.);
#4788 = EDGE_CURVE('',#2103,#1861,#4789,.T.);
#4789 = LINE('',#4790,#4791);
#4790 = CARTESIAN_POINT('',(21.5,82.,10.5));
#4791 = VECTOR('',#4792,1.);
#4792 = DIRECTION('',(-1.,0.,0.));
#4793 = ORIENTED_EDGE('',*,*,#2102,.F.);
#4794 = ORIENTED_EDGE('',*,*,#2077,.T.);
#4795 = ORIENTED_EDGE('',*,*,#1531,.F.);
#4796 = ORIENTED_EDGE('',*,*,#1985,.F.);
#4797 = ORIENTED_EDGE('',*,*,#2016,.F.);
#4798 = ORIENTED_EDGE('',*,*,#2038,.T.);
#4799 = ORIENTED_EDGE('',*,*,#1428,.F.);
#4800 = ORIENTED_EDGE('',*,*,#2053,.T.);
#4801 = ORIENTED_EDGE('',*,*,#2135,.T.);
#4802 = ORIENTED_EDGE('',*,*,#4803,.F.);
#4803 = EDGE_CURVE('',#63,#2128,#4804,.T.);
#4804 = LINE('',#4805,#4806);
#4805 = CARTESIAN_POINT('',(21.5,82.,10.5));
#4806 = VECTOR('',#4807,1.);
#4807 = DIRECTION('',(-1.,0.,0.));
#4808 = ORIENTED_EDGE('',*,*,#62,.F.);
#4809 = ORIENTED_EDGE('',*,*,#21,.T.);
#4810 = ORIENTED_EDGE('',*,*,#125,.F.);
#4811 = ORIENTED_EDGE('',*,*,#4436,.F.);
#4812 = ORIENTED_EDGE('',*,*,#4385,.F.);
#4813 = ORIENTED_EDGE('',*,*,#4414,.T.);
#4814 = ORIENTED_EDGE('',*,*,#4283,.F.);
#4815 = ORIENTED_EDGE('',*,*,#4305,.T.);
#4816 = ORIENTED_EDGE('',*,*,#4353,.T.);
#4817 = ORIENTED_EDGE('',*,*,#4818,.F.);
#4818 = EDGE_CURVE('',#299,#4346,#4819,.T.);
#4819 = LINE('',#4820,#4821);
#4820 = CARTESIAN_POINT('',(43.,82.,10.5));
#4821 = VECTOR('',#4822,1.);
#4822 = DIRECTION('',(-1.,0.,0.));
#4823 = ORIENTED_EDGE('',*,*,#298,.F.);
#4824 = ORIENTED_EDGE('',*,*,#257,.T.);
#4825 = ORIENTED_EDGE('',*,*,#361,.F.);
#4826 = ORIENTED_EDGE('',*,*,#4148,.F.);
#4827 = ORIENTED_EDGE('',*,*,#4097,.F.);
#4828 = ORIENTED_EDGE('',*,*,#4126,.T.);
#4829 = ORIENTED_EDGE('',*,*,#3995,.F.);
#4830 = ORIENTED_EDGE('',*,*,#4017,.T.);
#4831 = ORIENTED_EDGE('',*,*,#4065,.T.);
#4832 = ORIENTED_EDGE('',*,*,#4833,.F.);
#4833 = EDGE_CURVE('',#535,#4058,#4834,.T.);
#4834 = LINE('',#4835,#4836);
#4835 = CARTESIAN_POINT('',(64.5,82.,10.5));
#4836 = VECTOR('',#4837,1.);
#4837 = DIRECTION('',(-1.,0.,0.));
#4838 = ORIENTED_EDGE('',*,*,#534,.F.);
#4839 = ORIENTED_EDGE('',*,*,#493,.T.);
#4840 = ORIENTED_EDGE('',*,*,#597,.F.);
#4841 = ORIENTED_EDGE('',*,*,#3860,.F.);
#4842 = ORIENTED_EDGE('',*,*,#3809,.F.);
#4843 = ORIENTED_EDGE('',*,*,#3838,.T.);
#4844 = ORIENTED_EDGE('',*,*,#3707,.F.);
#4845 = ORIENTED_EDGE('',*,*,#3729,.T.);
#4846 = ORIENTED_EDGE('',*,*,#3777,.T.);
#4847 = ORIENTED_EDGE('',*,*,#4848,.F.);
#4848 = EDGE_CURVE('',#1797,#3770,#4849,.T.);
#4849 = LINE('',#4850,#4851);
#4850 = CARTESIAN_POINT('',(86.,82.,10.5));
#4851 = VECTOR('',#4852,1.);
#4852 = DIRECTION('',(-1.,0.,0.));
#4853 = PLANE('',#4854);
#4854 = AXIS2_PLACEMENT_3D('',#4855,#4856,#4857);
#4855 = CARTESIAN_POINT('',(43.,82.,7.709543463073));
#4856 = DIRECTION('',(-0.,-1.,-0.));
#4857 = DIRECTION('',(0.,0.,-1.));
#4858 = ADVANCED_FACE('',(#4859),#4886,.T.);
#4859 = FACE_BOUND('',#4860,.T.);
#4860 = EDGE_LOOP('',(#4861,#4862,#4863,#4864,#4865,#4866,#4867,#4868,
    #4869,#4870,#4871,#4872,#4873,#4874,#4875,#4876,#4877,#4878,#4879,
    #4880));
#4861 = ORIENTED_EDGE('',*,*,#1883,.T.);
#4862 = ORIENTED_EDGE('',*,*,#4550,.F.);
#4863 = ORIENTED_EDGE('',*,*,#1947,.T.);
#4864 = ORIENTED_EDGE('',*,*,#1405,.T.);
#4865 = ORIENTED_EDGE('',*,*,#1930,.T.);
#4866 = ORIENTED_EDGE('',*,*,#4604,.F.);
#4867 = ORIENTED_EDGE('',*,*,#4524,.T.);
#4868 = ORIENTED_EDGE('',*,*,#4670,.T.);
#4869 = ORIENTED_EDGE('',*,*,#188,.T.);
#4870 = ORIENTED_EDGE('',*,*,#4589,.F.);
#4871 = ORIENTED_EDGE('',*,*,#4236,.T.);
#4872 = ORIENTED_EDGE('',*,*,#4649,.T.);
#4873 = ORIENTED_EDGE('',*,*,#424,.T.);
#4874 = ORIENTED_EDGE('',*,*,#4574,.F.);
#4875 = ORIENTED_EDGE('',*,*,#3948,.T.);
#4876 = ORIENTED_EDGE('',*,*,#4628,.T.);
#4877 = ORIENTED_EDGE('',*,*,#660,.T.);
#4878 = ORIENTED_EDGE('',*,*,#4559,.F.);
#4879 = ORIENTED_EDGE('',*,*,#1781,.F.);
#4880 = ORIENTED_EDGE('',*,*,#4881,.F.);
#4881 = EDGE_CURVE('',#1837,#1774,#4882,.T.);
#4882 = LINE('',#4883,#4884);
#4883 = CARTESIAN_POINT('',(64.5,4.,10.5));
#4884 = VECTOR('',#4885,1.);
#4885 = DIRECTION('',(1.,0.,0.));
#4886 = PLANE('',#4887);
#4887 = AXIS2_PLACEMENT_3D('',#4888,#4889,#4890);
#4888 = CARTESIAN_POINT('',(43.,2.204081632653,10.5));
#4889 = DIRECTION('',(0.,0.,1.));
#4890 = DIRECTION('',(1.,0.,0.));
#4891 = ADVANCED_FACE('',(#4892),#4919,.T.);
#4892 = FACE_BOUND('',#4893,.T.);
#4893 = EDGE_LOOP('',(#4894,#4895,#4896,#4902,#4903,#4904,#4905,#4906,
    #4907,#4908,#4909,#4910,#4911,#4912,#4913,#4914,#4915,#4916,#4917,
    #4918));
#4894 = ORIENTED_EDGE('',*,*,#4788,.T.);
#4895 = ORIENTED_EDGE('',*,*,#1860,.T.);
#4896 = ORIENTED_EDGE('',*,*,#4897,.T.);
#4897 = EDGE_CURVE('',#1853,#1805,#4898,.T.);
#4898 = LINE('',#4899,#4900);
#4899 = CARTESIAN_POINT('',(0.,78.,10.5));
#4900 = VECTOR('',#4901,1.);
#4901 = DIRECTION('',(1.,0.,0.));
#4902 = ORIENTED_EDGE('',*,*,#1804,.T.);
#4903 = ORIENTED_EDGE('',*,*,#4848,.T.);
#4904 = ORIENTED_EDGE('',*,*,#3769,.T.);
#4905 = ORIENTED_EDGE('',*,*,#4727,.T.);
#4906 = ORIENTED_EDGE('',*,*,#542,.T.);
#4907 = ORIENTED_EDGE('',*,*,#4833,.T.);
#4908 = ORIENTED_EDGE('',*,*,#4057,.T.);
#4909 = ORIENTED_EDGE('',*,*,#4748,.T.);
#4910 = ORIENTED_EDGE('',*,*,#306,.T.);
#4911 = ORIENTED_EDGE('',*,*,#4818,.T.);
#4912 = ORIENTED_EDGE('',*,*,#4345,.T.);
#4913 = ORIENTED_EDGE('',*,*,#4769,.T.);
#4914 = ORIENTED_EDGE('',*,*,#70,.T.);
#4915 = ORIENTED_EDGE('',*,*,#4803,.T.);
#4916 = ORIENTED_EDGE('',*,*,#2127,.T.);
#4917 = ORIENTED_EDGE('',*,*,#1501,.T.);
#4918 = ORIENTED_EDGE('',*,*,#2110,.T.);
#4919 = PLANE('',#4920);
#4920 = AXIS2_PLACEMENT_3D('',#4921,#4922,#4923);
#4921 = CARTESIAN_POINT('',(43.,79.795918367347,10.5));
#4922 = DIRECTION('',(0.,0.,1.));
#4923 = DIRECTION('',(1.,0.,0.));
#4924 = ADVANCED_FACE('',(#4925),#5010,.T.);
#4925 = FACE_BOUND('',#4926,.T.);
#4926 = EDGE_LOOP('',(#4927,#4937,#4946,#4955,#4963,#4972,#4981,#4987,
    #4988,#4989,#4990,#4991,#4992,#4993,#4994,#5003));
#4927 = ORIENTED_EDGE('',*,*,#4928,.T.);
#4928 = EDGE_CURVE('',#4929,#4931,#4933,.T.);
#4929 = VERTEX_POINT('',#4930);
#4930 = CARTESIAN_POINT('',(65.940226909317,4.,5.375));
#4931 = VERTEX_POINT('',#4932);
#4932 = CARTESIAN_POINT('',(63.059773090683,4.,5.375));
#4933 = LINE('',#4934,#4935);
#4934 = CARTESIAN_POINT('',(64.5,4.,5.375));
#4935 = VECTOR('',#4936,1.);
#4936 = DIRECTION('',(-1.,0.,0.));
#4937 = ORIENTED_EDGE('',*,*,#4938,.F.);
#4938 = EDGE_CURVE('',#4939,#4931,#4941,.T.);
#4939 = VERTEX_POINT('',#4940);
#4940 = CARTESIAN_POINT('',(53.75,4.,-4.440892098501E-16));
#4941 = CIRCLE('',#4942,10.75);
#4942 = AXIS2_PLACEMENT_3D('',#4943,#4944,#4945);
#4943 = CARTESIAN_POINT('',(53.75,4.,10.75));
#4944 = DIRECTION('',(0.,-1.,2.22044604925E-16));
#4945 = DIRECTION('',(1.,0.,0.));
#4946 = ORIENTED_EDGE('',*,*,#4947,.F.);
#4947 = EDGE_CURVE('',#4948,#4939,#4950,.T.);
#4948 = VERTEX_POINT('',#4949);
#4949 = CARTESIAN_POINT('',(44.440226909317,4.,5.375));
#4950 = CIRCLE('',#4951,10.75);
#4951 = AXIS2_PLACEMENT_3D('',#4952,#4953,#4954);
#4952 = CARTESIAN_POINT('',(53.75,4.,10.75));
#4953 = DIRECTION('',(0.,-1.,2.22044604925E-16));
#4954 = DIRECTION('',(1.,0.,0.));
#4955 = ORIENTED_EDGE('',*,*,#4956,.T.);
#4956 = EDGE_CURVE('',#4948,#4957,#4959,.T.);
#4957 = VERTEX_POINT('',#4958);
#4958 = CARTESIAN_POINT('',(41.559773090683,4.,5.375));
#4959 = LINE('',#4960,#4961);
#4960 = CARTESIAN_POINT('',(43.,4.,5.375));
#4961 = VECTOR('',#4962,1.);
#4962 = DIRECTION('',(-1.,0.,0.));
#4963 = ORIENTED_EDGE('',*,*,#4964,.F.);
#4964 = EDGE_CURVE('',#4965,#4957,#4967,.T.);
#4965 = VERTEX_POINT('',#4966);
#4966 = CARTESIAN_POINT('',(32.25,4.,-4.440892098501E-16));
#4967 = CIRCLE('',#4968,10.75);
#4968 = AXIS2_PLACEMENT_3D('',#4969,#4970,#4971);
#4969 = CARTESIAN_POINT('',(32.25,4.,10.75));
#4970 = DIRECTION('',(0.,-1.,2.22044604925E-16));
#4971 = DIRECTION('',(1.,0.,0.));
#4972 = ORIENTED_EDGE('',*,*,#4973,.F.);
#4973 = EDGE_CURVE('',#4974,#4965,#4976,.T.);
#4974 = VERTEX_POINT('',#4975);
#4975 = CARTESIAN_POINT('',(22.940226909317,4.,5.375));
#4976 = CIRCLE('',#4977,10.75);
#4977 = AXIS2_PLACEMENT_3D('',#4978,#4979,#4980);
#4978 = CARTESIAN_POINT('',(32.25,4.,10.75));
#4979 = DIRECTION('',(0.,-1.,2.22044604925E-16));
#4980 = DIRECTION('',(1.,0.,0.));
#4981 = ORIENTED_EDGE('',*,*,#4982,.T.);
#4982 = EDGE_CURVE('',#4974,#3310,#4983,.T.);
#4983 = LINE('',#4984,#4985);
#4984 = CARTESIAN_POINT('',(21.5,4.,5.375));
#4985 = VECTOR('',#4986,1.);
#4986 = DIRECTION('',(-1.,0.,0.));
#4987 = ORIENTED_EDGE('',*,*,#3317,.F.);
#4988 = ORIENTED_EDGE('',*,*,#3326,.F.);
#4989 = ORIENTED_EDGE('',*,*,#2516,.F.);
#4990 = ORIENTED_EDGE('',*,*,#1834,.T.);
#4991 = ORIENTED_EDGE('',*,*,#4881,.T.);
#4992 = ORIENTED_EDGE('',*,*,#1771,.F.);
#4993 = ORIENTED_EDGE('',*,*,#2485,.T.);
#4994 = ORIENTED_EDGE('',*,*,#4995,.F.);
#4995 = EDGE_CURVE('',#4996,#2486,#4998,.T.);
#4996 = VERTEX_POINT('',#4997);
#4997 = CARTESIAN_POINT('',(75.25,4.,-4.440892098501E-16));
#4998 = CIRCLE('',#4999,10.75);
#4999 = AXIS2_PLACEMENT_3D('',#5000,#5001,#5002);
#5000 = CARTESIAN_POINT('',(75.25,4.,10.75));
#5001 = DIRECTION('',(0.,-1.,2.22044604925E-16));
#5002 = DIRECTION('',(1.,0.,0.));
#5003 = ORIENTED_EDGE('',*,*,#5004,.F.);
#5004 = EDGE_CURVE('',#4929,#4996,#5005,.T.);
#5005 = CIRCLE('',#5006,10.75);
#5006 = AXIS2_PLACEMENT_3D('',#5007,#5008,#5009);
#5007 = CARTESIAN_POINT('',(75.25,4.,10.75));
#5008 = DIRECTION('',(0.,-1.,2.22044604925E-16));
#5009 = DIRECTION('',(1.,0.,0.));
#5010 = PLANE('',#5011);
#5011 = AXIS2_PLACEMENT_3D('',#5012,#5013,#5014);
#5012 = CARTESIAN_POINT('',(43.,4.,6.186412166095));
#5013 = DIRECTION('',(0.,1.,0.));
#5014 = DIRECTION('',(0.,0.,1.));
#5015 = ADVANCED_FACE('',(#5016),#5041,.T.);
#5016 = FACE_BOUND('',#5017,.T.);
#5017 = EDGE_LOOP('',(#5018,#5019,#5027,#5035));
#5018 = ORIENTED_EDGE('',*,*,#4928,.F.);
#5019 = ORIENTED_EDGE('',*,*,#5020,.T.);
#5020 = EDGE_CURVE('',#4929,#5021,#5023,.T.);
#5021 = VERTEX_POINT('',#5022);
#5022 = CARTESIAN_POINT('',(65.940226909317,78.,5.375));
#5023 = LINE('',#5024,#5025);
#5024 = CARTESIAN_POINT('',(65.940226909317,1.193489751472E-15,5.375));
#5025 = VECTOR('',#5026,1.);
#5026 = DIRECTION('',(0.,1.,-2.22044604925E-16));
#5027 = ORIENTED_EDGE('',*,*,#5028,.T.);
#5028 = EDGE_CURVE('',#5021,#5029,#5031,.T.);
#5029 = VERTEX_POINT('',#5030);
#5030 = CARTESIAN_POINT('',(63.059773090683,78.,5.375));
#5031 = LINE('',#5032,#5033);
#5032 = CARTESIAN_POINT('',(64.5,78.,5.375));
#5033 = VECTOR('',#5034,1.);
#5034 = DIRECTION('',(-1.,0.,0.));
#5035 = ORIENTED_EDGE('',*,*,#5036,.F.);
#5036 = EDGE_CURVE('',#4931,#5029,#5037,.T.);
#5037 = LINE('',#5038,#5039);
#5038 = CARTESIAN_POINT('',(63.059773090683,1.193489751472E-15,5.375));
#5039 = VECTOR('',#5040,1.);
#5040 = DIRECTION('',(0.,1.,-2.22044604925E-16));
#5041 = PLANE('',#5042);
#5042 = AXIS2_PLACEMENT_3D('',#5043,#5044,#5045);
#5043 = CARTESIAN_POINT('',(64.5,41.,5.375));
#5044 = DIRECTION('',(7.561501497146E-16,2.222694500521E-16,1.));
#5045 = DIRECTION('',(1.,0.,-7.561501497146E-16));
#5046 = ADVANCED_FACE('',(#5047),#5065,.T.);
#5047 = FACE_BOUND('',#5048,.T.);
#5048 = EDGE_LOOP('',(#5049,#5050,#5058,#5064));
#5049 = ORIENTED_EDGE('',*,*,#4982,.F.);
#5050 = ORIENTED_EDGE('',*,*,#5051,.T.);
#5051 = EDGE_CURVE('',#4974,#5052,#5054,.T.);
#5052 = VERTEX_POINT('',#5053);
#5053 = CARTESIAN_POINT('',(22.940226909317,78.,5.375));
#5054 = LINE('',#5055,#5056);
#5055 = CARTESIAN_POINT('',(22.940226909317,1.193489751472E-15,5.375));
#5056 = VECTOR('',#5057,1.);
#5057 = DIRECTION('',(0.,1.,-2.22044604925E-16));
#5058 = ORIENTED_EDGE('',*,*,#5059,.T.);
#5059 = EDGE_CURVE('',#5052,#3301,#5060,.T.);
#5060 = LINE('',#5061,#5062);
#5061 = CARTESIAN_POINT('',(21.5,78.,5.375));
#5062 = VECTOR('',#5063,1.);
#5063 = DIRECTION('',(-1.,0.,0.));
#5064 = ORIENTED_EDGE('',*,*,#3309,.F.);
#5065 = PLANE('',#5066);
#5066 = AXIS2_PLACEMENT_3D('',#5067,#5068,#5069);
#5067 = CARTESIAN_POINT('',(21.5,41.,5.375));
#5068 = DIRECTION('',(7.561501497146E-16,2.222694500521E-16,1.));
#5069 = DIRECTION('',(1.,0.,-7.561501497146E-16));
#5070 = ADVANCED_FACE('',(#5071),#5096,.T.);
#5071 = FACE_BOUND('',#5072,.T.);
#5072 = EDGE_LOOP('',(#5073,#5074,#5082,#5090));
#5073 = ORIENTED_EDGE('',*,*,#4956,.F.);
#5074 = ORIENTED_EDGE('',*,*,#5075,.T.);
#5075 = EDGE_CURVE('',#4948,#5076,#5078,.T.);
#5076 = VERTEX_POINT('',#5077);
#5077 = CARTESIAN_POINT('',(44.440226909317,78.,5.375));
#5078 = LINE('',#5079,#5080);
#5079 = CARTESIAN_POINT('',(44.440226909317,1.193489751472E-15,5.375));
#5080 = VECTOR('',#5081,1.);
#5081 = DIRECTION('',(0.,1.,-2.22044604925E-16));
#5082 = ORIENTED_EDGE('',*,*,#5083,.T.);
#5083 = EDGE_CURVE('',#5076,#5084,#5086,.T.);
#5084 = VERTEX_POINT('',#5085);
#5085 = CARTESIAN_POINT('',(41.559773090683,78.,5.375));
#5086 = LINE('',#5087,#5088);
#5087 = CARTESIAN_POINT('',(43.,78.,5.375));
#5088 = VECTOR('',#5089,1.);
#5089 = DIRECTION('',(-1.,0.,0.));
#5090 = ORIENTED_EDGE('',*,*,#5091,.F.);
#5091 = EDGE_CURVE('',#4957,#5084,#5092,.T.);
#5092 = LINE('',#5093,#5094);
#5093 = CARTESIAN_POINT('',(41.559773090683,1.193489751472E-15,5.375));
#5094 = VECTOR('',#5095,1.);
#5095 = DIRECTION('',(0.,1.,-2.22044604925E-16));
#5096 = PLANE('',#5097);
#5097 = AXIS2_PLACEMENT_3D('',#5098,#5099,#5100);
#5098 = CARTESIAN_POINT('',(43.,41.,5.375));
#5099 = DIRECTION('',(7.561501497146E-16,2.222694500521E-16,1.));
#5100 = DIRECTION('',(1.,0.,-7.561501497146E-16));
#5101 = ADVANCED_FACE('',(#5102),#5162,.T.);
#5102 = FACE_BOUND('',#5103,.T.);
#5103 = EDGE_LOOP('',(#5104,#5105,#5114,#5121,#5122,#5123,#5124,#5125,
    #5126,#5127,#5128,#5129,#5138,#5145,#5146,#5155));
#5104 = ORIENTED_EDGE('',*,*,#5028,.F.);
#5105 = ORIENTED_EDGE('',*,*,#5106,.T.);
#5106 = EDGE_CURVE('',#5021,#5107,#5109,.T.);
#5107 = VERTEX_POINT('',#5108);
#5108 = CARTESIAN_POINT('',(75.25,78.,-8.659739592076E-15));
#5109 = CIRCLE('',#5110,10.75);
#5110 = AXIS2_PLACEMENT_3D('',#5111,#5112,#5113);
#5111 = CARTESIAN_POINT('',(75.25,78.,10.75));
#5112 = DIRECTION('',(0.,-1.,2.22044604925E-16));
#5113 = DIRECTION('',(1.,0.,0.));
#5114 = ORIENTED_EDGE('',*,*,#5115,.T.);
#5115 = EDGE_CURVE('',#5107,#2494,#5116,.T.);
#5116 = CIRCLE('',#5117,10.75);
#5117 = AXIS2_PLACEMENT_3D('',#5118,#5119,#5120);
#5118 = CARTESIAN_POINT('',(75.25,78.,10.75));
#5119 = DIRECTION('',(0.,-1.,2.22044604925E-16));
#5120 = DIRECTION('',(1.,0.,0.));
#5121 = ORIENTED_EDGE('',*,*,#2501,.F.);
#5122 = ORIENTED_EDGE('',*,*,#1812,.T.);
#5123 = ORIENTED_EDGE('',*,*,#4897,.F.);
#5124 = ORIENTED_EDGE('',*,*,#1852,.F.);
#5125 = ORIENTED_EDGE('',*,*,#2525,.T.);
#5126 = ORIENTED_EDGE('',*,*,#3291,.T.);
#5127 = ORIENTED_EDGE('',*,*,#3300,.T.);
#5128 = ORIENTED_EDGE('',*,*,#5059,.F.);
#5129 = ORIENTED_EDGE('',*,*,#5130,.T.);
#5130 = EDGE_CURVE('',#5052,#5131,#5133,.T.);
#5131 = VERTEX_POINT('',#5132);
#5132 = CARTESIAN_POINT('',(32.25,78.,-8.659739592076E-15));
#5133 = CIRCLE('',#5134,10.75);
#5134 = AXIS2_PLACEMENT_3D('',#5135,#5136,#5137);
#5135 = CARTESIAN_POINT('',(32.25,78.,10.75));
#5136 = DIRECTION('',(0.,-1.,2.22044604925E-16));
#5137 = DIRECTION('',(1.,0.,0.));
#5138 = ORIENTED_EDGE('',*,*,#5139,.T.);
#5139 = EDGE_CURVE('',#5131,#5084,#5140,.T.);
#5140 = CIRCLE('',#5141,10.75);
#5141 = AXIS2_PLACEMENT_3D('',#5142,#5143,#5144);
#5142 = CARTESIAN_POINT('',(32.25,78.,10.75));
#5143 = DIRECTION('',(0.,-1.,2.22044604925E-16));
#5144 = DIRECTION('',(1.,0.,0.));
#5145 = ORIENTED_EDGE('',*,*,#5083,.F.);
#5146 = ORIENTED_EDGE('',*,*,#5147,.T.);
#5147 = EDGE_CURVE('',#5076,#5148,#5150,.T.);
#5148 = VERTEX_POINT('',#5149);
#5149 = CARTESIAN_POINT('',(53.75,78.,-8.659739592076E-15));
#5150 = CIRCLE('',#5151,10.75);
#5151 = AXIS2_PLACEMENT_3D('',#5152,#5153,#5154);
#5152 = CARTESIAN_POINT('',(53.75,78.,10.75));
#5153 = DIRECTION('',(0.,-1.,2.22044604925E-16));
#5154 = DIRECTION('',(1.,0.,0.));
#5155 = ORIENTED_EDGE('',*,*,#5156,.T.);
#5156 = EDGE_CURVE('',#5148,#5029,#5157,.T.);
#5157 = CIRCLE('',#5158,10.75);
#5158 = AXIS2_PLACEMENT_3D('',#5159,#5160,#5161);
#5159 = CARTESIAN_POINT('',(53.75,78.,10.75));
#5160 = DIRECTION('',(0.,-1.,2.22044604925E-16));
#5161 = DIRECTION('',(1.,0.,0.));
#5162 = PLANE('',#5163);
#5163 = AXIS2_PLACEMENT_3D('',#5164,#5165,#5166);
#5164 = CARTESIAN_POINT('',(43.,78.,6.186412166095));
#5165 = DIRECTION('',(-0.,-1.,-0.));
#5166 = DIRECTION('',(0.,0.,-1.));
#5167 = ADVANCED_FACE('',(#5168),#5216,.F.);
#5168 = FACE_BOUND('',#5169,.T.);
#5169 = EDGE_LOOP('',(#5170,#5171,#5192,#5215));
#5170 = ORIENTED_EDGE('',*,*,#2200,.F.);
#5171 = ORIENTED_EDGE('',*,*,#5172,.T.);
#5172 = EDGE_CURVE('',#2201,#5173,#5175,.T.);
#5173 = VERTEX_POINT('',#5174);
#5174 = CARTESIAN_POINT('',(35.375,23.428571428571,0.464239211415));
#5175 = B_SPLINE_CURVE_WITH_KNOTS('',8,(#5176,#5177,#5178,#5179,#5180,
    #5181,#5182,#5183,#5184,#5185,#5186,#5187,#5188,#5189,#5190,#5191),
  .UNSPECIFIED.,.F.,.F.,(9,7,9),(0.,0.292672214385,1.),.UNSPECIFIED.);
#5176 = CARTESIAN_POINT('',(32.25,20.303571428571,-5.329070518201E-15));
#5177 = CARTESIAN_POINT('',(32.468066387819,20.303571428571,
    -5.617341193138E-15));
#5178 = CARTESIAN_POINT('',(32.684465299485,20.320962414014,
    5.055128425155E-03));
#5179 = CARTESIAN_POINT('',(32.897037339459,20.355278112993,
    1.503158366076E-02));
#5180 = CARTESIAN_POINT('',(33.103696072919,20.405636924337,
    2.952610641087E-02));
#5181 = CARTESIAN_POINT('',(33.302486805246,20.470748737195,
    4.789547426044E-02));
#5182 = CARTESIAN_POINT('',(33.491644819471,20.548915225047,
    6.93107811577E-02));
#5183 = CARTESIAN_POINT('',(33.669653071669,20.638023614125,
    9.2836501817E-02));
#5184 = CARTESIAN_POINT('',(34.235631885175,20.971196041606,
    0.177223874485));
#5185 = CARTESIAN_POINT('',(34.57195754947,21.260759226595,
    0.244980259164));
#5186 = CARTESIAN_POINT('',(34.845365861519,21.585685967396,
    0.311501460634));
#5187 = CARTESIAN_POINT('',(35.059357379337,21.933994157824,
    0.369994252018));
#5188 = CARTESIAN_POINT('',(35.217386642748,22.297400135917,
    0.416356389114));
#5189 = CARTESIAN_POINT('',(35.322152360198,22.670203388099,
    0.448182558665));
#5190 = CARTESIAN_POINT('',(35.375,23.048434026595,0.464239211415));
#5191 = CARTESIAN_POINT('',(35.375,23.428571428571,0.464239211415));
#5192 = ORIENTED_EDGE('',*,*,#5193,.T.);
#5193 = EDGE_CURVE('',#5173,#2210,#5194,.T.);
#5194 = B_SPLINE_CURVE_WITH_KNOTS('',7,(#5195,#5196,#5197,#5198,#5199,
    #5200,#5201,#5202,#5203,#5204,#5205,#5206,#5207,#5208,#5209,#5210,
    #5211,#5212,#5213,#5214),.UNSPECIFIED.,.F.,.F.,(8,6,6,8),(0.,
    0.449946172956,0.823504326655,1.),.UNSPECIFIED.);
#5195 = CARTESIAN_POINT('',(35.375,23.428571428571,0.464239211415));
#5196 = CARTESIAN_POINT('',(35.375,23.704273465863,0.464239211415));
#5197 = CARTESIAN_POINT('',(35.346622641424,23.979698815135,
    0.455617643039));
#5198 = CARTESIAN_POINT('',(35.289968188962,24.252949276188,
    0.43840507099));
#5199 = CARTESIAN_POINT('',(35.204695909705,24.522035434737,
    0.41303635407));
#5200 = CARTESIAN_POINT('',(35.0901055317,24.78467308575,0.380366707975)
  );
#5201 = CARTESIAN_POINT('',(34.945207267333,25.038004961827,
    0.341769085966));
#5202 = CARTESIAN_POINT('',(34.6224117926,25.477593348236,0.263968886085
    ));
#5203 = CARTESIAN_POINT('',(34.453653543609,25.668806669685,
    0.225827403282));
#5204 = CARTESIAN_POINT('',(34.261863635746,25.84906273763,
    0.186021498926));
#5205 = CARTESIAN_POINT('',(34.046554997587,26.015087236348,
    0.146136457917));
#5206 = CARTESIAN_POINT('',(33.807560979568,26.163033432377,
    0.108164581177));
#5207 = CARTESIAN_POINT('',(33.545221642405,26.288363157387,
    7.448828420116E-02));
#5208 = CARTESIAN_POINT('',(33.126335924166,26.431542701787,
    3.492828168541E-02));
#5209 = CARTESIAN_POINT('',(32.987159297616,26.471154478606,
    2.377119462576E-02));
#5210 = CARTESIAN_POINT('',(32.844020323898,26.503662869248,
    1.447058368139E-02));
#5211 = CARTESIAN_POINT('',(32.697795546923,26.528478231549,
    7.294579952248E-03));
#5212 = CARTESIAN_POINT('',(32.549411516593,26.545191052242,
    2.436137021793E-03));
#5213 = CARTESIAN_POINT('',(32.399824507419,26.553571428571,
    -5.527129523569E-15));
#5214 = CARTESIAN_POINT('',(32.25,26.553571428571,-5.329070518201E-15));
#5215 = ORIENTED_EDGE('',*,*,#2218,.F.);
#5216 = CYLINDRICAL_SURFACE('',#5217,3.125);
#5217 = AXIS2_PLACEMENT_3D('',#5218,#5219,#5220);
#5218 = CARTESIAN_POINT('',(32.25,23.428571428571,0.));
#5219 = DIRECTION('',(-0.,-0.,-1.));
#5220 = DIRECTION('',(1.,0.,0.));
#5221 = ADVANCED_FACE('',(#5222),#5270,.F.);
#5222 = FACE_BOUND('',#5223,.T.);
#5223 = EDGE_LOOP('',(#5224,#5225,#5246,#5269));
#5224 = ORIENTED_EDGE('',*,*,#2242,.F.);
#5225 = ORIENTED_EDGE('',*,*,#5226,.T.);
#5226 = EDGE_CURVE('',#2243,#5227,#5229,.T.);
#5227 = VERTEX_POINT('',#5228);
#5228 = CARTESIAN_POINT('',(56.875,23.428571428571,0.464239211415));
#5229 = B_SPLINE_CURVE_WITH_KNOTS('',8,(#5230,#5231,#5232,#5233,#5234,
    #5235,#5236,#5237,#5238,#5239,#5240,#5241,#5242,#5243,#5244,#5245),
  .UNSPECIFIED.,.F.,.F.,(9,7,9),(0.,0.292672214385,1.),.UNSPECIFIED.);
#5230 = CARTESIAN_POINT('',(53.75,20.303571428571,-5.329070518201E-15));
#5231 = CARTESIAN_POINT('',(53.968066387819,20.303571428571,
    -5.617341193138E-15));
#5232 = CARTESIAN_POINT('',(54.184465299485,20.320962414014,
    5.055128425155E-03));
#5233 = CARTESIAN_POINT('',(54.397037339459,20.355278112993,
    1.503158366076E-02));
#5234 = CARTESIAN_POINT('',(54.603696072919,20.405636924337,
    2.952610641087E-02));
#5235 = CARTESIAN_POINT('',(54.802486805246,20.470748737195,
    4.789547426044E-02));
#5236 = CARTESIAN_POINT('',(54.991644819471,20.548915225047,
    6.93107811577E-02));
#5237 = CARTESIAN_POINT('',(55.169653071669,20.638023614125,
    9.2836501817E-02));
#5238 = CARTESIAN_POINT('',(55.735631885175,20.971196041606,
    0.177223874485));
#5239 = CARTESIAN_POINT('',(56.07195754947,21.260759226595,
    0.244980259164));
#5240 = CARTESIAN_POINT('',(56.345365861519,21.585685967396,
    0.311501460634));
#5241 = CARTESIAN_POINT('',(56.559357379337,21.933994157824,
    0.369994252018));
#5242 = CARTESIAN_POINT('',(56.717386642748,22.297400135917,
    0.416356389114));
#5243 = CARTESIAN_POINT('',(56.822152360198,22.670203388099,
    0.448182558665));
#5244 = CARTESIAN_POINT('',(56.875,23.048434026595,0.464239211415));
#5245 = CARTESIAN_POINT('',(56.875,23.428571428571,0.464239211415));
#5246 = ORIENTED_EDGE('',*,*,#5247,.T.);
#5247 = EDGE_CURVE('',#5227,#2252,#5248,.T.);
#5248 = B_SPLINE_CURVE_WITH_KNOTS('',7,(#5249,#5250,#5251,#5252,#5253,
    #5254,#5255,#5256,#5257,#5258,#5259,#5260,#5261,#5262,#5263,#5264,
    #5265,#5266,#5267,#5268),.UNSPECIFIED.,.F.,.F.,(8,6,6,8),(0.,
    0.449946172956,0.823504326655,1.),.UNSPECIFIED.);
#5249 = CARTESIAN_POINT('',(56.875,23.428571428571,0.464239211415));
#5250 = CARTESIAN_POINT('',(56.875,23.704273465863,0.464239211415));
#5251 = CARTESIAN_POINT('',(56.846622641424,23.979698815135,
    0.455617643039));
#5252 = CARTESIAN_POINT('',(56.789968188962,24.252949276188,
    0.43840507099));
#5253 = CARTESIAN_POINT('',(56.704695909705,24.522035434737,
    0.41303635407));
#5254 = CARTESIAN_POINT('',(56.5901055317,24.78467308575,0.380366707975)
  );
#5255 = CARTESIAN_POINT('',(56.445207267333,25.038004961827,
    0.341769085966));
#5256 = CARTESIAN_POINT('',(56.1224117926,25.477593348236,0.263968886085
    ));
#5257 = CARTESIAN_POINT('',(55.953653543609,25.668806669685,
    0.225827403282));
#5258 = CARTESIAN_POINT('',(55.761863635746,25.84906273763,
    0.186021498926));
#5259 = CARTESIAN_POINT('',(55.546554997587,26.015087236348,
    0.146136457917));
#5260 = CARTESIAN_POINT('',(55.307560979568,26.163033432377,
    0.108164581177));
#5261 = CARTESIAN_POINT('',(55.045221642405,26.288363157387,
    7.448828420116E-02));
#5262 = CARTESIAN_POINT('',(54.626335924166,26.431542701787,
    3.492828168541E-02));
#5263 = CARTESIAN_POINT('',(54.487159297616,26.471154478606,
    2.377119462576E-02));
#5264 = CARTESIAN_POINT('',(54.344020323898,26.503662869248,
    1.447058368139E-02));
#5265 = CARTESIAN_POINT('',(54.197795546923,26.528478231549,
    7.294579952248E-03));
#5266 = CARTESIAN_POINT('',(54.049411516593,26.545191052242,
    2.436137021793E-03));
#5267 = CARTESIAN_POINT('',(53.899824507419,26.553571428571,
    -5.527129523569E-15));
#5268 = CARTESIAN_POINT('',(53.75,26.553571428571,-5.329070518201E-15));
#5269 = ORIENTED_EDGE('',*,*,#2260,.F.);
#5270 = CYLINDRICAL_SURFACE('',#5271,3.125);
#5271 = AXIS2_PLACEMENT_3D('',#5272,#5273,#5274);
#5272 = CARTESIAN_POINT('',(53.75,23.428571428571,0.));
#5273 = DIRECTION('',(-0.,-0.,-1.));
#5274 = DIRECTION('',(1.,0.,0.));
#5275 = ADVANCED_FACE('',(#5276),#5324,.F.);
#5276 = FACE_BOUND('',#5277,.T.);
#5277 = EDGE_LOOP('',(#5278,#5279,#5300,#5323));
#5278 = ORIENTED_EDGE('',*,*,#2284,.F.);
#5279 = ORIENTED_EDGE('',*,*,#5280,.T.);
#5280 = EDGE_CURVE('',#2285,#5281,#5283,.T.);
#5281 = VERTEX_POINT('',#5282);
#5282 = CARTESIAN_POINT('',(78.375,23.428571428571,0.464239211415));
#5283 = B_SPLINE_CURVE_WITH_KNOTS('',8,(#5284,#5285,#5286,#5287,#5288,
    #5289,#5290,#5291,#5292,#5293,#5294,#5295,#5296,#5297,#5298,#5299),
  .UNSPECIFIED.,.F.,.F.,(9,7,9),(0.,0.292672214385,1.),.UNSPECIFIED.);
#5284 = CARTESIAN_POINT('',(75.25,20.303571428571,-5.329070518201E-15));
#5285 = CARTESIAN_POINT('',(75.468066387819,20.303571428571,
    -5.617341193138E-15));
#5286 = CARTESIAN_POINT('',(75.684465299485,20.320962414014,
    5.055128425154E-03));
#5287 = CARTESIAN_POINT('',(75.897037339459,20.355278112993,
    1.503158366076E-02));
#5288 = CARTESIAN_POINT('',(76.103696072919,20.405636924337,
    2.952610641087E-02));
#5289 = CARTESIAN_POINT('',(76.302486805246,20.470748737195,
    4.789547426044E-02));
#5290 = CARTESIAN_POINT('',(76.491644819471,20.548915225047,
    6.93107811577E-02));
#5291 = CARTESIAN_POINT('',(76.669653071669,20.638023614125,
    9.2836501817E-02));
#5292 = CARTESIAN_POINT('',(77.235631885175,20.971196041606,
    0.177223874485));
#5293 = CARTESIAN_POINT('',(77.57195754947,21.260759226595,
    0.244980259164));
#5294 = CARTESIAN_POINT('',(77.845365861517,21.585685967396,
    0.311501460634));
#5295 = CARTESIAN_POINT('',(78.059357379339,21.933994157824,
    0.369994252018));
#5296 = CARTESIAN_POINT('',(78.217386642747,22.297400135917,
    0.416356389114));
#5297 = CARTESIAN_POINT('',(78.322152360198,22.670203388099,
    0.448182558665));
#5298 = CARTESIAN_POINT('',(78.375,23.048434026595,0.464239211415));
#5299 = CARTESIAN_POINT('',(78.375,23.428571428571,0.464239211415));
#5300 = ORIENTED_EDGE('',*,*,#5301,.T.);
#5301 = EDGE_CURVE('',#5281,#2294,#5302,.T.);
#5302 = B_SPLINE_CURVE_WITH_KNOTS('',7,(#5303,#5304,#5305,#5306,#5307,
    #5308,#5309,#5310,#5311,#5312,#5313,#5314,#5315,#5316,#5317,#5318,
    #5319,#5320,#5321,#5322),.UNSPECIFIED.,.F.,.F.,(8,6,6,8),(0.,
    0.449946172943,0.823504326651,1.),.UNSPECIFIED.);
#5303 = CARTESIAN_POINT('',(78.375,23.428571428571,0.464239211415));
#5304 = CARTESIAN_POINT('',(78.375,23.704273465863,0.464239211415));
#5305 = CARTESIAN_POINT('',(78.346622641424,23.979698815135,
    0.455617643039));
#5306 = CARTESIAN_POINT('',(78.289968188962,24.252949276187,
    0.43840507099));
#5307 = CARTESIAN_POINT('',(78.204695909705,24.522035434737,
    0.41303635407));
#5308 = CARTESIAN_POINT('',(78.0901055317,24.78467308575,0.380366707975)
  );
#5309 = CARTESIAN_POINT('',(77.945207267333,25.038004961827,
    0.341769085966));
#5310 = CARTESIAN_POINT('',(77.622411792592,25.477593348246,
    0.263968886083));
#5311 = CARTESIAN_POINT('',(77.453653543608,25.668806669684,
    0.225827403282));
#5312 = CARTESIAN_POINT('',(77.261863635753,25.849062737622,
    0.186021498928));
#5313 = CARTESIAN_POINT('',(77.046554997596,26.015087236345,
    0.146136457919));
#5314 = CARTESIAN_POINT('',(76.807560979567,26.16303343238,
    0.108164581177));
#5315 = CARTESIAN_POINT('',(76.545221642393,26.288363157391,
    7.448828420003E-02));
#5316 = CARTESIAN_POINT('',(76.126335924172,26.431542701785,
    3.492828168594E-02));
#5317 = CARTESIAN_POINT('',(75.987159297617,26.471154478607,
    2.377119462567E-02));
#5318 = CARTESIAN_POINT('',(75.844020323893,26.50366286925,
    1.447058368103E-02));
#5319 = CARTESIAN_POINT('',(75.697795546919,26.528478231549,
    7.294579952163E-03));
#5320 = CARTESIAN_POINT('',(75.549411516593,26.545191052241,
    2.436137021971E-03));
#5321 = CARTESIAN_POINT('',(75.399824507424,26.553571428571,
    -5.527129523576E-15));
#5322 = CARTESIAN_POINT('',(75.25,26.553571428571,-5.329070518201E-15));
#5323 = ORIENTED_EDGE('',*,*,#2302,.F.);
#5324 = CYLINDRICAL_SURFACE('',#5325,3.125);
#5325 = AXIS2_PLACEMENT_3D('',#5326,#5327,#5328);
#5326 = CARTESIAN_POINT('',(75.25,23.428571428571,0.));
#5327 = DIRECTION('',(-0.,-0.,-1.));
#5328 = DIRECTION('',(1.,0.,0.));
#5329 = ADVANCED_FACE('',(#5330),#5378,.F.);
#5330 = FACE_BOUND('',#5331,.T.);
#5331 = EDGE_LOOP('',(#5332,#5333,#5354,#5377));
#5332 = ORIENTED_EDGE('',*,*,#2368,.F.);
#5333 = ORIENTED_EDGE('',*,*,#5334,.T.);
#5334 = EDGE_CURVE('',#2369,#5335,#5337,.T.);
#5335 = VERTEX_POINT('',#5336);
#5336 = CARTESIAN_POINT('',(35.375,58.571428571429,0.464239211415));
#5337 = B_SPLINE_CURVE_WITH_KNOTS('',8,(#5338,#5339,#5340,#5341,#5342,
    #5343,#5344,#5345,#5346,#5347,#5348,#5349,#5350,#5351,#5352,#5353),
  .UNSPECIFIED.,.F.,.F.,(9,7,9),(0.,0.292672214359,1.),.UNSPECIFIED.);
#5338 = CARTESIAN_POINT('',(32.25,55.446428571429,-1.24344978758E-14));
#5339 = CARTESIAN_POINT('',(32.468066387844,55.446428571429,
    -1.272276855077E-14));
#5340 = CARTESIAN_POINT('',(32.684465299495,55.463819556875,
    5.055128426315E-03));
#5341 = CARTESIAN_POINT('',(32.897037339447,55.498135255851,
    1.503158366089E-02));
#5342 = CARTESIAN_POINT('',(33.103696072897,55.548494067188,
    2.952610640912E-02));
#5343 = CARTESIAN_POINT('',(33.302486805234,55.613605880045,
    4.789547425844E-02));
#5344 = CARTESIAN_POINT('',(33.491644819479,55.691772367905,
    6.931078115809E-02));
#5345 = CARTESIAN_POINT('',(33.66965307169,55.780880756995,
    9.283650182017E-02));
#5346 = CARTESIAN_POINT('',(34.235631885175,56.114053184463,
    0.177223874485));
#5347 = CARTESIAN_POINT('',(34.57195754947,56.403616369453,
    0.244980259164));
#5348 = CARTESIAN_POINT('',(34.845365861518,56.728543110253,
    0.311501460634));
#5349 = CARTESIAN_POINT('',(35.059357379338,57.076851300681,
    0.369994252018));
#5350 = CARTESIAN_POINT('',(35.217386642748,57.440257278774,
    0.416356389114));
#5351 = CARTESIAN_POINT('',(35.322152360198,57.813060530956,
    0.448182558665));
#5352 = CARTESIAN_POINT('',(35.375,58.191291169452,0.464239211415));
#5353 = CARTESIAN_POINT('',(35.375,58.571428571429,0.464239211415));
#5354 = ORIENTED_EDGE('',*,*,#5355,.T.);
#5355 = EDGE_CURVE('',#5335,#2378,#5356,.T.);
#5356 = B_SPLINE_CURVE_WITH_KNOTS('',7,(#5357,#5358,#5359,#5360,#5361,
    #5362,#5363,#5364,#5365,#5366,#5367,#5368,#5369,#5370,#5371,#5372,
    #5373,#5374,#5375,#5376),.UNSPECIFIED.,.F.,.F.,(8,6,6,8),(0.,
    0.449946172929,0.823504326625,1.),.UNSPECIFIED.);
#5357 = CARTESIAN_POINT('',(35.375,58.571428571429,0.464239211415));
#5358 = CARTESIAN_POINT('',(35.375,58.84713060872,0.464239211415));
#5359 = CARTESIAN_POINT('',(35.346622641424,59.122555957992,
    0.455617643039));
#5360 = CARTESIAN_POINT('',(35.289968188962,59.395806419044,
    0.43840507099));
#5361 = CARTESIAN_POINT('',(35.204695909705,59.664892577594,
    0.413036354069));
#5362 = CARTESIAN_POINT('',(35.0901055317,59.927530228607,0.380366707975
    ));
#5363 = CARTESIAN_POINT('',(34.945207267333,60.180862104684,
    0.341769085966));
#5364 = CARTESIAN_POINT('',(34.622411792592,60.620450491104,
    0.263968886083));
#5365 = CARTESIAN_POINT('',(34.453653543608,60.811663812541,
    0.225827403282));
#5366 = CARTESIAN_POINT('',(34.261863635753,60.99191988048,
    0.186021498928));
#5367 = CARTESIAN_POINT('',(34.046554997596,61.157944379201,
    0.146136457919));
#5368 = CARTESIAN_POINT('',(33.807560979567,61.305890575238,
    0.108164581177));
#5369 = CARTESIAN_POINT('',(33.545221642393,61.431220300248,
    7.448828420003E-02));
#5370 = CARTESIAN_POINT('',(33.126335924148,61.57439984465,
    3.49282816837E-02));
#5371 = CARTESIAN_POINT('',(32.987159297613,61.614011621462,
    2.377119462604E-02));
#5372 = CARTESIAN_POINT('',(32.844020323911,61.646520012102,
    1.447058368251E-02));
#5373 = CARTESIAN_POINT('',(32.697795546938,61.671335374405,
    7.294579952513E-03));
#5374 = CARTESIAN_POINT('',(32.549411516591,61.688048195101,
    2.436137021219E-03));
#5375 = CARTESIAN_POINT('',(32.399824507402,61.696428571429,
    -1.352073530085E-14));
#5376 = CARTESIAN_POINT('',(32.25,61.696428571429,-1.33226762955E-14));
#5377 = ORIENTED_EDGE('',*,*,#2386,.F.);
#5378 = CYLINDRICAL_SURFACE('',#5379,3.125);
#5379 = AXIS2_PLACEMENT_3D('',#5380,#5381,#5382);
#5380 = CARTESIAN_POINT('',(32.25,58.571428571429,0.));
#5381 = DIRECTION('',(-0.,-0.,-1.));
#5382 = DIRECTION('',(1.,0.,0.));
#5383 = ADVANCED_FACE('',(#5384),#5432,.F.);
#5384 = FACE_BOUND('',#5385,.T.);
#5385 = EDGE_LOOP('',(#5386,#5387,#5408,#5431));
#5386 = ORIENTED_EDGE('',*,*,#2410,.F.);
#5387 = ORIENTED_EDGE('',*,*,#5388,.T.);
#5388 = EDGE_CURVE('',#2411,#5389,#5391,.T.);
#5389 = VERTEX_POINT('',#5390);
#5390 = CARTESIAN_POINT('',(56.875,58.571428571429,0.464239211415));
#5391 = B_SPLINE_CURVE_WITH_KNOTS('',8,(#5392,#5393,#5394,#5395,#5396,
    #5397,#5398,#5399,#5400,#5401,#5402,#5403,#5404,#5405,#5406,#5407),
  .UNSPECIFIED.,.F.,.F.,(9,7,9),(0.,0.292672214359,1.),.UNSPECIFIED.);
#5392 = CARTESIAN_POINT('',(53.75,55.446428571429,-1.24344978758E-14));
#5393 = CARTESIAN_POINT('',(53.968066387844,55.446428571429,
    -1.272276855077E-14));
#5394 = CARTESIAN_POINT('',(54.184465299495,55.463819556875,
    5.055128426315E-03));
#5395 = CARTESIAN_POINT('',(54.397037339447,55.498135255851,
    1.503158366089E-02));
#5396 = CARTESIAN_POINT('',(54.603696072897,55.548494067188,
    2.952610640912E-02));
#5397 = CARTESIAN_POINT('',(54.802486805234,55.613605880045,
    4.789547425844E-02));
#5398 = CARTESIAN_POINT('',(54.991644819479,55.691772367905,
    6.931078115809E-02));
#5399 = CARTESIAN_POINT('',(55.16965307169,55.780880756995,
    9.283650182017E-02));
#5400 = CARTESIAN_POINT('',(55.735631885175,56.114053184463,
    0.177223874485));
#5401 = CARTESIAN_POINT('',(56.07195754947,56.403616369453,
    0.244980259164));
#5402 = CARTESIAN_POINT('',(56.345365861518,56.728543110253,
    0.311501460634));
#5403 = CARTESIAN_POINT('',(56.559357379338,57.076851300681,
    0.369994252018));
#5404 = CARTESIAN_POINT('',(56.717386642748,57.440257278774,
    0.416356389114));
#5405 = CARTESIAN_POINT('',(56.822152360198,57.813060530956,
    0.448182558665));
#5406 = CARTESIAN_POINT('',(56.875,58.191291169452,0.464239211415));
#5407 = CARTESIAN_POINT('',(56.875,58.571428571429,0.464239211415));
#5408 = ORIENTED_EDGE('',*,*,#5409,.T.);
#5409 = EDGE_CURVE('',#5389,#2420,#5410,.T.);
#5410 = B_SPLINE_CURVE_WITH_KNOTS('',7,(#5411,#5412,#5413,#5414,#5415,
    #5416,#5417,#5418,#5419,#5420,#5421,#5422,#5423,#5424,#5425,#5426,
    #5427,#5428,#5429,#5430),.UNSPECIFIED.,.F.,.F.,(8,6,6,8),(0.,
    0.449946172929,0.823504326625,1.),.UNSPECIFIED.);
#5411 = CARTESIAN_POINT('',(56.875,58.571428571429,0.464239211415));
#5412 = CARTESIAN_POINT('',(56.875,58.84713060872,0.464239211415));
#5413 = CARTESIAN_POINT('',(56.846622641424,59.122555957992,
    0.455617643039));
#5414 = CARTESIAN_POINT('',(56.789968188962,59.395806419044,
    0.43840507099));
#5415 = CARTESIAN_POINT('',(56.704695909705,59.664892577594,
    0.413036354069));
#5416 = CARTESIAN_POINT('',(56.5901055317,59.927530228607,0.380366707975
    ));
#5417 = CARTESIAN_POINT('',(56.445207267333,60.180862104684,
    0.341769085966));
#5418 = CARTESIAN_POINT('',(56.122411792592,60.620450491104,
    0.263968886083));
#5419 = CARTESIAN_POINT('',(55.953653543608,60.811663812541,
    0.225827403282));
#5420 = CARTESIAN_POINT('',(55.761863635753,60.99191988048,
    0.186021498928));
#5421 = CARTESIAN_POINT('',(55.546554997596,61.157944379201,
    0.146136457919));
#5422 = CARTESIAN_POINT('',(55.307560979567,61.305890575238,
    0.108164581177));
#5423 = CARTESIAN_POINT('',(55.045221642393,61.431220300248,
    7.448828420003E-02));
#5424 = CARTESIAN_POINT('',(54.626335924148,61.57439984465,
    3.49282816837E-02));
#5425 = CARTESIAN_POINT('',(54.487159297613,61.614011621462,
    2.377119462604E-02));
#5426 = CARTESIAN_POINT('',(54.344020323911,61.646520012102,
    1.447058368251E-02));
#5427 = CARTESIAN_POINT('',(54.197795546938,61.671335374405,
    7.294579952513E-03));
#5428 = CARTESIAN_POINT('',(54.049411516591,61.688048195101,
    2.436137021219E-03));
#5429 = CARTESIAN_POINT('',(53.899824507402,61.696428571429,
    -1.352073530085E-14));
#5430 = CARTESIAN_POINT('',(53.75,61.696428571429,-1.33226762955E-14));
#5431 = ORIENTED_EDGE('',*,*,#2428,.F.);
#5432 = CYLINDRICAL_SURFACE('',#5433,3.125);
#5433 = AXIS2_PLACEMENT_3D('',#5434,#5435,#5436);
#5434 = CARTESIAN_POINT('',(53.75,58.571428571429,0.));
#5435 = DIRECTION('',(-0.,-0.,-1.));
#5436 = DIRECTION('',(1.,0.,0.));
#5437 = ADVANCED_FACE('',(#5438),#5486,.F.);
#5438 = FACE_BOUND('',#5439,.T.);
#5439 = EDGE_LOOP('',(#5440,#5441,#5462,#5485));
#5440 = ORIENTED_EDGE('',*,*,#2452,.F.);
#5441 = ORIENTED_EDGE('',*,*,#5442,.T.);
#5442 = EDGE_CURVE('',#2453,#5443,#5445,.T.);
#5443 = VERTEX_POINT('',#5444);
#5444 = CARTESIAN_POINT('',(78.375,58.571428571429,0.464239211415));
#5445 = B_SPLINE_CURVE_WITH_KNOTS('',8,(#5446,#5447,#5448,#5449,#5450,
    #5451,#5452,#5453,#5454,#5455,#5456,#5457,#5458,#5459,#5460,#5461),
  .UNSPECIFIED.,.F.,.F.,(9,7,9),(0.,0.292672214359,1.),.UNSPECIFIED.);
#5446 = CARTESIAN_POINT('',(75.25,55.446428571429,-1.24344978758E-14));
#5447 = CARTESIAN_POINT('',(75.468066387844,55.446428571429,
    -1.272276855077E-14));
#5448 = CARTESIAN_POINT('',(75.684465299495,55.463819556875,
    5.055128426316E-03));
#5449 = CARTESIAN_POINT('',(75.897037339447,55.498135255851,
    1.503158366089E-02));
#5450 = CARTESIAN_POINT('',(76.103696072897,55.548494067188,
    2.952610640912E-02));
#5451 = CARTESIAN_POINT('',(76.302486805234,55.613605880045,
    4.789547425844E-02));
#5452 = CARTESIAN_POINT('',(76.491644819479,55.691772367905,
    6.93107811581E-02));
#5453 = CARTESIAN_POINT('',(76.66965307169,55.780880756995,
    9.283650182017E-02));
#5454 = CARTESIAN_POINT('',(77.235631885175,56.114053184463,
    0.177223874485));
#5455 = CARTESIAN_POINT('',(77.571957549468,56.403616369452,
    0.244980259163));
#5456 = CARTESIAN_POINT('',(77.845365861521,56.728543110253,
    0.311501460635));
#5457 = CARTESIAN_POINT('',(78.059357379334,57.076851300681,
    0.369994252018));
#5458 = CARTESIAN_POINT('',(78.21738664275,57.440257278773,
    0.416356389114));
#5459 = CARTESIAN_POINT('',(78.322152360197,57.813060530957,
    0.448182558665));
#5460 = CARTESIAN_POINT('',(78.375,58.191291169452,0.464239211415));
#5461 = CARTESIAN_POINT('',(78.375,58.571428571429,0.464239211415));
#5462 = ORIENTED_EDGE('',*,*,#5463,.T.);
#5463 = EDGE_CURVE('',#5443,#2462,#5464,.T.);
#5464 = B_SPLINE_CURVE_WITH_KNOTS('',7,(#5465,#5466,#5467,#5468,#5469,
    #5470,#5471,#5472,#5473,#5474,#5475,#5476,#5477,#5478,#5479,#5480,
    #5481,#5482,#5483,#5484),.UNSPECIFIED.,.F.,.F.,(8,6,6,8),(0.,
    0.449946165349,0.823504321475,1.),.UNSPECIFIED.);
#5465 = CARTESIAN_POINT('',(78.375,58.571428571429,0.464239211415));
#5466 = CARTESIAN_POINT('',(78.375,58.84713060872,0.464239211415));
#5467 = CARTESIAN_POINT('',(78.346622641424,59.122555957993,
    0.455617643039));
#5468 = CARTESIAN_POINT('',(78.289968188963,59.395806419043,
    0.43840507099));
#5469 = CARTESIAN_POINT('',(78.204695909704,59.664892577596,
    0.413036354069));
#5470 = CARTESIAN_POINT('',(78.0901055317,59.927530228607,0.380366707975
    ));
#5471 = CARTESIAN_POINT('',(77.945207267333,60.180862104684,
    0.341769085966));
#5472 = CARTESIAN_POINT('',(77.622411789173,60.62045049576,
    0.263968885259));
#5473 = CARTESIAN_POINT('',(77.453653550544,60.81166380073,
    0.225827405341));
#5474 = CARTESIAN_POINT('',(77.261863635823,60.991919891146,
    0.186021497344));
#5475 = CARTESIAN_POINT('',(77.046554983712,61.157944378298,
    0.146136457401));
#5476 = CARTESIAN_POINT('',(76.807560995728,61.305890570834,
    0.108164582577));
#5477 = CARTESIAN_POINT('',(76.545221635844,61.431220302487,
    7.448828358157E-02));
#5478 = CARTESIAN_POINT('',(76.126335924195,61.574399844634,
    3.492828168811E-02));
#5479 = CARTESIAN_POINT('',(75.987159297621,61.614011621465,
    2.377119462531E-02));
#5480 = CARTESIAN_POINT('',(75.844020323876,61.646520012112,
    1.447058367958E-02));
#5481 = CARTESIAN_POINT('',(75.6977955469,61.671335374407,
    7.294579951793E-03));
#5482 = CARTESIAN_POINT('',(75.549411516595,61.688048195096,
    2.436137022697E-03));
#5483 = CARTESIAN_POINT('',(75.399824507446,61.696428571429,
    -1.352073530091E-14));
#5484 = CARTESIAN_POINT('',(75.25,61.696428571429,-1.33226762955E-14));
#5485 = ORIENTED_EDGE('',*,*,#2470,.F.);
#5486 = CYLINDRICAL_SURFACE('',#5487,3.125);
#5487 = AXIS2_PLACEMENT_3D('',#5488,#5489,#5490);
#5488 = CARTESIAN_POINT('',(75.25,58.571428571429,0.));
#5489 = DIRECTION('',(-0.,-0.,-1.));
#5490 = DIRECTION('',(1.,0.,0.));
#5491 = ADVANCED_FACE('',(#5492,#5500,#5505),#5510,.F.);
#5492 = FACE_BOUND('',#5493,.F.);
#5493 = EDGE_LOOP('',(#5494,#5495,#5496,#5497,#5498,#5499));
#5494 = ORIENTED_EDGE('',*,*,#2493,.F.);
#5495 = ORIENTED_EDGE('',*,*,#4995,.F.);
#5496 = ORIENTED_EDGE('',*,*,#5004,.F.);
#5497 = ORIENTED_EDGE('',*,*,#5020,.T.);
#5498 = ORIENTED_EDGE('',*,*,#5106,.T.);
#5499 = ORIENTED_EDGE('',*,*,#5115,.T.);
#5500 = FACE_BOUND('',#5501,.F.);
#5501 = EDGE_LOOP('',(#5502,#5503,#5504));
#5502 = ORIENTED_EDGE('',*,*,#5463,.T.);
#5503 = ORIENTED_EDGE('',*,*,#3243,.T.);
#5504 = ORIENTED_EDGE('',*,*,#5442,.T.);
#5505 = FACE_BOUND('',#5506,.F.);
#5506 = EDGE_LOOP('',(#5507,#5508,#5509));
#5507 = ORIENTED_EDGE('',*,*,#5301,.T.);
#5508 = ORIENTED_EDGE('',*,*,#2871,.T.);
#5509 = ORIENTED_EDGE('',*,*,#5280,.T.);
#5510 = CYLINDRICAL_SURFACE('',#5511,10.75);
#5511 = AXIS2_PLACEMENT_3D('',#5512,#5513,#5514);
#5512 = CARTESIAN_POINT('',(75.25,2.386979502944E-15,10.75));
#5513 = DIRECTION('',(0.,-1.,2.22044604925E-16));
#5514 = DIRECTION('',(1.,0.,0.));
#5515 = ADVANCED_FACE('',(#5516,#5524,#5529),#5534,.F.);
#5516 = FACE_BOUND('',#5517,.F.);
#5517 = EDGE_LOOP('',(#5518,#5519,#5520,#5521,#5522,#5523));
#5518 = ORIENTED_EDGE('',*,*,#5091,.F.);
#5519 = ORIENTED_EDGE('',*,*,#4964,.F.);
#5520 = ORIENTED_EDGE('',*,*,#4973,.F.);
#5521 = ORIENTED_EDGE('',*,*,#5051,.T.);
#5522 = ORIENTED_EDGE('',*,*,#5130,.T.);
#5523 = ORIENTED_EDGE('',*,*,#5139,.T.);
#5524 = FACE_BOUND('',#5525,.F.);
#5525 = EDGE_LOOP('',(#5526,#5527,#5528));
#5526 = ORIENTED_EDGE('',*,*,#5355,.T.);
#5527 = ORIENTED_EDGE('',*,*,#3145,.T.);
#5528 = ORIENTED_EDGE('',*,*,#5334,.T.);
#5529 = FACE_BOUND('',#5530,.F.);
#5530 = EDGE_LOOP('',(#5531,#5532,#5533));
#5531 = ORIENTED_EDGE('',*,*,#5193,.T.);
#5532 = ORIENTED_EDGE('',*,*,#2773,.T.);
#5533 = ORIENTED_EDGE('',*,*,#5172,.T.);
#5534 = CYLINDRICAL_SURFACE('',#5535,10.75);
#5535 = AXIS2_PLACEMENT_3D('',#5536,#5537,#5538);
#5536 = CARTESIAN_POINT('',(32.25,2.386979502944E-15,10.75));
#5537 = DIRECTION('',(0.,-1.,2.22044604925E-16));
#5538 = DIRECTION('',(1.,0.,0.));
#5539 = ADVANCED_FACE('',(#5540,#5548,#5553),#5558,.F.);
#5540 = FACE_BOUND('',#5541,.F.);
#5541 = EDGE_LOOP('',(#5542,#5543,#5544,#5545,#5546,#5547));
#5542 = ORIENTED_EDGE('',*,*,#5147,.T.);
#5543 = ORIENTED_EDGE('',*,*,#5156,.T.);
#5544 = ORIENTED_EDGE('',*,*,#5036,.F.);
#5545 = ORIENTED_EDGE('',*,*,#4938,.F.);
#5546 = ORIENTED_EDGE('',*,*,#4947,.F.);
#5547 = ORIENTED_EDGE('',*,*,#5075,.T.);
#5548 = FACE_BOUND('',#5549,.F.);
#5549 = EDGE_LOOP('',(#5550,#5551,#5552));
#5550 = ORIENTED_EDGE('',*,*,#5388,.T.);
#5551 = ORIENTED_EDGE('',*,*,#5409,.T.);
#5552 = ORIENTED_EDGE('',*,*,#3194,.T.);
#5553 = FACE_BOUND('',#5554,.F.);
#5554 = EDGE_LOOP('',(#5555,#5556,#5557));
#5555 = ORIENTED_EDGE('',*,*,#5226,.T.);
#5556 = ORIENTED_EDGE('',*,*,#5247,.T.);
#5557 = ORIENTED_EDGE('',*,*,#2822,.T.);
#5558 = CYLINDRICAL_SURFACE('',#5559,10.75);
#5559 = AXIS2_PLACEMENT_3D('',#5560,#5561,#5562);
#5560 = CARTESIAN_POINT('',(53.75,2.386979502944E-15,10.75));
#5561 = DIRECTION('',(0.,-1.,2.22044604925E-16));
#5562 = DIRECTION('',(1.,0.,0.));
#5563 = ( GEOMETRIC_REPRESENTATION_CONTEXT(3) 
GLOBAL_UNCERTAINTY_ASSIGNED_CONTEXT((#5567)) 
GLOBAL_UNIT_ASSIGNED_CONTEXT((#5564,#5565,#5566)) REPRESENTATION_CONTEXT
('Context #1','3D Context with UNIT and UNCERTAINTY') );
#5564 = ( LENGTH_UNIT() NAMED_UNIT(*) SI_UNIT(.MILLI.,.METRE.) );
#5565 = ( NAMED_UNIT(*) PLANE_ANGLE_UNIT() SI_UNIT($,.RADIAN.) );
#5566 = ( NAMED_UNIT(*) SI_UNIT($,.STERADIAN.) SOLID_ANGLE_UNIT() );
#5567 = UNCERTAINTY_MEASURE_WITH_UNIT(LENGTH_MEASURE(1.E-04),#5564,
  'distance_accuracy_value','confusion accuracy');
#5568 = PRODUCT_RELATED_PRODUCT_CATEGORY('part',$,(#7));
#5569 = MECHANICAL_DESIGN_GEOMETRIC_PRESENTATION_REPRESENTATION('',(
    #5570),#5563);
#5570 = STYLED_ITEM('color',(#5571),#15);
#5571 = PRESENTATION_STYLE_ASSIGNMENT((#5572,#5578));
#5572 = SURFACE_STYLE_USAGE(.BOTH.,#5573);
#5573 = SURFACE_SIDE_STYLE('',(#5574));
#5574 = SURFACE_STYLE_FILL_AREA(#5575);
#5575 = FILL_AREA_STYLE('',(#5576));
#5576 = FILL_AREA_STYLE_COLOUR('',#5577);
#5577 = COLOUR_RGB('',0.843137261657,0.360784317039,0.396078428884);
#5578 = CURVE_STYLE('',#5579,POSITIVE_LENGTH_MEASURE(0.1),#5580);
#5579 = DRAUGHTING_PRE_DEFINED_CURVE_FONT('continuous');
#5580 = COLOUR_RGB('',9.803921802644E-02,9.803921802644E-02,
  9.803921802644E-02);
ENDSEC;
END-ISO-10303-21;
